label,n,trial,crossed,ckpt,rec4,rec15,sun4_mean,sun4_median,sun15_mean,sun15_median,gc15_mean,gc15_median,acc_b0.5_mean,acc_b0.5_median,acc_b2.0_mean,acc_b2.0_median,acc_b4.0_mean,acc_b4.0_median,rho_gauss_b0.5,rho_gauss_b2.0,rho_gauss_b4.0,rho_sun,dex_b0.5,negfrac_b0.5,dex_b2.0,negfrac_b2.0,dex_b4.0,negfrac_b4.0,rhotot_err_b0.5,rhodm_err_b0.5,rhotot_err_b2.0,rhodm_err_b2.0,rhotot_err_b4.0,rhodm_err_b4.0,sun_off_mmsyr,sun_off_rel,grec4,grec15,gsun4_mean,gsun4_median,gsun15_mean,gsun15_median,ggc15_mean,ggc15_median,gacc_b0.5_mean,gacc_b0.5_median,gacc_b2.0_mean,gacc_b2.0_median,gacc_b4.0_mean,gacc_b4.0_median,e_chi
a_uniform_abs,50,0,True,experiments/repeating_with_rejectancesampling/results/nn_uniform_hetW_n50_t0.pkl,0.09860313454341885,0.16698408797782816,0.09987478574215006,0.09863266299198799,0.17049952738565904,0.1283222227053082,0.1743602862748575,0.13207789522558044,0.06357389621286719,0.06348442993347925,0.09536106310838532,0.09358415715574153,0.1023743428846797,0.10004654799511199,0.02619434690609387,0.02626525679117124,0.026143193794779584,0.026190273463726044,0.09194929169354103,0.0,0.142775235594679,0.0,0.1399656609704351,0.0,-14.385744045152496,-41.45973266803205,-15.328908554125796,-47.596282606033036,10.760864746037102,25.920578309259614,0.43312649807293635,0.05970427205272935,0.10089862668588842,0.16744918695264802,0.1017172265141827,0.10073367029361138,0.17058243243553395,0.12587346653532133,0.17741130741996963,0.13797476772446246,0.04065320665080383,0.03694344063299028,0.08555127610811204,0.07169425061302476,0.09005309762452195,0.08661825172229665,
a_uniform_abs,50,1,True,experiments/repeating_with_rejectancesampling/results/nn_uniform_hetW_n50_t1.pkl,0.17542254677844593,0.2017693091280106,0.17667204556627064,0.17038132953977225,0.2090865465871551,0.17395731678329857,0.2108305076206371,0.1683635162185061,0.04446104226201592,0.03851816973332012,0.11129183521762351,0.11099144099045558,0.15566567713300616,0.14704341422242265,0.03590141249058455,0.035668484409227694,0.03400431910480789,0.03591374307870865,0.09591421056379956,0.0,0.1413167339202297,0.0,0.145502936586153,0.0,17.341070923757364,49.976988497764026,14.984198675895842,46.52595794962371,44.066093022681756,106.14561579711184,0.24319253294411602,0.033522846587979514,0.17097353450548092,0.20118923575577313,0.17251001061765647,0.17157698775931185,0.20788322193798553,0.17421738215494997,0.2094136058774389,0.17123017763719162,0.042172691963961596,0.03833065407254486,0.1070359102822956,0.10500010114308989,0.15095282178703107,0.14840894530077287,
a_uniform_abs,50,2,True,experiments/repeating_with_rejectancesampling/results/nn_uniform_hetW_n50_t2.pkl,0.10108140023200116,0.18398837519863562,0.10165559420527467,0.10201985026371718,0.18763645728658362,0.14473761822154207,0.19215595516453216,0.14921805112928938,0.051402739375578335,0.05280658096245433,0.09500989320924477,0.09248691798364193,0.09949851277754365,0.09970536269017109,0.024658399918268223,0.024933220339523905,0.02539813757364161,0.024640658870339394,0.10243877682606742,0.0,0.14981072807922868,0.0,0.13862379492734694,0.0,-19.405871442113483,-55.92774622257599,-19.622983464696656,-60.92939123887154,7.604285179460382,18.317065973042162,0.2773172087065531,0.03822675857326894,0.10388319857480899,0.18489629778159705,0.10439668933873684,0.10140333013815331,0.18835980595990498,0.14467628394430754,0.19474338613383352,0.15467471920137804,0.041674794015750874,0.038056750176505005,0.08967207951392739,0.07434358840482144,0.09219633827599334,0.08725198900846934,
a_uniform_abs,50,3,True,experiments/repeating_with_rejectancesampling/results/nn_uniform_hetW_n50_t3.pkl,0.10820191556644213,0.19256348872058804,0.10957105624228669,0.1098174208889838,0.19592467687190576,0.14699168327358708,0.20347900883648246,0.15855689658124195,0.09103938077761675,0.097404656864262,0.12471571302176888,0.1259884108920899,0.11527800083977638,0.11665906911036568,0.0197382762094991,0.019959426694116798,0.020439166387610456,0.019724952057003975,0.1918912727450246,0.0,0.22298164078343025,0.0,0.19811231034616705,0.0,-35.48692633698003,-102.27336691960039,-35.65696097085732,-110.71491393197903,-13.405387208967202,-32.29065666343824,0.6256389032273514,0.08624112228471158,0.10714312312837532,0.19903611435713048,0.10839136029646548,0.10507829850536349,0.20281717071167848,0.15744162284442467,0.21328941067323698,0.17637180174199962,0.04416273278735036,0.04125786960298496,0.10020228676091773,0.07453484406330754,0.09531940053558231,0.07286343826011048,
a_uniform_abs,50,4,True,experiments/repeating_with_rejectancesampling/results/nn_uniform_hetW_n50_t4.pkl,0.1079552268684692,0.18960809668088774,0.10930966944228644,0.10715108381110575,0.19065257292264567,0.15111750839506016,0.19959877353481226,0.1610144085649338,0.09065452356906564,0.09656286766265752,0.1199328030866534,0.12129784911090308,0.11758874682093763,0.11490790467957426,0.0234656317689447,0.023605220151757374,0.023683901418559132,0.023456837981939316,0.11884005391448355,0.0,0.16228003572059704,0.0,0.1549343269367653,0.0,-23.304344574391386,-67.1631507571236,-23.90404670472234,-74.22209861637876,0.3415811500172965,0.8227945575889992,0.646162697678891,0.08907022235811017,0.1006037155866435,0.19337592335357995,0.10203466853481712,0.10061997231974962,0.19588903916040606,0.1596505761618842,0.20834535789261954,0.1766659188413711,0.042177348438342574,0.0388449551800774,0.0910115807623437,0.07177066494285786,0.09213250049545979,0.0767921531025405,
a_uniform_abs,50,5,True,experiments/repeating_with_rejectancesampling/results/nn_uniform_hetW_n50_t5.pkl,0.1510877434263705,0.19850595553051575,0.1510683358398671,0.15622152948952417,0.20052200978868753,0.159785779942857,0.20647277353369647,0.16194735825529596,0.17942610843403434,0.1850562145647378,0.19143348423703982,0.19044610679691354,0.1764186775745053,0.18077750467117837,0.01839122005394426,0.01839591790754611,0.018334706623792395,0.018392903730273247,0.222585026815461,0.0,0.25403171097079913,0.0,0.2257650340733684,0.0,-39.889678232290514,-114.96210349174544,-40.697231336257055,-126.36496050087257,-22.321351535799927,-53.767271878896835,1.3133310898672528,0.18103597224739157,0.11299554803199564,0.2291344728302774,0.11484468795156363,0.11155593030329874,0.23169973796352922,0.19791406214011786,0.24400596893343446,0.21157694874113153,0.043954561072940615,0.0412324151497145,0.10166144883880186,0.0785428105687184,0.11328952550027321,0.09901750066763332,
a_uniform_abs,200,0,True,experiments/repeating_with_rejectancesampling/results/nn_uniform_hetW_n200_t0.pkl,0.08119241677641872,0.1783115671208627,0.08318008791256956,0.08054186382445647,0.18365759929211978,0.13447375561597372,0.18480742559581226,0.13064214143243524,0.0840478912517196,0.08496894495614643,0.08931618668941649,0.09046991511521207,0.0789544924023463,0.07781465365130694,0.027028262685364828,0.026799838743469327,0.025956385535498408,0.02704562060534954,0.08627804606233491,0.0,0.14012265986953698,0.0,0.14632067395683865,0.0,-11.660152938520227,-33.60457562584783,-13.605581128537475,-42.245348527366865,9.969414225411857,24.014146467401737,0.5066499104722674,0.0698390983348089,0.09180949630380325,0.18143883698553373,0.09253849234518721,0.0836163245314061,0.18633805157877142,0.1365095436631929,0.1880247002305144,0.1378926179826025,0.04361558990984428,0.04017809221046826,0.08353999349898608,0.06120193984188761,0.08701117936779726,0.07795011180882153,
a_uniform_abs,200,1,True,experiments/repeating_with_rejectancesampling/results/nn_uniform_hetW_n200_t1.pkl,0.07714979136534424,0.21109905094538028,0.07854924936992808,0.07426526820657055,0.226956119628776,0.1468883481258208,0.23542051113581283,0.1479682922686223,0.0812413073769516,0.08059410194534912,0.07738197237465859,0.07322741006370054,0.07948407651049177,0.07373132405482423,0.03378925634474159,0.030331202795230532,0.02435326353559171,0.03406166657805443,0.0834501761513273,0.0,0.13138502595199045,0.0,0.1492471188260294,0.0,10.43764716079518,30.081312416762405,-2.221551993293966,-6.897922061669316,3.1774675184827634,7.6538268607356,0.5204998583780861,0.07174824280268186,0.09052033662378808,0.2247066246870574,0.09192230182660652,0.08628405962362662,0.24007003062175528,0.17161942099114463,0.2504777768931123,0.18332441417733208,0.0319023414318034,0.02814893278515363,0.07578076625619991,0.07387172239608869,0.1030245019524078,0.09160412759622347,
a_uniform_abs,200,2,True,experiments/repeating_with_rejectancesampling/results/nn_uniform_hetW_n200_t2.pkl,0.09446547692376012,0.2189170437214547,0.09549004508156833,0.09271804278352985,0.2284228903449702,0.15129410140852256,0.22960323119683507,0.15502093087855645,0.11953761279775582,0.11976288069443262,0.1085758310498007,0.11058386296539002,0.09377214593107132,0.09251400380935937,0.024319379657065283,0.02431457668369904,0.023891745908525986,0.024320043623447418,0.10321310507344603,0.0,0.15369496998170684,0.0,0.15338448784214706,0.0,-20.513933709157648,-59.12118308805845,-21.61729990984805,-67.12174660416834,1.2221558656446099,2.9439071644524497,0.8196516853589836,0.11298479180765841,0.10385167707049606,0.23212808485242517,0.1040947933064271,0.0976753463267796,0.2417229729195215,0.17579444678950912,0.24558211059428692,0.18436225811925594,0.04423547604109225,0.04140021038647644,0.092560863655241,0.06846222169700167,0.10009829270545481,0.08991691337381923,
a_uniform_abs,200,3,True,experiments/repeating_with_rejectancesampling/results/nn_uniform_hetW_n200_t3.pkl,0.08354415168053053,0.1978478675628777,0.08415868112205177,0.07876951913178884,0.20683907000614346,0.1460465206694647,0.211498699388114,0.14715601339483148,0.0943677320628021,0.09368047139688344,0.08659778920849337,0.08457811663498506,0.07974108320580967,0.077528968650419,0.027369739571289145,0.02694385187428219,0.025538818309364098,0.027400445193052292,0.08088917106951213,0.0,0.13658457794202913,0.0,0.14490645461812127,0.0,-10.544061378039771,-30.387998326451296,-13.141327187850274,-40.80383938900325,8.200307228795564,19.752753212724965,0.6269944866952042,0.08642798253111757,0.09443108959778801,0.20286496060379272,0.09523236164779023,0.08939527433104189,0.2114783205921134,0.15087372588866005,0.21554632798665152,0.15489966622046025,0.04040605209366002,0.037017017689571316,0.08796878352951044,0.06926085430983336,0.10892395335247693,0.1060060530076275,
a_uniform_abs,200,4,True,experiments/repeating_with_rejectancesampling/results/nn_uniform_hetW_n200_t4.pkl,0.07420520861780552,0.18483273117510746,0.07487946947217347,0.07140166114829014,0.18891006201239752,0.13714543489947956,0.19588538160477859,0.1567511648453125,0.06933446702969674,0.06853770600437303,0.0843905293427546,0.08208224795314556,0.0670280738080336,0.06267833812889137,0.02415456803503673,0.024383837989969563,0.024619472016818196,0.024139361456036568,0.10568044775845656,0.0,0.1588479395851472,0.0,0.1438741634549159,0.0,-21.052608120215528,-60.67364342709076,-21.39402280871331,-66.42847089131894,4.305312946047264,10.370560730724268,0.4161753845909042,0.05736764777453174,0.08797639822394794,0.19058481611288913,0.0880978551691826,0.07868358954684188,0.19433320733363352,0.15289997455045554,0.20086453080720879,0.16459158795016351,0.04238948014575353,0.039389992967273635,0.08647723546113406,0.06408649137182397,0.08510342468961643,0.07136995761183655,
a_uniform_abs,200,5,True,experiments/repeating_with_rejectancesampling/results/nn_uniform_hetW_n200_t5.pkl,0.09868472776843674,0.21208242310444886,0.09903077276304881,0.09002088431341188,0.2201861210284858,0.1583036583997649,0.22025627043008367,0.1603453668392777,0.04957792731037852,0.04673616415351134,0.0776057118127616,0.07345866265641712,0.09325875830950175,0.08519487020400812,0.033270727094728475,0.030181889236782562,0.02287243913971004,0.03344208747148514,0.08058384186598697,0.0,0.15256255299908536,0.0,0.1521813573284009,0.0,8.742873242978186,25.1969718261815,-2.7028928787829134,-8.392486187658827,-3.09634095007679,-7.458410635463954,0.20433950275152757,0.028167155132915074,0.10380795622941719,0.2135357612056285,0.10444409489021954,0.09516607033781442,0.22167105902401116,0.16307398002196427,0.220567126082806,0.16227589259947933,0.03517891612825683,0.03319382410114588,0.08434457353010431,0.0767462812919917,0.10900611491509038,0.1000103488815721,
a_uniform_abs,500,0,True,experiments/repeating_with_rejectancesampling/results/nn_uniform_hetW_n500_t0.pkl,0.07583593101942371,0.260533967388219,0.077370073340472,0.06299782175623,0.2698906262047588,0.17729038706369876,0.2834401084859858,0.17981849129833227,0.045842844081757234,0.039061912343571356,0.06895628642816744,0.06314603834276761,0.08965775529662133,0.07802683876366659,0.051438215207797136,0.033141194261198915,0.024489159460565818,0.05370084196329117,0.25284299749114436,0.0,0.22049149829847478,0.0,0.23898233033910837,0.0,68.12194396174696,196.32752929678225,6.8369942934916565,21.22887689099545,3.7532177609263804,9.040683734978066,0.2753949722577686,0.03796178811221768,0.08278220292821774,0.2623824830258205,0.08448184714839929,0.07122677132075825,0.2719185162449364,0.18334727606120874,0.285719271935215,0.18397416857585347,0.03712497189500383,0.03385973706919607,0.08020727609137875,0.0769651410613464,0.1044774012419819,0.09526532406855595,
a_uniform_abs,500,1,True,experiments/repeating_with_rejectancesampling/results/nn_uniform_hetW_n500_t1.pkl,0.07219450928660201,0.2572062681600985,0.074634992131875,0.07017658792262431,0.26380951327823593,0.20744666120246769,0.2678758390983967,0.20748557293595096,0.08957890797075604,0.08365308325412146,0.06707149951667918,0.06151641242444018,0.06260672886016544,0.057071068587960495,0.04095153877306468,0.03453686521666801,0.02405596800271518,0.04143922030925751,0.1377360784611239,0.0,0.14384017122946344,0.0,0.166811816781408,0.0,33.84702946903305,97.54718205666764,11.336207228603595,35.19893937836475,1.9179155844297093,4.6198407163390804,0.6166254391317285,0.08499866236850494,0.08997874033551287,0.270037930450583,0.0920265440988994,0.0861390166570894,0.2767949720805257,0.22862304361259897,0.2788592217146922,0.2284473084777605,0.037450388575417576,0.03333957971856735,0.06303948159432429,0.059754532196553994,0.09122928282105308,0.08343115358498657,
a_uniform_abs,500,2,True,experiments/repeating_with_rejectancesampling/results/nn_uniform_hetW_n500_t2.pkl,0.07214382883445368,0.196114637335745,0.0724710614635877,0.06738913176540559,0.2044785700502788,0.16039222216715837,0.21307048735235745,0.1649499959236233,0.08119835317103524,0.08297013100154224,0.08286939498660771,0.08056597971742577,0.0707508383099129,0.06559068544472893,0.025241861677299936,0.025608926705925794,0.026226491551731988,0.025217413902282715,0.09717552809279772,0.0,0.14826789936222926,0.0,0.1347027582921738,0.0,-17.49887049428738,-50.43176706109526,-17.444714430624042,-54.16586282642068,11.1137723388843,26.770655799518636,0.5421878186103303,0.07473781717353144,0.07883881967029918,0.2019424132693299,0.07937343622831528,0.07117983736633329,0.2097846370009343,0.17189253796497894,0.21947299324982264,0.1798429528777512,0.039658056919088816,0.03658027923984476,0.08069358939675586,0.06235176161538071,0.08539189402133814,0.07954272866974063,
a_uniform_abs,500,3,True,experiments/repeating_with_rejectancesampling/results/nn_uniform_hetW_n500_t3.pkl,0.08496124618253759,0.1798468330837619,0.08568823297478151,0.08134110342245048,0.18708691494554155,0.14760805174577846,0.18207139990406873,0.14087549601807994,0.07568613411565424,0.07780367735744342,0.08393327268704365,0.08063176541141699,0.08346580353180234,0.08237718990992933,0.02466674098384937,0.024830271486926042,0.026488662812929928,0.024723542854189873,0.10816732089556116,0.0,0.1718717863868945,0.0,0.1910835373677909,0.0,-19.378609295583903,-55.84917668154111,-19.954858830769282,-61.95986471699283,12.224513277034003,29.446188681688973,0.49261267360284877,0.06790413704140116,0.08751344962683227,0.1815555726968767,0.08823355822812082,0.08299797607235852,0.18800589271312304,0.1494604573759613,0.1853717464305607,0.14598336296969716,0.035935370139794184,0.03196163760842069,0.08362738656330587,0.07508082103011882,0.09274572387285336,0.088963804588931,
a_uniform_abs,500,4,True,experiments/repeating_with_rejectancesampling/results/nn_uniform_hetW_n500_t4.pkl,0.07568025956604471,0.20389905010207254,0.07687864597776362,0.07217883613234205,0.20597142884366476,0.15386646745813756,0.2099557567339645,0.1614273025040021,0.1387364688776101,0.13273791846912625,0.09880925782337839,0.09277982215483616,0.0856632615976873,0.08335083465770282,0.04214632380130977,0.03226944454269528,0.022115104737986047,0.04308846592903137,0.1576383204645784,0.0,0.1974971164865898,0.0,0.1884923527985741,0.0,37.752094618620646,108.8015847935011,4.026741923975606,12.503039333711648,-6.304939482273813,-15.187225324582386,1.0078686160065136,0.13892953285284262,0.10351843785288224,0.21845483168356705,0.10527835487974349,0.10111294025071461,0.22037888014339221,0.17864149374249091,0.2231446531427907,0.1850098921153872,0.03784131590054466,0.03454137388057543,0.08764714589257044,0.08564101220142384,0.1163599313068953,0.11617749644789982,
a_uniform_abs,500,5,True,experiments/repeating_with_rejectancesampling/results/nn_uniform_hetW_n500_t5.pkl,0.05926737201835234,0.3328627261460644,0.061294138433866725,0.05360212798122356,0.3479116012797753,0.2575427842270372,0.3480279170080939,0.25450347604280776,0.0732175147621528,0.06691322284913617,0.0595227751174368,0.054051485799391535,0.056657257757813516,0.05284721153472465,0.0383178187960646,0.02988315298612059,0.02435489235314251,0.039403192698955536,0.12245527430215736,0.0,0.15522369101035616,0.0,0.14892271334581222,0.0,25.23891348764842,72.73858083010256,-3.665926463381247,-11.382706821423795,3.184368329525839,7.670449410805781,0.4396711748547654,0.06060642226708475,0.05850508622622713,0.3285706700299119,0.06091755626132746,0.05288819327770261,0.34419714098028414,0.25572607742552134,0.34321599787313584,0.2562594913131631,0.032195127052848355,0.028804675331231214,0.047696485932287085,0.03971250381513939,0.05468532768276256,0.051207314909744284,
b_Sr51_abs,50,0,True,experiments/repeating_with_rejectancesampling/results/nn_rejection_hetW_n50_t0.pkl,0.09758133773389949,0.39792164277424186,0.09999530199576444,0.08670238434949859,0.4181770185279876,0.383789620631212,0.42525545284524857,0.3828024841722185,0.06874223515066696,0.06680921054366523,0.063289267713064,0.06106436490658053,0.08729359759286723,0.07507949249017476,0.03293515502876822,0.033331906251785975,0.034063870085988976,0.03290856257081032,0.0802270992939071,0.0,0.13499817129341407,0.0,0.13666069965097777,0.0,7.64608114316314,22.036015597013495,7.451790962841165,23.13782141345013,44.3183926546192,106.7533506326826,0.43622390414994044,0.06013123363532015,0.09792895256432647,0.3921610793245327,0.10039882656623601,0.09336217622891253,0.412322561535571,0.3794547236273317,0.4184390897871487,0.3778630264670293,0.03702070697294115,0.032989898186372435,0.06854733995699712,0.06386717513861528,0.0964693253639484,0.0915925212270606,
b_Sr51_abs,50,1,True,experiments/repeating_with_rejectancesampling/results/nn_rejection_hetW_n50_t1.pkl,0.14857097702443897,0.1955103541170607,0.15097446288960348,0.14799893709771408,0.20325023383880303,0.17525430359951633,0.20182882642230904,0.16997034846130823,0.11948849910536005,0.11493507863439296,0.10705567165465574,0.10611594458442489,0.14497990905362784,0.1402300280951827,0.03350381228975713,0.033377703834221756,0.0325147477216928,0.033512018620967865,0.08548742514208246,0.0,0.1339799642456645,0.0,0.13106436824906972,0.0,9.504694700791523,27.392542238290595,7.59942825118945,23.596235401282424,37.755226194783965,90.94411278852925,0.8619100445670723,0.11880989044717141,0.14025915046894114,0.19834808635360338,0.14203899443790008,0.14255072796226081,0.20466768721221285,0.17805837446931633,0.20706589859131755,0.17940390707928056,0.03578420812253218,0.031847169924768985,0.09302751155344914,0.0920618291463792,0.1475633555919238,0.1474365377994626,
b_Sr51_abs,50,2,True,experiments/repeating_with_rejectancesampling/results/nn_rejection_hetW_n50_t2.pkl,0.15419663170455208,0.173960945979983,0.15577157681582665,0.15319379424405874,0.1780873400110548,0.1365058486521518,0.1781329489669884,0.13661229287372123,0.09748943160890833,0.09502814071309618,0.1299342392317136,0.130683494948787,0.15343847444152814,0.15227217866718346,0.03566781515900458,0.033336213293222526,0.028379133073754805,0.0358431339263916,0.09709833641997515,0.0,0.1305904688698853,0.0,0.17562321018880905,0.0,16.577575586081867,47.77659396175937,7.465675536756999,23.180933034974185,20.233868312586004,48.73897967064212,0.7469289255239294,0.10296033138573744,0.14809022123419052,0.1872616454645183,0.15078905020004524,0.14796579865087855,0.19025557219461764,0.15411156687473887,0.19400009767636017,0.16457609621086416,0.04009073969118262,0.0369849951863326,0.1086093412266487,0.10626150604377138,0.14478281968106843,0.13239581420667815,
b_Sr51_abs,50,3,True,experiments/repeating_with_rejectancesampling/results/nn_rejection_hetW_n50_t3.pkl,0.10344072544376087,0.15607801398586585,0.10526850226211541,0.10123946977934009,0.1587900670197919,0.11314630181545544,0.16232392805170814,0.12017272180452729,0.06699427719931685,0.06624003476756085,0.09678115992887039,0.0925492972218826,0.08664954276200706,0.08395412818304204,0.017534660398042294,0.017873729811347928,0.0187572856137226,0.017513765022158623,0.23945893116700714,0.0,0.2703728106013493,0.0,0.21747574547670867,0.0,-42.689279149384824,-123.03055690198244,-42.38060479027199,-131.59183744164625,-20.531011200353895,-49.454732137864866,0.4035909541365871,0.05563294841345344,0.11371286255799132,0.16171953340618367,0.1154276876336097,0.11231240728760566,0.1640876023318109,0.12539969987317598,0.1677729606760065,0.1309258295232012,0.040910986300439225,0.038420197320315694,0.10026028827268721,0.0840018358229874,0.1039525470382312,0.09431724269996086,
b_Sr51_abs,50,4,True,experiments/repeating_with_rejectancesampling/results/nn_rejection_hetW_n50_t4.pkl,0.11345806471744482,0.17811064098693652,0.11550560590113555,0.11311265030350841,0.18403579219320654,0.1475247809198006,0.18468540899205543,0.14704737397635465,0.10013875362118285,0.09881979946483488,0.10002222191563256,0.09432467800258211,0.11561649887232966,0.11437556843540916,0.025882926663173243,0.026047425718719004,0.02628108486475031,0.025872988626360893,0.09479367142886212,0.0,0.14347322429338663,0.0,0.13484358246838665,0.0,-15.403597724899127,-44.39318826998182,-16.03112878376223,-49.77667740605637,11.345067818951765,27.327796210178892,0.7179313950510253,0.09896317015012994,0.11761593207314483,0.1847349947041857,0.11891879855249372,0.11879631321527613,0.18932150161994798,0.15433862182081745,0.19354565464283668,0.1617656529954641,0.037310432372345055,0.03369269867564185,0.09143102294275476,0.08150208646328397,0.11878432620796596,0.12128782793080707,
b_Sr51_abs,50,5,True,experiments/repeating_with_rejectancesampling/results/nn_rejection_hetW_n50_t5.pkl,0.1212596492336411,0.17109238792005138,0.1232745527562204,0.11929166304374363,0.17586857788057153,0.13427056807713322,0.1817140688267681,0.1416287847921695,0.06680123090609305,0.06421942677871802,0.11584378902969564,0.1088798312607939,0.11919056234331549,0.11705579706895394,0.01594176880974771,0.016276879951281537,0.01716372687509219,0.01592114567756653,0.27995778363779544,0.0,0.3030829524452363,0.0,0.24379687281981682,0.0,-47.89552569706454,-138.03496608604547,-47.52835649900308,-147.57561373265355,-27.28244123984484,-65.71745592152361,0.4808788242527089,0.06628668593429177,0.11835928422760762,0.17613595123460069,0.1205646646235875,0.11495728418993491,0.18092478446308535,0.13958434266799713,0.18812293578874945,0.15080834510789592,0.04276759512913782,0.04013671574959977,0.10314945661370932,0.09345213443512457,0.10231068405081345,0.09675790953865523,
b_Sr51_abs,200,0,True,experiments/repeating_with_rejectancesampling/results/nn_rejection_hetW_n200_t0.pkl,0.09289595906508011,0.22321798107701363,0.09359313260947472,0.0866598721578736,0.23571991834325207,0.17321620098079116,0.2443871577867373,0.17332575318377558,0.07957186590466898,0.07616393909648797,0.07534899524520947,0.07086757504635034,0.0999981042138478,0.09803396541687992,0.03245703615946647,0.03213441757426422,0.03080419389501986,0.03247973322868347,0.08197654779847276,0.0,0.12726550630403227,0.0,0.13311830738867156,0.0,6.083385520325554,17.53232482085362,3.5914566007600124,11.151477793314074,30.50812308549322,73.4874205901789,0.5087620298480475,0.07013024318597935,0.10185432002555606,0.22905657683639546,0.10174979390877142,0.0942011432364945,0.24155525547919343,0.1832415004167949,0.25168730602373,0.1852663039386407,0.03948434355051096,0.036550818256484235,0.07955987319276839,0.07152124260745951,0.11250599085914816,0.10812458131297914,
b_Sr51_abs,200,1,True,experiments/repeating_with_rejectancesampling/results/nn_rejection_hetW_n200_t1.pkl,0.11054641133244192,0.18016834866943793,0.11110987055151489,0.11061201680420919,0.18596152542390776,0.14583456901264444,0.18743902677675722,0.14756271763179174,0.08094075742414547,0.07649755906973027,0.08147381752216681,0.07966707888052008,0.09410277431385926,0.09145472786324405,0.02975369493066273,0.0297964827683447,0.029553460245296995,0.029751421883702278,0.08119735098125752,0.0,0.13058556397275556,0.0,0.12744354891750606,0.0,-2.752282294788087,-7.9320810804584605,-3.945324528790723,-12.250238207226802,25.20914004242162,60.72332512304102,0.557067822474176,0.07678894958585293,0.11438341900418553,0.1898151418206247,0.11510081900505822,0.11400329526871338,0.19467068815817784,0.15940811479252237,0.19626667618059418,0.16205773295140324,0.03718346388129731,0.032781035832426,0.08512936251578987,0.08080033958016078,0.11329401336801928,0.11124154098843295,
b_Sr51_abs,200,2,True,experiments/repeating_with_rejectancesampling/results/nn_rejection_hetW_n200_t2.pkl,0.12293986943878743,0.17442022633861057,0.12422555752151863,0.12211895772101405,0.17784269246741016,0.14946463364396942,0.17700369441640557,0.1461809561999971,0.07659788427016682,0.07227611446788379,0.0771219904438366,0.07541156249035773,0.12245378791329284,0.11847090048232754,0.03347440612453275,0.032921331674527064,0.031042783821626344,0.03351305052638054,0.08862092733431766,0.0,0.13420978519497817,0.0,0.1349932189606604,0.0,9.408582857835638,27.115547784428774,6.128225088239633,19.02814751248083,31.518956987352016,75.92229919233162,0.5166651005488506,0.0712196410530506,0.12436210545816984,0.18211344064160967,0.1258345584313449,0.11775737060533431,0.18513840936708065,0.1574702715700777,0.18645834321534918,0.15795522277354734,0.03687444647367967,0.034243549891401874,0.08787290446606678,0.0826631712509561,0.142203608464733,0.1275546304343094,
b_Sr51_abs,200,3,True,experiments/repeating_with_rejectancesampling/results/nn_rejection_hetW_n200_t3.pkl,0.10942239632083059,0.3000422953457449,0.11454314162896427,0.09258997088702173,0.31473726073761077,0.27187596452915647,0.31659309707790895,0.2635093836612654,0.04138482945422193,0.03973441708147275,0.07098232512988076,0.065697606808898,0.14308710692352222,0.08865422859422087,0.03566098793895126,0.03790939246899397,0.0385270224153328,0.03545411676168442,0.09393975866575575,0.0,0.1450800251328372,0.0,0.20853474405391928,0.0,16.55526132998683,47.7122842472613,22.208195485020727,68.95647819560986,63.22742937644943,152.30109969080235,0.19096619082893412,0.026323712497045508,0.10725482886381062,0.2982484616765573,0.11282526269054391,0.0889779801156704,0.31333304102485104,0.26982810987324285,0.3156139996378605,0.26263877575223016,0.038231576774252526,0.03402535165610919,0.06395398772109381,0.05573509668693893,0.14370781868331084,0.08458098392835148,
b_Sr51_abs,200,4,True,experiments/repeating_with_rejectancesampling/results/nn_rejection_hetW_n200_t4.pkl,0.10621408892085764,0.18547146818044108,0.1097678539980719,0.10588786247856363,0.19329396218464812,0.15862266274193276,0.19446210755133375,0.16071145519525967,0.051876414457968444,0.045155567947201124,0.07223906138285588,0.06545942313115857,0.10631459257641594,0.10076290088234922,0.03199503681332475,0.031031000175598858,0.02819571966948434,0.032062266021966934,0.0757204320516668,0.0,0.12774995993128907,0.0,0.13836340953625045,0.0,4.573375348537406,13.180473581748513,0.03437904358311428,0.10674697864684897,19.456800773612716,46.86719329743652,0.36504977610884193,0.05032024418399833,0.10999009395520043,0.18831553513582525,0.11276768536855988,0.10818850275365688,0.19531980708455435,0.1605509062217283,0.197679752472839,0.16674020127731504,0.03677953825468583,0.03358071258397421,0.07415131311157186,0.07049553453137793,0.10686188328681939,0.09644815691929848,
b_Sr51_abs,200,5,True,experiments/repeating_with_rejectancesampling/results/nn_rejection_hetW_n200_t5.pkl,0.09024297232091481,0.17830298240988293,0.09296703593979136,0.08635995417575257,0.18417861434358676,0.14371044070334327,0.18929990652991885,0.1460290606902231,0.06853279712524663,0.06290180633952006,0.05876257843022392,0.05420257655563261,0.07836442033994614,0.07162580621908982,0.045779613800205864,0.035350407842842844,0.024680110868343527,0.046764228492975235,0.19113085252485545,0.0,0.15092583691140843,0.0,0.19532351093552056,0.0,49.62723015984357,143.02574055426277,13.95881787519436,43.34214912222664,4.562221558088897,10.989397595038605,0.44124213732164236,0.06082297140671106,0.10290614960756632,0.18660344189700723,0.10615064985066994,0.09826781626974489,0.1926107439066758,0.15890119981331816,0.19841577849264846,0.16340709029327088,0.032562961537578546,0.027418810507771577,0.07712140906890272,0.07439925799511343,0.11504201748672822,0.10640586875053014,
b_Sr51_abs,500,0,True,experiments/repeating_with_rejectancesampling/results/nn_rejection_hetW_n500_t0.pkl,0.09799793457483612,0.2484588978751817,0.10343241017942861,0.08715137200575118,0.25510590051182486,0.22432563492463004,0.26036332000598394,0.2183842680311809,0.04977668899339076,0.04011156033363604,0.06365169573576582,0.056962263236937385,0.15240479948502017,0.10751497598000335,0.05957116209092746,0.02885246835837469,0.031446893655267046,0.06327279657125473,0.31533642683331364,0.0,0.18703511080650875,0.0,0.20434737738405492,0.002818035426731079,94.703870154284,272.93667445360217,-6.988535987498464,-21.699414063885314,33.23104905145778,80.04635589852325,0.2209318037236345,0.030454318942164674,0.10131504724791454,0.25177549892739104,0.10677816988687353,0.08898307725923565,0.25856713150393595,0.22985192110566274,0.2642706149137841,0.22488315108331186,0.04521283065437559,0.03966939949260449,0.06291022858306233,0.059906377544514805,0.15210766658918373,0.10272600292193947,
b_Sr51_abs,500,1,True,experiments/repeating_with_rejectancesampling/results/nn_rejection_hetW_n500_t1.pkl,0.07285966601980724,0.18876513151801774,0.07552877712447283,0.06395533036391143,0.19929344637884533,0.15365462724652762,0.20913389348210543,0.1548078187056212,0.047663994551180644,0.03616665292349562,0.052056693803634244,0.04617295097871925,0.0693407949161565,0.055170413745969746,0.04835271813430674,0.03311047442670334,0.021835881473896313,0.04982362687587738,0.22483060077343348,0.0,0.1817546066253634,0.0,0.16691176853125772,0.0,58.037228463981116,167.26336638256586,6.737963016681475,20.92138463730691,-7.4879246382024585,-18.036778784887012,0.27449973000959316,0.037838383548017676,0.08204602202858594,0.19235031935984337,0.08508758893124262,0.07379811106906976,0.20274978458930598,0.15907511151963666,0.21289982470438903,0.1590586093304533,0.04131043272866366,0.0352826358508805,0.05853761049781187,0.0527949340154657,0.08503856344447272,0.06968509111567991,
b_Sr51_abs,500,2,True,experiments/repeating_with_rejectancesampling/results/nn_rejection_hetW_n500_t2.pkl,0.08904080936393483,0.15659202536215405,0.09159866135693548,0.08373564640207208,0.15986691177939874,0.12093795315268804,0.16132853812709297,0.11942111526966002,0.051069396958361685,0.044578318063740754,0.05693469416908539,0.052001406319169094,0.09144838995115588,0.08406513214831046,0.03689805998266172,0.0349261554762913,0.030005727380718068,0.0370405875146389,0.10756575115235241,0.0,0.13703518488412836,0.0,0.1447537393471533,0.0,20.598538414332623,59.36501395617359,12.591159024187455,39.095566467543996,27.125260138867297,65.3388409000753,0.36231371719081906,0.049943092458761634,0.09330909697656861,0.16156283337909125,0.09607935891441054,0.09417273383687425,0.16469971451744986,0.12801466634610487,0.1667128894232976,0.12944570594647578,0.033277501704987916,0.029258977118565895,0.06697893728144891,0.06404491881573456,0.10461230875710187,0.10490689539742638,
b_Sr51_abs,500,3,True,experiments/repeating_with_rejectancesampling/results/nn_rejection_hetW_n500_t3.pkl,0.09711356331546858,0.20774475801709485,0.10127930983738896,0.08869595516554349,0.2132230356181128,0.16425232099916748,0.2191245435997591,0.16905555448323556,0.07135688606852617,0.0714788965751488,0.0656315494576888,0.05916156399291869,0.08364953374073808,0.06857298298710017,0.046585986613002464,0.030662530174270453,0.02251244318503252,0.044167403131723404,0.15668979852028386,0.0,0.1998690802342365,0.0,0.2901094360178095,0.025563607085346215,52.26279914872864,150.62145373839599,-1.153454657248088,-3.58147833198788,-4.621535750611046,-11.132272559867646,0.6472608075372926,0.0892215911845881,0.1135896083167198,0.2145273069539103,0.1195326145132129,0.1059717201488401,0.22044693203382465,0.1784670019411655,0.22566061632256715,0.18270937400597537,0.04548143240662957,0.037492141447101855,0.0960800310228182,0.08681391252191684,0.11358401492947146,0.0945351107518492,
b_Sr51_abs,500,4,True,experiments/repeating_with_rejectancesampling/results/nn_rejection_hetW_n500_t4.pkl,0.09303304898260646,0.241302687857881,0.09580179421130237,0.08176894938596377,0.2515179905731107,0.1976266915213457,0.26463692063892186,0.20507875546952592,0.0616884793317552,0.058549355888473334,0.06669765333255268,0.06435937013215517,0.09202807053785629,0.08505421243523599,0.03689835287659042,0.026355229653569383,0.023400652168064494,0.039039865136146545,0.12092608926009715,0.0,0.19003589515322916,0.0,0.2323705193430214,0.0,20.599495716145466,59.36777290121797,-15.038863780517453,-46.69569317630812,-0.858460901834751,-2.0678452481841236,0.45408730178580897,0.06259361161723337,0.10928500971088104,0.2536110879809984,0.11399287049053504,0.10530044635272798,0.2631907450530232,0.21466787047363856,0.2760784863422473,0.22130185877179134,0.03442916775385334,0.03198509157315299,0.08265677721446574,0.08043010175037152,0.12415312290991341,0.12295522906580855,
b_Sr51_abs,500,5,True,experiments/repeating_with_rejectancesampling/results/nn_rejection_hetW_n500_t5.pkl,0.11142642285971133,0.3424011275142794,0.11143913096811617,0.08680774794223173,0.36078733774541444,0.24093846327600482,0.3550086205394378,0.2317056012758292,0.05255607394971766,0.04437010799605458,0.06493600053488184,0.060911522271451704,0.10908476917242632,0.09696990998910554,0.03905871216630788,0.0349867825997523,0.026799021740494533,0.03929895907640457,0.12446466729837768,0.0,0.16485488213433927,0.0,0.20412168378545203,0.0,27.660467835334835,79.71750354560992,12.786602181491444,39.70241774567705,13.539410893161252,32.61349051401029,0.33940987368172976,0.04678591479818467,0.11715119228324974,0.34783286065547026,0.11753016300832175,0.09683741251905933,0.36613447828640366,0.24614071263201512,0.36119936964005417,0.23565948225364186,0.03578677120202946,0.032045921636635374,0.06706640779673365,0.06318149850413116,0.11489588337077866,0.10487238276387864,
d_SrSd47_rel,50,0,True,clean_experiments/fire_sims_v2/results_LOSSunrho/checkpoints/IV_bfe_LOSSunrho_n50_t0.pkl,0.12784903830522132,0.27928206874720907,0.13221646086145544,0.13161194866999226,0.3023243206734772,0.2660413174579561,0.3096850605923204,0.2684013833623429,0.04524554918283018,0.03988409741205014,0.08115172367091117,0.0746811570377654,0.12091587061992803,0.11401028778241976,0.0357056974489033,0.035804354924761285,0.03552794715049397,0.03569890558719635,0.0936118554875924,0.0,0.13947540198703304,0.0,0.16021746557289648,0.0,16.70139100607198,48.13343015993293,15.422203334940708,47.88596303159332,50.52124770715659,121.69467681090563,0.08504874619898836,0.011723534587239362,0.1287856263302805,0.27683917404502323,0.1328280583621299,0.13305005580188523,0.2998155272996619,0.261081272656386,0.30687708613425824,0.26460189485609087,0.043176702342950034,0.03760825071353771,0.08244442828020082,0.07437084186692156,0.11870021111624143,0.11350819052129102,107
d_SrSd47_rel,50,1,True,clean_experiments/fire_sims_v2/results_LOSSunrho/checkpoints/IV_bfe_LOSSunrho_n50_t1.pkl,0.09944004293233161,0.18043616800780282,0.10167895762616977,0.09653915171608698,0.18999472324177488,0.15204800326029688,0.19080446116707683,0.14885086782700693,0.03942380498386287,0.0341750116786905,0.07778425282041831,0.07023352461164953,0.09723370262241429,0.09210146163020363,0.03189019919100838,0.0315463054499722,0.030416776550723865,0.03191576525568962,0.08461764918395075,0.0,0.13387355926266284,0.0,0.1585551349069521,0.0,4.230721452150177,12.192944615760753,1.6955644017126765,5.264729850510093,28.86675208818201,69.5337155233049,0.12937047621067177,0.017833058336625757,0.09418203536198208,0.1813551592500044,0.09679070889068214,0.0927536295108037,0.1911011148705168,0.15274586683845184,0.19194127488609397,0.1506224805498504,0.03895709463991236,0.03466460461138107,0.07119624336177613,0.06395565277549044,0.09212841284219919,0.08772986969344931,41
d_SrSd47_rel,50,2,True,clean_experiments/fire_sims_v2/results_LOSSunrho/checkpoints/IV_bfe_LOSSunrho_n50_t2.pkl,0.1819841019753841,0.26823352354902286,0.18388876996794815,0.1721452350555504,0.2751234173135982,0.23089446440042255,0.27405978265973396,0.21751105379726443,0.048143514100955985,0.04718200525349607,0.10211830009672238,0.09836965714003931,0.17672010103202843,0.17303713442982588,0.04668666457796956,0.04360032597731701,0.03464193950720062,0.04688921198248863,0.18521899050035381,0.0,0.17741605070184105,0.0,0.18160649098808904,0.0,52.59185751741431,151.56980037622483,40.55401084585057,125.92026067685754,46.76749927408005,112.6527148023549,0.2198060618883131,0.030299141189022796,0.1819845515293845,0.2711920673479719,0.18418247148372763,0.16711628353817426,0.2778863374932088,0.2327404899846598,0.27680933871311697,0.21868431101326158,0.04455355414243549,0.042628705083645885,0.09813804658570265,0.09384042722581393,0.17657169646229087,0.1664508218326525,130
d_SrSd47_rel,50,3,True,clean_experiments/fire_sims_v2/results_LOSSunrho/checkpoints/IV_bfe_LOSSunrho_n50_t3.pkl,0.12634554816997462,0.15710964537963057,0.12779495861964302,0.12697165626552837,0.159324386344185,0.11695431916933899,0.16037632404381874,0.1185816350115925,0.1072709798062599,0.1071727904348827,0.1129286196272798,0.11290410840202042,0.09516438628002831,0.08961406600827354,0.01820524464393027,0.0185814928562288,0.019582159900850746,0.018182026222348213,0.22347696772683023,0.0,0.25336368481611937,0.0,0.2039908080183204,0.0,-40.497524895210795,-116.71391834878247,-40.09899490647818,-124.50743554556085,-17.036266447043435,-41.03665355524744,0.6712849052250857,0.09253319015291492,0.11329615813671377,0.16162768709625502,0.11485033026942003,0.1122134157159298,0.163684155579985,0.12547208948720406,0.16405403236247929,0.12692403806469232,0.04051701218198125,0.038023776959857564,0.09931609022182378,0.08308381894609454,0.10484069941892409,0.09772788700726018,0
d_SrSd47_rel,50,4,True,clean_experiments/fire_sims_v2/results_LOSSunrho/checkpoints/IV_bfe_LOSSunrho_n50_t4.pkl,0.19488354246896122,0.20062848923199839,0.19541308198002177,0.19884074574678176,0.20383225472955782,0.17398727236046352,0.2063892396569253,0.1707616662654195,0.14709190489951307,0.14563388261984417,0.16948406444841246,0.17179809698963233,0.17943600695541922,0.18665051189939197,0.032962624064289986,0.03275182624529354,0.03189744119797888,0.032978955656290054,0.08220227452657142,0.0,0.13435761840154092,0.0,0.13735623028188737,0.0,7.735861623143206,22.29476305471176,5.581791835623264,17.33147149507042,35.139883749761935,84.64432273897127,0.9407397291548085,0.12967615920559888,0.14774661709008732,0.2111638951721978,0.1500911903876107,0.15235482175867554,0.21606356610092786,0.18801520386541917,0.21827561614201313,0.1857056650876264,0.04046693639109114,0.03623878338698505,0.09695026960305408,0.09539125123869407,0.1419890622716942,0.14407092979290465,9
d_SrSd47_rel,50,5,True,clean_experiments/fire_sims_v2/results_LOSSunrho/checkpoints/IV_bfe_LOSSunrho_n50_t5.pkl,0.12600974867098527,0.15735221956061765,0.1274790942647334,0.12674908191937187,0.15955951286550438,0.11704718000063763,0.1606296605039946,0.11821838851834761,0.10597962331990637,0.1058897030978821,0.11263848685860157,0.11247142964465076,0.09510329178459181,0.08968335386032147,0.018042778321769322,0.018420101564790944,0.019424589714513284,0.01801949366927147,0.2275666959985397,0.0,0.2575954172222168,0.0,0.20606018681551222,0.0,-41.028533869757666,-118.24428689002298,-40.619270680080966,-126.1228925538686,-17.703844028953743,-42.644702480477626,0.660416643500778,0.091035055872017,0.11346027684479326,0.16125804930538368,0.11503203065884708,0.11215753355210237,0.16334458996974166,0.12498360586773523,0.16374390120300933,0.12643251059212438,0.04059810823467742,0.0381255619965631,0.09958013659739856,0.08326986123977692,0.10473868068775458,0.09737513351769524,0
d_SrSd47_rel,200,0,True,clean_experiments/fire_sims_v2/results_LOSSunrho/checkpoints/IV_bfe_LOSSunrho_n200_t0.pkl,0.12816800704702294,0.33187852972409004,0.12860133132402665,0.10924439563064317,0.3458523028946147,0.30812228745374587,0.3530535479441857,0.30825830457058495,0.038997516046341274,0.03585928670826603,0.07705123671285868,0.07363769363443431,0.1557339115818056,0.12359116376247611,0.037640079724012614,0.03089196053895628,0.03797260404904631,0.03972518816590309,0.115782765294675,0.0,0.1693915702535956,0.0,0.20637826768440654,0.0,23.02377422140618,66.35454664232549,-0.41384188501341107,-1.2849796346400955,60.87852517740552,146.6431013171411,0.03392231507739385,0.004676017600054739,0.12785668804369166,0.33132768042606336,0.12828647403701576,0.10912655314857823,0.3453118080039554,0.30774418243260776,0.35246562963354977,0.30798972578457734,0.0401466150307576,0.036955169476057356,0.07783476204433583,0.075507977797419,0.15409368708881258,0.12251971033289322,432
d_SrSd47_rel,200,1,True,clean_experiments/fire_sims_v2/results_LOSSunrho/checkpoints/IV_bfe_LOSSunrho_n200_t1.pkl,0.1078310049084053,0.27065567683495206,0.1099580970382283,0.10156974724107576,0.27552735175932996,0.21791553645903086,0.28076695805893515,0.21252240009078294,0.03884528602498759,0.03726604938056306,0.06238760759543433,0.05812544830852673,0.12356058715446239,0.11445576211235803,0.034354825711222184,0.03253484812747553,0.02974773537194747,0.03450068086385727,0.08277203302281255,0.0,0.14196870923829924,0.0,0.2176170625621666,0.0,12.286168167090077,35.40875231223676,4.882321268798346,15.159614401941619,26.032225438772446,62.70595848707215,0.1434376388737702,0.01977214474760354,0.10815619090976716,0.2689609560707736,0.1102312594949773,0.10277708092837902,0.27427121396832577,0.21632767183627344,0.27987744492505345,0.2127043464314204,0.035421569309240314,0.03238938875137659,0.06248291748216646,0.058734552681897305,0.1258864071115779,0.11612608593517351,117
d_SrSd47_rel,200,2,True,clean_experiments/fire_sims_v2/results_LOSSunrho/checkpoints/IV_bfe_LOSSunrho_n200_t2.pkl,0.07632036390509742,0.1748672217870808,0.0789672447430774,0.07385027011018191,0.18023723983701348,0.13494760719438223,0.17941319379911802,0.13379413928105954,0.05522250076768349,0.05041648459384375,0.05518269517455514,0.04934532922520379,0.08055136418959033,0.07096030313977876,0.03990797072457706,0.03470832439777974,0.02597075343988826,0.040305957198143005,0.1250851266918514,0.0,0.15163169749744076,0.0,0.15876396038771423,0.0,30.436205663048618,87.7171835018466,11.88893877501763,36.91517160686946,10.030286723519804,24.160775050821893,0.2887917468521879,0.03980846495737254,0.07440959036111888,0.17977925440689235,0.07767278521779516,0.07327592932064383,0.18540971002218892,0.14551184576929113,0.18460731312205825,0.14441245706837824,0.0331446726691841,0.028848046996160233,0.04430441261539621,0.03671128346104915,0.0824612597501316,0.07296886415597009,94
d_SrSd47_rel,200,3,True,clean_experiments/fire_sims_v2/results_LOSSunrho/checkpoints/IV_bfe_LOSSunrho_n200_t3.pkl,0.13136664384411137,0.17337509020997766,0.1362269574404127,0.12768038205916854,0.17929965786732682,0.1488802596834655,0.1821227281314908,0.1473195235595205,0.10832108673574922,0.10383570631526429,0.1111767937493558,0.10453641014533342,0.13605207857955548,0.12027133040128538,0.032944455302554715,0.03295309909184846,0.029364728937331944,0.03288882598280907,0.08316709523916847,0.0,0.13666558174648918,0.0,0.1317265249812384,0.0,7.6764783896859035,22.1236205002234,6.230633449155532,19.34612561706427,24.40954214176138,58.797268018047106,0.6804680781329454,0.09379904356072416,0.10054644922195544,0.1804985931706532,0.10430050092401828,0.09429570213398022,0.18627873656409114,0.15780212281752887,0.18960435258130595,0.15804476244816734,0.03477575495403587,0.031085529413097196,0.06841263706519446,0.06427943981468445,0.09371940428600917,0.07075303776270564,64
d_SrSd47_rel,200,4,True,clean_experiments/fire_sims_v2/results_LOSSunrho/checkpoints/IV_bfe_LOSSunrho_n200_t4.pkl,0.09201435547205258,0.26909283262230826,0.09490822225631342,0.08259020753328417,0.2750940919081843,0.2046984192741044,0.27743804938273803,0.20142436481479037,0.04048881989924179,0.03607856457576305,0.06000949848719595,0.05448219422690312,0.08810068035918353,0.08037784320371937,0.04130119538568139,0.02991633207706349,0.01943270338138182,0.04236990585923195,0.1500233963587701,0.0,0.1626781855782629,0.0,0.15138140143322762,0.0,34.98985585199997,100.8408091485349,-3.558967301867867,-11.050598474588824,-17.66946885789871,-42.56190018398428,0.18268727802435178,0.025182506718630232,0.09097248832458779,0.2715678607007406,0.09357828713643371,0.08326959064556544,0.27761000272756353,0.2065899868319273,0.2809671943297206,0.20746231466383735,0.029216090732627403,0.025493095037195067,0.05426553128216112,0.049815362998281994,0.08384770965529594,0.07840106678316545,168
d_SrSd47_rel,200,5,True,clean_experiments/fire_sims_v2/results_LOSSunrho/checkpoints/IV_bfe_LOSSunrho_n200_t5.pkl,0.1200091974913099,0.23347490757471362,0.1242785602663126,0.11063811716392838,0.2469964710144617,0.21478922719167953,0.25211192949249445,0.2135561708507832,0.045903513143571745,0.042814284890884374,0.07993316064053899,0.07563739184225327,0.13712022307186963,0.10953583134526115,0.039063564106247936,0.037288593754249366,0.03126138530988397,0.03917095810174942,0.12461888640005571,0.0,0.1383664252794198,0.0,0.16043084500284355,0.0,27.676326036701514,79.76320690215476,20.20693179422407,62.74255162281984,32.44510587582562,78.15319005066664,0.23215388026203426,0.03200122478520628,0.12293287139685792,0.23946407317915863,0.12713734450443948,0.1125857178273144,0.2532866056918951,0.22309044272745865,0.25881197473014755,0.22410491400858085,0.03621835597531655,0.03182388421190785,0.07555773408669397,0.0720128067517576,0.14328956876224017,0.11369312318140769,175
d_SrSd47_rel,500,0,True,clean_experiments/fire_sims_v2/results_LOSSunrho/checkpoints/IV_bfe_LOSSunrho_n500_t0.pkl,0.14668906909904839,0.305997752204963,0.15381162806551157,0.12646062337470454,0.3298014006975383,0.28058291589933393,0.3345733477408458,0.27766250139704896,0.02900827759548434,0.026184062846623942,0.06900646925921028,0.056024038060322856,0.1441948531223293,0.11316097559389751,0.050305981661631284,0.031630413252026326,0.028870236119142408,0.04956113174557686,0.21666104155690524,0.0,0.22457483199284364,0.0,0.2873126289216036,0.008454106280193236,64.42132363440614,185.6623367981618,1.9667020287177195,6.106612563456916,22.314524502244254,53.750827042717276,0.06942923155958731,0.009570464397556922,0.14607904500863822,0.3062885694747421,0.1530938883991634,0.12568800989760326,0.3303482889335946,0.2808883374478588,0.33523790582388757,0.27902061366212144,0.0279152648736766,0.025745070844641983,0.06773308197806935,0.05359833700549059,0.14248549678503264,0.11090313413188088,632
d_SrSd47_rel,500,1,True,clean_experiments/fire_sims_v2/results_LOSSunrho/checkpoints/IV_bfe_LOSSunrho_n500_t1.pkl,0.12521241075983058,0.28444453880464116,0.13333418360236954,0.11097068698581543,0.30340157666861856,0.23532292158313883,0.32071018708364774,0.24181142754571594,0.033277638399180576,0.02983824768223907,0.0834562980396697,0.0719339529742953,0.1750987690045946,0.12694134362673012,0.04351760160728104,0.035108135699052495,0.027790930838258916,0.04440130665898323,0.16615282450197044,0.0,0.20539291588303737,0.0,0.23875735391082645,0.07125603864734299,42.234013159537355,121.71847973915514,13.177807165694803,40.91710977148473,17.741832000554137,42.73620722623157,0.0288995695141813,0.003983657818577727,0.12506263582352561,0.28474072047986,0.13314455007077491,0.11071043716456679,0.30372611569610664,0.2359699522214695,0.3210871627002597,0.24294047653038991,0.031767500809705286,0.027843103382405414,0.08256492968087054,0.07183990065207752,0.17516387787753468,0.12750134840527808,520
d_SrSd47_rel,500,2,True,clean_experiments/fire_sims_v2/results_LOSSunrho/checkpoints/IV_bfe_LOSSunrho_n500_t2.pkl,0.2692875029379862,0.20341236013481434,0.2752837438193593,0.25539044916247633,0.2119131566840995,0.18608979235874165,0.21502159222116013,0.18799755524594827,0.31558048785975584,0.3124219501850928,0.3042204735610695,0.3025358714148152,0.3332222929914623,0.3177959681719328,0.039878711390093344,0.03874612288573816,0.03591861485774237,0.039963215589523315,0.130930344941014,0.0,0.15128192385378114,0.0,0.1701972485089228,0.0,30.340573725343212,87.44157213552815,24.90555642060869,77.33178769187293,52.176389516640675,125.6815527635526,2.1787472347986845,0.3003291606939448,0.11221876595090079,0.2222798551340461,0.1152936790294953,0.10492746434997949,0.23200513818081622,0.2109244682391449,0.24918325718236034,0.2221983348479171,0.033418751454666384,0.029579161355284746,0.07762215997222882,0.07749528382259681,0.13214257241119565,0.1188801220764454,34
d_SrSd47_rel,500,3,True,clean_experiments/fire_sims_v2/results_LOSSunrho/checkpoints/IV_bfe_LOSSunrho_n500_t3.pkl,0.10688907873710994,0.19799659269157777,0.11341217698658387,0.08981095198743703,0.20348897051146464,0.14053695706010516,0.2179311586409478,0.14176271976920424,0.03525624026592182,0.029130969013913308,0.06393977003235626,0.05786656225819364,0.09699882474629117,0.08456860672911393,0.045111317707488253,0.031697476235623176,0.021181077087571085,0.04483575001358986,0.1616258360508941,0.0,0.16533381410618503,0.0,0.22148896950706926,0.09581320450885668,47.442954562491714,136.73065549955336,2.182892415200851,6.777884017352378,-10.262134271432613,-24.71924527262225,0.00918780324909981,0.0012664916766621664,0.10695293294395922,0.19806233962826453,0.1134725221793814,0.08980295262164747,0.20354118200698462,0.1406456397013311,0.21798351935741136,0.141895637552892,0.03520219267854463,0.02911368453862944,0.06391942907938747,0.05787174813593605,0.09714871777321002,0.08458009620609798,819
d_SrSd47_rel,500,4,True,clean_experiments/fire_sims_v2/results_LOSSunrho/checkpoints/IV_bfe_LOSSunrho_n500_t4.pkl,0.07779209638994228,0.19896224085882777,0.08190060121313072,0.07451464088964255,0.20720880771050143,0.16447683220304415,0.20702875008569893,0.16241865678793505,0.0268167939954169,0.02343663327678029,0.0467301234369384,0.0410475773402313,0.101071835508039,0.08953832536031842,0.035665826989176676,0.034506694410676594,0.02498970450017626,0.03513026237487793,0.09138997868941244,0.0,0.15718896878588312,0.0,0.17452617654736274,0.00644122383252818,16.57107740228908,47.757866187788764,11.238945850448951,34.89694266248933,5.873876845917848,14.148889365014199,0.06448378959352699,0.008888760521492222,0.07821574182164143,0.19958685658491723,0.0824172398453388,0.07455630224817378,0.20779582916619507,0.1647191001048553,0.20777890647742708,0.1640110818001845,0.029669486886544524,0.027306000537103303,0.04944728473327892,0.04405282106261907,0.10424540961408615,0.09272216153379058,555
d_SrSd47_rel,500,5,True,clean_experiments/fire_sims_v2/results_LOSSunrho/checkpoints/IV_bfe_LOSSunrho_n500_t5.pkl,0.08003727530891334,0.17086062728603366,0.08220784909960155,0.07652055166454663,0.17501037687857157,0.1335240795166574,0.17542811739795755,0.13203451505830094,0.04185630256643784,0.036777669981584826,0.05679307543822715,0.05141582077568582,0.08201067906634632,0.07673763092506117,0.04463267756443402,0.02906658475949943,0.022745821453951022,0.04645111411809921,0.18565313129569846,0.0,0.17153337709244604,0.0,0.18834553956285707,0.0,45.87855519553607,132.2220545306744,-6.298290713148492,-19.556201516857783,-3.632782078000926,-8.750580418546287,0.06277471888270045,0.008653173866945502,0.07914905879197863,0.17033220135531257,0.08123448949976202,0.07503518371158734,0.1746787145742532,0.13287484200272948,0.17528671248606853,0.13140029933528447,0.03804837250686601,0.03359342330372964,0.05664063014366846,0.05185082662880193,0.07938415069868812,0.07312032929611717,339
d_SrSd47_rel,1000,0,True,clean_experiments/fire_sims_v2/results_LOSSunrho_large/checkpoints/IV_bfe_LOSSunrho_n1000_t0.pkl,0.11135031716154617,0.24711947594552316,0.11064637231706455,0.09387664327383739,0.2567389997868173,0.1860233044486651,0.2652444960799283,0.18019266860439215,0.04532131237948666,0.03926082808275918,0.0658096310027105,0.06123323775262225,0.12173459815035821,0.09970756892468213,0.03167502963042902,0.03593571417139817,0.028463815209298485,0.024294672533869743,0.10618214261934462,0.0,0.1896885174470394,0.0,0.22546327007845218,0.0,3.5274559002670207,10.166132399152696,15.845665053692729,49.200812263512894,20.592641101977637,49.60318514131138,0.11560806738982114,0.015935980683799766,0.11050316640940941,0.24743497253000815,0.10964949156587438,0.09202224033771131,0.25679377935709363,0.1864672426431287,0.2658029599698899,0.1806415599504339,0.04253179768355746,0.037807254701016854,0.06394022034839703,0.059273918117212915,0.11992128470294013,0.09938906982813123,569
d_SrSd47_rel,1000,1,True,clean_experiments/fire_sims_v2/results_LOSSunrho_large/checkpoints/IV_bfe_LOSSunrho_n1000_t1.pkl,0.05685861420941027,0.1874465462176197,0.05839628492693997,0.05062605963849219,0.1927346787046691,0.13138813365541963,0.19513875732973707,0.13713999020988094,0.028203771527858613,0.02471489832774812,0.04498824424604177,0.03659332214937297,0.05141414778975181,0.0437018540694859,0.04100936177560166,0.028097820469471207,0.024949514766433006,0.04300852492451668,0.15037862820516357,0.0,0.16061326215596072,0.0,0.18370088478495014,0.0,34.03601961095285,98.0918518864863,-9.42128815584052,-29.253112965930303,5.7036050077385125,13.73874161020533,0.03872070676705002,0.005337451347769119,0.056842063181597666,0.18785852095416766,0.058505540484426605,0.05094907565950898,0.19316233635725166,0.13186499964961185,0.19566057368348896,0.137709670651192,0.028991519109422267,0.024711913744649473,0.04484551084635843,0.03778337502687777,0.05165013811085002,0.0452231629352514,317
d_SrSd47_rel,1000,2,True,clean_experiments/fire_sims_v2/results_LOSSunrho_large/checkpoints/IV_bfe_LOSSunrho_n1000_t2.pkl,0.1499703297667704,0.3252384646844366,0.1566558909253266,0.1341281990989031,0.33486567857104815,0.2583970194499421,0.336474365304526,0.2547525704518774,0.034449265732840254,0.030977723733527925,0.0636789145574223,0.055262021129558796,0.1373244295031943,0.12044471215118416,0.032459198498175974,0.030856890932638697,0.027705327851126282,0.022500958293676376,0.14417950433711413,0.0,0.20623256041603236,0.06693548387096775,0.28723239423227576,0.1181561996779388,6.090452962029685,17.552693196850058,-0.5268954853301948,-1.6360112225256436,17.37915783939072,41.86260420109892,0.03282469007113592,0.004524715607964505,0.15019342929193233,0.32498357534896877,0.15685698814712834,0.13381101670761242,0.3345678407804107,0.2575543946685692,0.33602941051704227,0.2541103616363969,0.03504950734059185,0.03129087214540743,0.06431230815129486,0.05613654731513848,0.1375632479765084,0.12084701439722571,1047
d_SrSd47_rel,1000,3,True,clean_experiments/fire_sims_v2/results_LOSSunrho_large/checkpoints/IV_bfe_LOSSunrho_n1000_t3.pkl,0.12749058338692193,0.2514162020695547,0.1307789089890948,0.11856712674433012,0.26469204454679734,0.2282352189605177,0.27632357839552535,0.22520336992884743,0.039856980702417416,0.03597737245210041,0.08971409465067297,0.07968600316567415,0.14465259737894298,0.12932275175111974,0.03913842159543799,0.03081578900464785,0.027037627525051927,0.026931801810860634,0.16768200287330637,0.0,0.27378528664554735,0.21129032258064517,0.2619878348585032,0.3174315619967794,27.920992119144042,80.46833486350064,-0.6593954312162915,-2.0474237407366247,14.550311980397996,35.04853095109835,0.07728666772251948,0.010653571777031214,0.1277331772070174,0.2518164404721116,0.1309896166607189,0.11842597921995114,0.2652096497885712,0.2288899742000434,0.27687291748743637,0.22616922737206158,0.036378149171585106,0.031279466026966345,0.0889891317297336,0.07874950550202617,0.14479982795362886,0.1312757539684356,864
d_SrSd47_rel,1000,4,True,clean_experiments/fire_sims_v2/results_LOSSunrho_large/checkpoints/IV_bfe_LOSSunrho_n1000_t4.pkl,0.11245933235358213,0.20894159481653019,0.11700034529635873,0.09545752300069384,0.2190001293820384,0.16546607086942927,0.23345548794026683,0.17317995574857437,0.03603262164704924,0.032394845933171115,0.06432774120182623,0.060208747173016997,0.11662706020163055,0.09088110542713479,0.029888414085802905,0.032169979974777475,0.026852209373197825,0.019665462896227837,0.13064048115307703,0.0,0.19253096875412784,0.03870967741935484,0.2353082981033222,0.14935587761674718,-2.3119628521411557,-6.663079885707599,3.706098817656402,11.50744203791217,13.764750927674848,33.15628555406243,0.0717941835523745,0.009896460931588495,0.11345484230826472,0.20827534766056766,0.11806988732091572,0.09707011151212946,0.21835725507972262,0.16478475347045507,0.23285653706065979,0.17262037791834126,0.03109200824563241,0.027393263433930386,0.06592474223676412,0.06275072922658712,0.1172432326649061,0.09303900820981371,832
d_SrSd47_rel,1000,5,True,clean_experiments/fire_sims_v2/results_LOSSunrho_large/checkpoints/IV_bfe_LOSSunrho_n1000_t5.pkl,0.11647739873705795,0.25831878778500417,0.12092724129719845,0.11034648347397147,0.269257298253724,0.22059646270365674,0.2763551130241432,0.22121501222580092,0.06842723958949445,0.06586954391642193,0.07436390990409346,0.07188248071232975,0.10993221270450576,0.10255017085398246,0.03581662828649248,0.03373687478890681,0.026090899036874327,0.030092081055045128,0.08395834768941407,0.0,0.15387318476905176,0.012096774193548387,0.18968959444167852,0.031199677938808373,17.063960119044836,49.178354805495864,8.757284692138562,27.191381277848873,10.539307554029921,25.386895312498897,0.39808727517673187,0.05487429442351736,0.10733660872936174,0.2638228810524662,0.11237473251928645,0.10178613259585759,0.2749661152247754,0.22936132195364053,0.2839385857527495,0.23455710185195977,0.026177054718685748,0.02216902793097563,0.05099533714081524,0.04404208647353393,0.09386961441455144,0.08371263018152336,1078
d_SrSd47_rel,2000,0,True,clean_experiments/fire_sims_v2/results_LOSSunrho_large/checkpoints/IV_bfe_LOSSunrho_n2000_t0.pkl,0.11789613171207568,0.23026333396921236,0.11967635512497368,0.10656857061338582,0.23947297957549726,0.19404279712494246,0.24288140785405216,0.19217452627698067,0.07204500325556155,0.07271060324038053,0.08515625711256067,0.08585191196853298,0.11517730818797534,0.11096335604656524,0.03592457297429377,0.03353462532829512,0.026695900004303875,0.02929265983402729,0.09859792156638869,0.0,0.1746768811535128,0.020161290322580645,0.21907618593759626,0.07588566827697263,17.416769225663028,50.19515110030875,8.10529477593537,25.16695167163672,13.102515050815057,31.56110363230592,0.433659030728246,0.05977767895503395,0.1024408597147899,0.2314234301406956,0.10416605183900204,0.08760483143402613,0.24125288216508017,0.19891673026956114,0.2474603615653339,0.2009130166034703,0.02726117421556414,0.02405497554859754,0.055129086310186544,0.05169001342146997,0.08711385902111504,0.07940766284504046,847
d_SrSd47_rel,2000,1,True,clean_experiments/fire_sims_v2/results_LOSSunrho_large/checkpoints/IV_bfe_LOSSunrho_n2000_t1.pkl,0.11102430038582349,0.21086105461343552,0.1155786233161738,0.10340108955401281,0.22018384154596474,0.17116308883917436,0.22348134033711778,0.17344635963358795,0.033028046441249806,0.02927584278691943,0.06963091561445196,0.06260371789645058,0.11553600931361982,0.10143806682075529,0.040153256345116115,0.03210840083046627,0.024425518113787605,0.04676654189825058,0.17039243836922124,0.0,0.22410350447462893,0.11290322580645161,0.22237540971080688,0.1710950080515298,31.237903295524763,90.02767710014298,3.507586638598416,10.891061442919302,3.4835884777526878,8.391205545825372,0.15941715895871122,0.021974839846305896,0.10917201445247768,0.21027765341945165,0.11412060179470088,0.09962062552332179,0.21965051705428834,0.1698494793903479,0.22217068158401923,0.17148885001865694,0.023513690864877035,0.021246375787534924,0.06790713788019613,0.06030825269690125,0.11486709392182018,0.0982354021404746,781
d_SrSd47_rel,2000,2,True,clean_experiments/fire_sims_v2/results_LOSSunrho_large/checkpoints/IV_bfe_LOSSunrho_n2000_t2.pkl,0.08723334588889527,0.2437847099243509,0.09026764563588341,0.0759109947394904,0.25956884690942944,0.16223657981377704,0.2608403266820121,0.15850282708152302,0.028729674598596083,0.024669382623443994,0.04376082249043878,0.04005660011326602,0.07650490858036399,0.06819266033777982,0.03664412122456219,0.03071736705301945,0.02287755731851473,0.03389691933989525,0.10261695251360921,0.0,0.1833154339554229,0.0064516129032258064,0.18564525181922484,0.024758454106280192,19.76855865149565,56.97301122214101,-0.9766774640122197,-3.0325848985221904,-3.074656762797205,-7.4061781534359525,0.037558168572415965,0.005177201404731848,0.0871908989850624,0.24345432510310083,0.09006008954546615,0.07577326662314376,0.2592565654039518,0.16199329000519208,0.26084254359784254,0.15824933311592554,0.025902658039371758,0.022129276929652157,0.043491377578431495,0.039906601365892955,0.07635025918559396,0.06896615612941849,817
d_SrSd47_rel,2000,3,True,clean_experiments/fire_sims_v2/results_LOSSunrho_large/checkpoints/IV_bfe_LOSSunrho_n2000_t3.pkl,0.09698742930119701,0.27584585668993655,0.09932766929903897,0.08437089557665166,0.28854285309163397,0.23651020113472632,0.29670064576187083,0.23364851313333584,0.030736297122465832,0.027108274187569704,0.042395271176194,0.03739550625555736,0.097078191651493,0.084470294022517,0.03639706929686788,0.030909084739248364,0.02526051441091921,0.034491464495658875,0.0994154384983653,0.0,0.13704754448409087,0.0,0.20496153010672913,0.07367149758454106,18.961087976712825,54.64587970856093,-0.35863874192607614,-1.1135737977634128,7.021217149139556,16.91258214239811,0.047708003958539615,0.006576304290100686,0.09697105168578957,0.27563315382104936,0.0993317068197469,0.08400384406333886,0.28831015347501326,0.2356776677079908,0.29641126909605664,0.2329137629830213,0.031900829998542574,0.028022026877458743,0.04335838756632569,0.0382295414434448,0.09692686007559695,0.0848015180836455,709
d_SrSd47_rel,2000,4,True,clean_experiments/fire_sims_v2/results_LOSSunrho_large/checkpoints/IV_bfe_LOSSunrho_n2000_t4.pkl,0.10868341371912842,0.18983571399328708,0.11398457102443624,0.09811406005068987,0.1911631494697138,0.14128668301519418,0.19298007964200578,0.13894468614962485,0.05392218454332488,0.050673836240463475,0.0689594940438261,0.06458570660877189,0.09446938412112277,0.08810409000991855,0.039270478682437576,0.02823341071430566,0.022944190173548398,0.038291383534669876,0.13101215032015445,0.0,0.17234583232505618,0.00564516129032258,0.2235665378245443,0.07971014492753623,28.35261079196554,81.71226042852832,-8.984187003134277,-27.89591327241203,-2.792353357101612,-6.726170764903531,0.3051858011120814,0.04206830147149655,0.10364017905316286,0.18659739467083908,0.10954846022024967,0.09518657146497003,0.18823349968365344,0.13862312197799714,0.1892688688813792,0.13502799357574863,0.024311150421261855,0.020496373767358897,0.05704670039965126,0.053852410656423204,0.09099562300651501,0.08594786440669393,711
d_SrSd47_rel,2000,5,True,clean_experiments/fire_sims_v2/results_LOSSunrho_large/checkpoints/IV_bfe_LOSSunrho_n2000_t5.pkl,0.10748267801994285,0.24213933398626106,0.11205020844376412,0.092318163290835,0.2542047645446467,0.1984587425069786,0.2531085324101878,0.19094014467978623,0.03279662864345933,0.025432240889148944,0.05273999246219217,0.04269649526570103,0.08356537411140089,0.06889482510726003,0.03999740132182194,0.03070619432173675,0.020081004289931,0.042689722031354904,0.14865554533054642,0.0,0.1625809322452136,0.0,0.2136159413677476,0.04891304347826087,30.72850285488801,88.55958438116441,-1.012694905595181,-3.144419105261424,-14.922812507866714,-35.945803551429876,0.0535020484341526,0.0073749836809869915,0.10752215741215033,0.2420331575628235,0.11210486641446024,0.09248922993400165,0.2540899868124453,0.1984543981387227,0.2527152945718686,0.1909206142849354,0.03039625475701037,0.024893155205719074,0.0518186575791866,0.041236474994634204,0.08423940545052108,0.07062407274059296,1186
c_SrSd47_abs,50,0,True,clean_experiments/fire_sims_v2/results_ablation_abs_LOSSunrho/checkpoints/IV_bfe_LOSSunrho_n50_t0.pkl,0.16433970051425795,0.2588336354844054,0.16832460868870852,0.17252352842633123,0.2709712766626614,0.23512528506602362,0.28563352925629815,0.2330125183477182,0.06594813290591253,0.06315994112390025,0.09984207832258366,0.09638102899285432,0.1586198771554092,0.15922066258100187,0.03814880493568685,0.03792530290980977,0.036782483993537465,0.0381639339029789,0.12051052674526527,0.0,0.14519520331397864,0.0,0.1656713073941066,0.0,24.68650437608812,71.14653706672193,22.25948584170636,69.11573482520964,55.836343738728985,134.49758495621464,0.2979522918072201,0.04107119921764031,0.1685352806528918,0.25630784993504546,0.17199883798940935,0.1756239777527383,0.2687600050010305,0.23233502173632173,0.2827836698086975,0.22942582655227325,0.04406534703065685,0.03957303644410933,0.10202371964968468,0.09810096827804754,0.15897965900710867,0.15832608189488817,127
c_SrSd47_abs,50,1,True,clean_experiments/fire_sims_v2/results_ablation_abs_LOSSunrho/checkpoints/IV_bfe_LOSSunrho_n50_t1.pkl,0.1128661430847258,0.18348470520707683,0.11457951157460616,0.110135288887227,0.18805446539086415,0.1517028429791239,0.19243642588545712,0.15272859831293772,0.07495158969028615,0.07361510213489951,0.0829309757422918,0.08192432999316225,0.09784261449182984,0.09316071371396217,0.028748193221567943,0.02898896518929556,0.02927352713997694,0.028732508420944214,0.08274643838227724,0.0,0.13259856247918958,0.0,0.12735547159733393,0.0,-6.038689128831005,-17.4035097636155,-6.548512280711106,-20.333139835837397,24.02314750227207,57.86652752947724,0.4396552134643188,0.06060422207106395,0.12029841052797838,0.1887473107235446,0.12177632425655177,0.12005568298548502,0.19294149719924603,0.15748780360337475,0.1975641214472547,0.16146684364048236,0.038562689393836905,0.03458192219139396,0.08885445538286971,0.08494954516681402,0.11848956077228717,0.11819761757546063,34
c_SrSd47_abs,50,2,True,clean_experiments/fire_sims_v2/results_ablation_abs_LOSSunrho/checkpoints/IV_bfe_LOSSunrho_n50_t2.pkl,0.11641613019227079,0.20797471419222147,0.11658346738766692,0.11452772416527691,0.21149448052153164,0.17257579136226334,0.21466654956146514,0.17039001868420203,0.11829494569392526,0.11543408597308927,0.10206843264070758,0.09726673735628161,0.12171423192032177,0.11646050634549,0.03274131519308059,0.032562752164680596,0.03131707253871802,0.03275215998291969,0.07914059221307054,0.0,0.13290204314427667,0.0,0.13002831605413728,0.0,7.012530195460561,20.210120958482214,4.972275283133114,15.438921742885496,32.68103594884531,78.7214941858402,0.8408145627578198,0.11590198619604217,0.10505765215947618,0.21508181831715642,0.10507437888162866,0.10076735098923875,0.21823343601645484,0.17763926411716863,0.22559435701573005,0.1860492164619557,0.03910381927636146,0.0354018764247669,0.08007895813828317,0.07558554891457131,0.11023075827829854,0.10405036585817545,56
c_SrSd47_abs,50,3,True,clean_experiments/fire_sims_v2/results_ablation_abs_LOSSunrho/checkpoints/IV_bfe_LOSSunrho_n50_t3.pkl,0.1577612651927779,0.17932404293407184,0.15863433782896733,0.15242153013752252,0.182885941844299,0.13853461509607012,0.1898249232973146,0.1446607093780105,0.09523116359599906,0.09326998962606128,0.14420655460711568,0.12196493252187429,0.1421651141455093,0.1307703509954745,0.018723753602162888,0.01901572924255008,0.01976636534076954,0.018706489354372025,0.21516108253723795,0.0,0.24753088495644437,0.0,0.20729014349634417,0.0,-38.80281729955467,-111.82976889875371,-38.699150653377494,-120.160917172139,-16.255843290772308,-39.15678423118267,0.5483886601487052,0.07559257145850401,0.12121549344672355,0.17363029855183404,0.12268546442094727,0.11743629985051257,0.17748074610413986,0.13156413121073107,0.18396196548633492,0.13775317720657676,0.043901688916842305,0.041413271261686826,0.1023219866214442,0.087364936390817,0.10379246308121753,0.09702843406583864,11
c_SrSd47_abs,50,4,True,clean_experiments/fire_sims_v2/results_ablation_abs_LOSSunrho/checkpoints/IV_bfe_LOSSunrho_n50_t4.pkl,0.13487617039175975,0.1669213436291646,0.13594990826728887,0.13371520737533107,0.17232703660401671,0.1316529140349617,0.17496627684805083,0.13466147851596835,0.13068783397176315,0.12597994498039106,0.12974060221584394,0.12697791318595425,0.12333282237342472,0.1223639139519786,0.022855259104323445,0.02302233473042439,0.0233570451269643,0.022845549508929253,0.1306621033242869,0.0,0.16803807138111898,0.0,0.1566978473104115,0.0,-25.299301796423496,-72.91262001293742,-25.783089624597448,-80.05652952367058,-1.0432108455175275,-2.5128676042753737,0.9551742569400605,0.13166588501936852,0.11444542107680816,0.1771368546916598,0.1165856276813887,0.11843705497752124,0.18149072824255746,0.15111886691660908,0.1851374884787672,0.15457225041513703,0.03765508126464587,0.03364269929743258,0.09326694789703763,0.08179659768137071,0.11304406419615369,0.1164047860696406,8
c_SrSd47_abs,50,5,True,clean_experiments/fire_sims_v2/results_ablation_abs_LOSSunrho/checkpoints/IV_bfe_LOSSunrho_n50_t5.pkl,0.12328838223132643,0.15951469290698717,0.12456475214591951,0.12246637831970883,0.16210135159066968,0.11986696089315974,0.1640742579003319,0.12143595554591896,0.08238150603648636,0.08181866707448227,0.10582771004182925,0.09835232724135282,0.09181227131851807,0.08768069590160144,0.017097577852177907,0.0174880259616402,0.0185340185581683,0.017073409631848335,0.2511138789507899,0.0,0.27890279216190006,0.0,0.2234743861214827,0.0,-44.11785063044452,-127.1477017306413,-43.623995105823994,-135.4525661190764,-21.476926697007325,-51.73323644802979,0.4706720098596595,0.06487972878430064,0.11547605266423862,0.16040284639358912,0.1171778841304448,0.11370741501020651,0.16320240938512515,0.12418117738049042,0.16397605675154686,0.12450047276116821,0.041455923530150325,0.038877305604465964,0.10159678819059945,0.08515539768791189,0.10385936924119635,0.09581504563441195,4
c_SrSd47_abs,200,0,True,clean_experiments/fire_sims_v2/results_ablation_abs_LOSSunrho/checkpoints/IV_bfe_LOSSunrho_n200_t0.pkl,0.08104989132466703,0.2971751072425023,0.08243305539048923,0.07366249733336089,0.31468336833480504,0.27436401992979764,0.3256165286389634,0.27521095700057896,0.08521662671905403,0.0821922100447044,0.07062758486305165,0.06793821202530977,0.07609807889300046,0.06785735897917652,0.03795891698251444,0.03062283232355644,0.028402885792644883,0.03888187184929848,0.11403010708385478,0.0,0.17547724965624598,0.0,0.19688206863343624,0.0,24.065869859643556,69.35786759953399,-1.2814282908102987,-3.9788366440712597,20.33450145270601,48.981382976561186,0.5587858738428739,0.07702577417814568,0.09271745950479686,0.30876679894307923,0.09600984818221062,0.0923871360902673,0.3258443211100381,0.2842015801359694,0.33466528516770194,0.2850661468332169,0.03106984156085536,0.028161486653519488,0.06636839875133753,0.061650049012557356,0.09920879248111794,0.09639359191632205,530
c_SrSd47_abs,200,1,True,clean_experiments/fire_sims_v2/results_ablation_abs_LOSSunrho/checkpoints/IV_bfe_LOSSunrho_n200_t1.pkl,0.09415120074982139,0.19415501221352466,0.09736072449025679,0.08873420429675474,0.19925546047413337,0.14709920417840266,0.19939778773904773,0.14522430818747123,0.057768962772267715,0.057743576789861084,0.06043920474103584,0.057399235289465354,0.11378462079905852,0.08994678152613107,0.034227413082581114,0.03390912863406638,0.03203835958255915,0.03424512967467308,0.09929536998367723,0.0,0.16111654687626736,0.0,0.2292755683218851,0.0,11.869729557665584,34.20857570926123,9.3125779904821,28.915567749695338,35.736912645972836,86.08243525337905,0.41707662125821,0.05749187863874374,0.11324316019073938,0.20036692813651613,0.11755806781583623,0.10792702162945375,0.20554278763502917,0.155276726527115,0.20765382776031377,0.1575630740616275,0.03877959704700827,0.03477229427627813,0.07714920482593762,0.073613679592334,0.14666098862447394,0.11475890550743455,139
c_SrSd47_abs,200,2,True,clean_experiments/fire_sims_v2/results_ablation_abs_LOSSunrho/checkpoints/IV_bfe_LOSSunrho_n200_t2.pkl,0.059867291716248064,0.1872669987606943,0.06172161486299789,0.05540671466162422,0.19146003591896466,0.13022033342313621,0.19459136556818882,0.13586300588002626,0.03896735395732085,0.02980465764171874,0.04574942229192472,0.04170215985417597,0.05298828954677548,0.04582502997971554,0.04219806170936971,0.03602964556943249,0.02530854318958612,0.042675089091062546,0.15123853467800183,0.0,0.15776248187159322,0.0,0.1484290978020753,0.0,37.92119608616599,109.28893543843104,16.148470925945865,50.141024922466194,7.224700667626319,17.402729598021715,0.15086394446039916,0.0207958229826307,0.06416429375470342,0.18641210415595597,0.06573831686754815,0.06193598606514488,0.19058152615137108,0.1283588757485251,0.19324085802772478,0.1317809233054918,0.03476722716383101,0.03029783331300412,0.052933544987761316,0.050201526712369646,0.06038130160287161,0.05822812748761606,116
c_SrSd47_abs,200,3,True,clean_experiments/fire_sims_v2/results_ablation_abs_LOSSunrho/checkpoints/IV_bfe_LOSSunrho_n200_t3.pkl,0.10962709548100086,0.3176326974032688,0.11063308284943943,0.09288370762991366,0.33419348620857825,0.2803733993700599,0.343470749230099,0.2865643817362822,0.0511350897615657,0.048280043976097184,0.056069480784293566,0.05265394311901887,0.09210326295499557,0.07346205309843384,0.03319806630592733,0.03379987257045369,0.03449686870719765,0.03315502032637596,0.08523585789662191,0.0,0.13739387761475108,0.0,0.13524314644427438,0.0,8.50538691080874,24.512535914270877,8.960370120339533,27.821961817858618,46.15287784014733,111.17222569810613,0.3041904643567619,0.0419310993915313,0.11226969062068566,0.31849593606707455,0.11356556159908775,0.10131226288028604,0.33529042205673953,0.28011621687715704,0.34479854735865156,0.28918732801949887,0.03528320883638442,0.03180545079466686,0.0678850865913165,0.061129984951282815,0.11111751262877642,0.10337598472131766,80
c_SrSd47_abs,200,4,True,clean_experiments/fire_sims_v2/results_ablation_abs_LOSSunrho/checkpoints/IV_bfe_LOSSunrho_n200_t4.pkl,0.08277338708132151,0.23024694243982363,0.08323638006800668,0.07096584578599616,0.23704215946193116,0.20034335125817104,0.2504342260172719,0.20769026697731274,0.07052211232590833,0.06450183484970902,0.05791766658364708,0.050975360773813386,0.09553713570589194,0.08121846208723696,0.037393592986457926,0.03587159806282288,0.03189637054472837,0.03750256448984146,0.11042287678766459,0.0,0.13990842169184803,0.0,0.15033962301949458,0.0,22.218150828155128,64.03273899647375,15.638974483884317,48.55903775374486,35.13534771331585,84.63339641560513,0.4952260268241239,0.06826437441405578,0.08553158541140116,0.23548813801963608,0.08622577612693648,0.07553450711837895,0.24233924538189208,0.2075031777079132,0.2568692161588305,0.21766311307594877,0.032708228134991295,0.028996774344485186,0.06795084787154633,0.061559830672869534,0.11238817324696522,0.09422720283752828,131
c_SrSd47_abs,200,5,True,clean_experiments/fire_sims_v2/results_ablation_abs_LOSSunrho/checkpoints/IV_bfe_LOSSunrho_n200_t5.pkl,0.09526805536179431,0.19492088756114426,0.09896696291403231,0.09154985692524348,0.20302848959291267,0.16846866950128297,0.20991935313398086,0.16404848780885836,0.039751909165289874,0.03384853887465253,0.06319469953757524,0.05776809458750414,0.10718168108330095,0.08981616438271856,0.03959845601119906,0.03641684296782812,0.02951543113841717,0.03983163833618164,0.12834678677866732,0.0,0.1383738514545763,0.0,0.1615996704728916,0.0,29.424580063527735,84.80167723504307,17.396675982070843,54.01670337614275,25.048022131710567,60.33522718480161,0.14501686927307383,0.01998983357941934,0.095975006685554,0.1939577048159526,0.09968819877295655,0.09341022773247054,0.20185928504404838,0.1669761835684475,0.2090985235891175,0.1626485519563839,0.033567667058901476,0.02875440281258046,0.06738666660603493,0.06316762729710233,0.11021258382887127,0.09573116889752212,303
c_SrSd47_abs,500,0,True,clean_experiments/fire_sims_v2/results_ablation_abs_LOSSunrho/checkpoints/IV_bfe_LOSSunrho_n500_t0.pkl,0.13477745782599337,0.2200952570685584,0.13951962645554566,0.1287165591011999,0.22887664107752123,0.18417313571614835,0.2453321967562351,0.18209913020225266,0.07810779249127449,0.07855210666061041,0.09047584925962393,0.06773403721706853,0.13879037627896898,0.11927690701230388,0.04093909280860931,0.03566296652548642,0.02707452862418513,0.03108716756105423,0.08606165421960901,0.0,0.18104404084142864,0.0,0.22540926932267377,0.023349436392914653,33.806350768765896,97.42994599066604,14.966410719640187,46.47072632044813,14.706650860878968,35.42511724689593,0.6547483689573327,0.09025371322288997,0.15640299778407474,0.22883251837278912,0.1606991214155058,0.14934917663972572,0.23771169387196892,0.19828839236319196,0.2558368906701325,0.19918934900979243,0.04063135155083762,0.039823775980692366,0.10441092095533977,0.08517406125637234,0.17731059412364972,0.1581647165195546,776
c_SrSd47_abs,500,1,True,clean_experiments/fire_sims_v2/results_ablation_abs_LOSSunrho/checkpoints/IV_bfe_LOSSunrho_n500_t1.pkl,0.11407925804809782,0.24840951984588555,0.12108429252128061,0.1027160560012089,0.25942747493465435,0.1816699852243261,0.27554773061497106,0.17421467015683406,0.041372907978985976,0.03769799507428934,0.07709887619180551,0.06556137015986829,0.13041895288664848,0.09601441887719173,0.04048603745591285,0.03581760721788671,0.0282456438002066,0.04042410850524902,0.1505406249233875,0.0,0.1993538680877867,0.0,0.24961460774980462,0.0,32.32557336795792,93.16234363477335,15.464924642865157,48.01861275274546,19.668314329833066,47.37668336416175,0.22051691379323304,0.03039712848767428,0.11310287732522328,0.24723969587859662,0.12027058822885425,0.10172561882494494,0.2583605978426548,0.17996790912091243,0.2739330865509315,0.17415629857185372,0.03366742468060843,0.029990330985306568,0.07570694676851356,0.05991553287447765,0.1272165541915099,0.09382842162854432,774
c_SrSd47_abs,500,2,True,clean_experiments/fire_sims_v2/results_ablation_abs_LOSSunrho/checkpoints/IV_bfe_LOSSunrho_n500_t2.pkl,0.10483142278866181,0.1772036535279577,0.10662547518343535,0.10339912123559786,0.18234608036652822,0.1439930108141103,0.18549576936490547,0.14503090698629906,0.040885542817840376,0.03485335996202986,0.0630139729788004,0.06150298718041479,0.10711165927948188,0.10055090875623071,0.03984360076910411,0.03849744487758007,0.034322901400819956,0.03993595764040947,0.1266252569267099,0.0,0.1497766715818002,0.0,0.15115238706442194,0.0,30.22581729706186,87.11084396300193,24.10389517903998,74.84262841003105,45.41583058252498,109.39683946198967,0.19941381153488985,0.027488173796621135,0.10846205061220443,0.17704128114613651,0.11034164460465173,0.10748403594097083,0.18203324771640358,0.1444581576305645,0.18536688047845892,0.14492444238476646,0.03297426850404295,0.029311806972227957,0.07267504759909599,0.07097561435184656,0.1166969658636984,0.11005564259087218,49
c_SrSd47_abs,500,3,True,clean_experiments/fire_sims_v2/results_ablation_abs_LOSSunrho/checkpoints/IV_bfe_LOSSunrho_n500_t3.pkl,0.09318236281758135,0.1814442033396121,0.09813458752851831,0.07925919761717401,0.19014388981366998,0.1307418129991854,0.20687624146946543,0.13403976765382927,0.04351812506668397,0.04392651018321851,0.06244802909951641,0.05412208647255175,0.08275997559395162,0.0724577010715147,0.046609020790609794,0.03285916405637157,0.02062308258945795,0.04883309081196785,0.22266620929053116,0.0,0.221992076389802,0.0,0.20560948228497986,0.030797101449275364,52.33808462862447,150.83842658738237,5.927815850908841,18.4058765488845,-12.626189467584021,-30.41373909681248,0.37914636872862945,0.052263387363953494,0.10086517433351677,0.18620248518317822,0.10762917049737196,0.08568497963895672,0.19506969244837505,0.13864045230956656,0.2128834823356558,0.14475264549594735,0.03979708109336057,0.032074192226492715,0.07225250204649666,0.06492946673527994,0.08981333258857155,0.07872985860792206,905
c_SrSd47_abs,500,4,True,clean_experiments/fire_sims_v2/results_ablation_abs_LOSSunrho/checkpoints/IV_bfe_LOSSunrho_n500_t4.pkl,0.09622243857260662,0.24651868952506512,0.09743724999615959,0.07118766349433754,0.26596935445580716,0.20193375582414397,0.262862120067981,0.20147386754904362,0.05026251089777517,0.04482924203281007,0.04632599834114798,0.04234729315733792,0.10630541491919976,0.08890316930229514,0.038449588068760955,0.03176102770321913,0.02150456969558031,0.038441143929958344,0.11547752249774013,0.0,0.14885908325660724,0.0,0.14420821274446843,0.0,25.669591461031498,73.97979529815014,2.387762756546439,7.414006715184936,-8.891593193578256,-21.417910466080453,0.27998132421972466,0.03859399326818134,0.10058489857493075,0.24512024170159852,0.10123891481216442,0.07611403858644258,0.2643352215228124,0.19863251693486791,0.26125895692014456,0.1985063774939566,0.03166040645695885,0.02821103243000434,0.051442760732001346,0.04692842782819172,0.1026789324712943,0.08374169953622493,1128
c_SrSd47_abs,500,5,True,clean_experiments/fire_sims_v2/results_ablation_abs_LOSSunrho/checkpoints/IV_bfe_LOSSunrho_n500_t5.pkl,0.06453833269964879,0.17759146283139604,0.06668769980963139,0.06230343693715676,0.18120825257977696,0.1326421807721545,0.18404735655450705,0.1377677617258484,0.05008664617612476,0.039996094911470645,0.051271843344191784,0.043615603936073416,0.06721048208823716,0.0631910479382505,0.04216946540706545,0.032002026611148586,0.018140399775381344,0.042988065630197525,0.15307347103965058,0.0,0.14861819122521053,0.0,0.1336443265439992,0.0,37.82773121935269,109.01956957318487,3.164668946114312,9.826301525769875,-23.144571327728436,-55.750228972588914,0.2918800438620056,0.04023417090165013,0.06760578394247244,0.17734213318440964,0.06887609914483077,0.06514368481444818,0.18135254114529148,0.13086153193708458,0.1839714699446687,0.13766576505915668,0.03950856039563148,0.03462144215379087,0.05533333246191423,0.05404409339557183,0.06887299691964208,0.06440101086935121,246
rel_LOSrho,50,0,True,clean_experiments/fire_sims_v2/results_LOSrho/checkpoints/IV_bfe_LOSrho_n50_t0.pkl,0.34675472038663935,0.21934917293982314,0.3527734252864688,0.3346010648622116,0.2269002528510458,0.2058777784523747,0.226938326867823,0.20522684581584633,0.4097251274070637,0.40441282709765036,0.40576032011831153,0.40367884333584436,0.4207887916506766,0.4130606744685156,0.036266308689226756,0.03574681372697253,0.034372254220220166,0.03630676865577698,0.10050932635214233,0.0,0.13490977692861927,0.0,0.15475749394161897,0.0,18.5337067493231,53.41416646666683,15.2367082507459,47.310000534446736,45.62492366416346,109.90049913288466,2.838500251754529,0.3912727390415979,0.11911673807654768,0.2576282816113661,0.12240589656854922,0.1192556836793541,0.2662191317281214,0.2373946898183383,0.2812934948892596,0.24459476769596505,0.042817739405733746,0.03752875192377122,0.08360728475029244,0.07572930757536463,0.12996232712383832,0.12262872302546127,69
rel_LOSrho,50,1,True,clean_experiments/fire_sims_v2/results_LOSrho/checkpoints/IV_bfe_LOSrho_n50_t1.pkl,0.289355450735191,0.23466291488846366,0.2920771433275231,0.29462304014436924,0.24127653383120015,0.21301844582323232,0.23509895314608975,0.2021267327207663,0.30524783725558013,0.2996835432585745,0.30341376445390167,0.29721226182706123,0.30163602929011796,0.3069857886589181,0.03124348564703185,0.03171223208742265,0.03283927921406078,0.031213998794555664,0.09084781003740253,0.0,0.14346224747553316,0.0,0.182713151618408,0.0,2.1169867947462127,6.101158639862437,2.23046073280798,6.92558371038193,39.13016871382605,94.256049707789,2.0834322273766253,0.28719047451530266,0.13338252077640847,0.27625621824854085,0.13672241472734808,0.13101734998129425,0.2834827690864219,0.24927251514549195,0.28912783984965845,0.2557986749283804,0.04188845772821477,0.03786092561412292,0.08760115075462198,0.08376420858416274,0.1504640282157291,0.14200126425536186,47
rel_LOSrho,50,2,True,clean_experiments/fire_sims_v2/results_LOSrho/checkpoints/IV_bfe_LOSrho_n50_t2.pkl,0.2891851599080138,0.24686527659981516,0.2920174088895767,0.29204391991934986,0.2527678699750536,0.22900354622050495,0.25212068956713657,0.2299830714268894,0.3353391530155352,0.33781680702897143,0.3226733466611826,0.3374388826078014,0.3438717154918324,0.3450656263670419,0.04726638784840583,0.044446735813032004,0.03723562963013805,0.04745717719197273,0.18294715818135057,0.0,0.1821807820561559,0.0,0.2038921152555873,0.0,54.48663949598565,157.03056445274427,43.282575244451905,134.39245696963505,57.7561857809739,139.1220660896426,2.3499341016310167,0.32392639456138367,0.1601032480211185,0.27906379405259707,0.1662523145081876,0.12000141389260782,0.2868415635992266,0.2552106706205555,0.2963469986803727,0.2640277158468156,0.0399782352491727,0.03697117823479652,0.0912193755659245,0.07830586204453081,0.1837266945198112,0.123313305930455,106
rel_LOSrho,50,3,True,clean_experiments/fire_sims_v2/results_LOSrho/checkpoints/IV_bfe_LOSrho_n50_t3.pkl,0.12665898451003338,0.15702968769668063,0.12813131451013307,0.12717981576899956,0.15924286255020492,0.11714975079401403,0.16023716325611018,0.1189938553461619,0.10898156690676888,0.10886208010994132,0.11347945906360386,0.11374131710018881,0.09555260601756575,0.09019060559968745,0.018257016707956486,0.01863239751612917,0.019630360875561963,0.018233856186270714,0.22217338559694622,0.0,0.25206288066604976,0.0,0.20318255416508285,0.0,-40.328311791454425,-116.22624596815012,-39.93489397467636,-123.99790192166498,-16.832053385604773,-40.544748789624975,0.6855693474342158,0.09450222743779556,0.1131731523588378,0.161738334889868,0.11472650380772043,0.11197252065737505,0.16377881096281338,0.12582054244183558,0.16417705413254882,0.12760131034505906,0.040445022338364424,0.03795802666034598,0.09917876787921986,0.08287533143660553,0.10495683684021737,0.09796226992648224,0
rel_LOSrho,50,4,True,clean_experiments/fire_sims_v2/results_LOSrho/checkpoints/IV_bfe_LOSrho_n50_t4.pkl,0.19155670988786777,0.20352320874067786,0.19250400138188384,0.19347053053740326,0.206930314268412,0.17948123794570023,0.20856611016420976,0.1750040136130801,0.15210122240201757,0.14926845068227432,0.1625020125744804,0.1655087201609028,0.1745115682846021,0.17672261157769903,0.034374869140497644,0.03419309103116596,0.0333734705057201,0.03438896685838699,0.08518085027905048,0.0,0.1368987942701833,0.0,0.14021309993255415,0.0,12.351678610635547,35.597553494006334,10.227985225338841,31.75790850057168,41.39337686920466,99.70762498599797,0.9626165890997063,0.13269177243550034,0.1543696473083449,0.22094198270163998,0.15669372802288023,0.1589735425704049,0.22549672404337312,0.2007343847058657,0.22687226793673293,0.19589931857512433,0.04003008581931634,0.03584481852843442,0.09925202579003582,0.09883120550436829,0.15240469268884976,0.15264013345985794,9
rel_LOSrho,50,5,True,clean_experiments/fire_sims_v2/results_LOSrho/checkpoints/IV_bfe_LOSrho_n50_t5.pkl,0.12610071695484718,0.15733035306388496,0.12757694165118047,0.12688042516286163,0.1595416125306761,0.11714925459445291,0.16058353204382808,0.11813158342686969,0.10632212441048736,0.10623238924780212,0.11276809402143838,0.11266102223600678,0.09520598398580823,0.08978869012980498,0.018050350332318613,0.0184278970043445,0.01943308206708638,0.0180270466953516,0.22740889111915497,0.0,0.25741290237884107,0.0,0.20579109091346648,0.0,-41.00378532185213,-118.17296154342533,-40.594140585958996,-126.0448635762984,-17.667864480238006,-42.5580355878042,0.6631450933256062,0.09141115872268196,0.11340624446191305,0.16124605297117428,0.11497772528956883,0.11214942225066596,0.1633353142206374,0.12506190454384708,0.1637230622611939,0.12639884332605147,0.04058698617365458,0.03811658262140189,0.09953662806458768,0.08321904554991497,0.10469070458935414,0.09726571116490224,0
rel_LOSrho,200,0,True,clean_experiments/fire_sims_v2/results_LOSrho/checkpoints/IV_bfe_LOSrho_n200_t0.pkl,0.17934656063438478,0.3110175787025127,0.18544694068562714,0.17840795665321135,0.33398274663241034,0.29199076177042016,0.3494623114546017,0.296116075817068,0.19640787607012702,0.19242782164542765,0.19357580326000073,0.1955850110523405,0.21015546539820262,0.1919405301986099,0.04200595477739874,0.028261538654244227,0.033870956415664594,0.04392499476671219,0.14256823583067074,0.0,0.2047180247790697,0.0,0.26776263313471416,0.0,37.29330900413927,107.4793640679943,-8.893511195406287,-27.61436476196769,43.50107534005578,104.78461132077393,1.2891213386097853,0.17769878188421653,0.11171871307020514,0.329364635432615,0.11594211829109657,0.10369532970324294,0.35078940353393134,0.3096029200534658,0.3736748400888542,0.318802120970277,0.04174498379779167,0.037620456988000206,0.08001959626714791,0.07772949067546901,0.14227468465258195,0.1278687215858864,423
rel_LOSrho,200,1,True,clean_experiments/fire_sims_v2/results_LOSrho/checkpoints/IV_bfe_LOSrho_n200_t1.pkl,0.1254332291919871,0.2773623384616164,0.1285812696717235,0.12257163554789224,0.28271184612873235,0.22049719008559174,0.2877889107465553,0.21876663384258604,0.07788089370317008,0.07869955187451547,0.10768203777396337,0.105200196913658,0.1526910879226581,0.1379620704851272,0.03450967212985599,0.03290736052903839,0.03100757282529517,0.034650806337594986,0.08828573325831689,0.0,0.145313147192836,0.0,0.23664655682521288,0.0,12.792272059129555,36.8673443739576,6.083186421887338,18.88830239015308,31.36977856512767,75.5629608801628,0.5526786930922337,0.07618393055363021,0.11435910340704658,0.27151932925525535,0.11698695830140451,0.10429599997641154,0.27707144243336174,0.21292654665883337,0.27964968535675494,0.2071207421930871,0.03582052716351865,0.033245500140418695,0.06989274908431414,0.06591834112899622,0.14706903634161972,0.13301283541729958,126
rel_LOSrho,200,2,True,clean_experiments/fire_sims_v2/results_LOSrho/checkpoints/IV_bfe_LOSrho_n200_t2.pkl,0.30822875886828327,0.20234838799084376,0.31068492234798195,0.29689786514194927,0.20619998276397478,0.16681626646895026,0.20539004606705177,0.16912377250967375,0.4027332566244781,0.40343615796156373,0.3949042344620963,0.4004065994459347,0.3851145138301929,0.37804126053277115,0.04427522571281775,0.039769953020941114,0.03235920787253563,0.04463975131511688,0.161033198093607,0.0,0.1612715114950709,0.0,0.15695497328417815,0.0,44.7102506592359,128.85499936843718,28.206069173712653,87.5798844292803,37.09625054206335,89.3567840362995,2.830977682306783,0.39023579132576414,0.09335942848336284,0.2278538282986105,0.0964138824595473,0.08336505915599898,0.23692107128485856,0.20975918329169047,0.2521422340996087,0.2169985116005013,0.037233587374264424,0.03254455728274876,0.05486354254083803,0.04997122764005224,0.11700320655960368,0.10136063347686018,115
rel_LOSrho,200,3,True,clean_experiments/fire_sims_v2/results_LOSrho/checkpoints/IV_bfe_LOSrho_n200_t3.pkl,0.21208556923507962,0.22192065136194494,0.21881333116502,0.20802679119753403,0.2330467130956117,0.2018619643653049,0.23808249884126031,0.20596316923729918,0.23786998917368196,0.2349655891899271,0.221804745752444,0.22010275890639003,0.256172745824777,0.24145107537523836,0.03439588234038433,0.0355285657130952,0.03371874097174699,0.034269798547029495,0.08743330172934408,0.0,0.13781478589727458,0.0,0.14334747174562348,0.0,12.42035867660468,35.79548953163955,14.533143930480058,45.12543233112991,42.85618419445358,103.23120907708478,1.6325326795135249,0.22503627846900603,0.10904493980771818,0.2412417948473136,0.11323288773139735,0.08776223145177253,0.2516729126991559,0.22734312327536566,0.2646344004157804,0.2369876641557147,0.034372770679403176,0.03052926273599072,0.0640995670262388,0.05680315100133404,0.11064941203929893,0.0750756645138553,59
rel_LOSrho,200,4,True,clean_experiments/fire_sims_v2/results_LOSrho/checkpoints/IV_bfe_LOSrho_n200_t4.pkl,0.20103773031597463,0.18824250154795036,0.2030279044104715,0.20203380884177458,0.1930446106890927,0.16174393232861928,0.19339951683650392,0.15978569836197148,0.2551176970494234,0.2508557063249317,0.22155227361259006,0.22162859141662183,0.21854148955738895,0.2163926518759223,0.041410695726282816,0.031414552480391704,0.022844623442962245,0.04216505587100983,0.14641629529315414,0.0,0.1699643082588452,0.0,0.16072494683237173,0.0,35.34774949298297,101.8722590778657,1.2708334415582843,3.9459396222521814,-3.2141877078021053,-7.742277795232532,1.737167078830926,0.23945959514603843,0.08472432457163832,0.21822343670097416,0.08753869247266538,0.08619546065783325,0.22208015511871237,0.20191883877049072,0.23347427604764887,0.21129417631564684,0.02962264428452466,0.026179343496497393,0.05808544497706376,0.05255876404758397,0.09391239682066352,0.09691440045661764,176
rel_LOSrho,200,5,True,clean_experiments/fire_sims_v2/results_LOSrho/checkpoints/IV_bfe_LOSrho_n200_t5.pkl,0.2582685555705988,0.21050608666289333,0.2617451852863297,0.26801463620880606,0.21928582406987526,0.19786193302711783,0.22056382997315105,0.19828044223833993,0.32861491017543487,0.32541081448328874,0.30831326911266904,0.30495375920196166,0.28347533413426756,0.2847602406260603,0.03971513928489289,0.03758442639823111,0.032673336474728164,0.03987354785203934,0.12793218494336733,0.0,0.1420143248932306,0.0,0.16481299045625206,0.0,29.805950581963874,85.90078755510741,21.160605045942397,65.70370840983601,38.42711913805167,92.5625564789235,2.401565277696409,0.33104348805699213,0.13727255106985764,0.26730901882281977,0.14297807358843367,0.12519957121888256,0.27701467428375015,0.2489941012461605,0.28763779487972196,0.253484378944162,0.03427620092791332,0.03060001035547715,0.07718159456915571,0.07418285181273357,0.1788066297904236,0.14860389926309236,215
rel_LOSrho,500,0,True,clean_experiments/fire_sims_v2/results_LOSrho/checkpoints/IV_bfe_LOSrho_n500_t0.pkl,0.22522289012648544,0.34031598674273666,0.23015098877151657,0.20046728694290827,0.36495759099613134,0.31046377400271896,0.37079780245758265,0.313423707632264,0.213924977054319,0.21236017042724598,0.2133888281109131,0.2014748140408237,0.2677479436692396,0.2239632021514301,0.05372926391040885,0.03415679362830887,0.03004343483491173,0.054535333067178726,0.25239694345779284,0.0,0.2491073641125982,0.0,0.29756499169924966,0.051328502415458936,75.61006461364185,217.90830255669204,10.110973587455533,31.39458720047887,27.285015303697076,65.72365628043809,1.4520061347056479,0.20015161777079649,0.16613282476512253,0.35559917320605094,0.1740027455710838,0.16172423485819792,0.3817638922446662,0.3312903119509558,0.3916034774186079,0.3407337141620177,0.0330687883613166,0.02955371614952621,0.0764764299574181,0.06274361084078793,0.17159544438052837,0.14534387872418375,750
rel_LOSrho,500,1,True,clean_experiments/fire_sims_v2/results_LOSrho/checkpoints/IV_bfe_LOSrho_n500_t1.pkl,0.17216955613713214,0.3892521508836081,0.1782412356788627,0.16027826180523336,0.4081223759007656,0.32801169172380684,0.4106547018433026,0.3207726222044035,0.13852996267818166,0.13947540169751801,0.1643390481515459,0.14914711037634576,0.2170570901207336,0.17993527024499,0.04042574933976325,0.036868180963198945,0.029362933511508708,0.04034007713198662,0.135801212517164,0.0,0.18790089100360607,0.0,0.24599723755356964,0.06662640901771337,32.128526187298235,92.59445340904026,18.851650551056824,58.534401457876626,24.401935461478548,58.778945182791944,0.9202385191403463,0.12685017228131823,0.14195647494341637,0.39999054984408033,0.14905408887091395,0.12944076193462095,0.42054734028675245,0.3421781772750044,0.4252873825756983,0.3413734745063932,0.03195624743612016,0.028089254720896843,0.08288482695338696,0.07082679588329902,0.18697176218630374,0.15846551864983321,544
rel_LOSrho,500,2,True,clean_experiments/fire_sims_v2/results_LOSrho/checkpoints/IV_bfe_LOSrho_n500_t2.pkl,0.3263507781257782,0.21584239903008492,0.33347623514603963,0.3087490370310534,0.2245975233612983,0.19493965846382472,0.22781373827416856,0.19866518971985994,0.39677991596130696,0.3936786793927621,0.3795108780029249,0.3779789028606283,0.4055756982054968,0.3895290733110046,0.03578521168222475,0.03515338478341609,0.03354846687167528,0.03583401441574097,0.09649718726507511,0.0,0.13937521696840305,0.0,0.15868981983764013,0.0,16.96127730703766,48.88242281045569,13.323676265336731,41.37003353089852,42.13478394336558,101.49351307012286,2.755045562791732,0.3797689370897909,0.10329669623032216,0.23355882981093057,0.10681164321362108,0.09597449556565397,0.24378215562246702,0.21806312684483925,0.2662083442971659,0.22960135574583798,0.034103943963697106,0.030396529872180222,0.07705838467902229,0.076652709088976,0.12528337359540365,0.10960729253688647,35
rel_LOSrho,500,3,True,clean_experiments/fire_sims_v2/results_LOSrho/checkpoints/IV_bfe_LOSrho_n500_t3.pkl,0.16282855979782032,0.22309495307661947,0.16644180774066772,0.15032065062130873,0.22629187748702212,0.1745206814254228,0.2364121898506563,0.17171481643914033,0.13449616172396445,0.12635993417432345,0.13468111726898296,0.1246689485935267,0.15071660745517507,0.13208147296358994,0.04476071233106852,0.030824222311525568,0.02019113551916027,0.043323636054992676,0.15633738697017768,0.0,0.15472808570301788,0.0,0.17530796295864332,0.19243156199677938,46.297027216276355,133.42809142765293,-0.6322090494682836,-1.963009987197374,-14.45621954754471,-34.82188278372115,0.8369961783896772,0.11537564144426232,0.13124623535257868,0.2260200168851198,0.13426240714206789,0.11732912343052418,0.22984078742847036,0.18302847479986906,0.24353019252391742,0.18228938328756578,0.03362035225318734,0.027200169623270307,0.06952719480908978,0.061888994965967836,0.12940859269720356,0.11098265869745391,765
rel_LOSrho,500,4,True,clean_experiments/fire_sims_v2/results_LOSrho/checkpoints/IV_bfe_LOSrho_n500_t4.pkl,0.1167805457787701,0.21625150548775962,0.11992008925512304,0.11238808773526611,0.2213096401991938,0.17988574496128568,0.22278032475132847,0.1758818861207747,0.10201199374876094,0.10318200903505664,0.10489621924579895,0.09656901383083358,0.12008922735014317,0.10889920588990953,0.037304709132082635,0.034513800210970814,0.02498664685367082,0.03758206591010094,0.09958152669779682,0.0,0.15805954959346435,0.0,0.1696086487528853,0.005032206119162641,21.92764062433061,63.195488218891704,11.261852760184945,34.96806864941629,5.860922515483367,14.117685205832231,0.8069705707784589,0.11123676503438078,0.07888346583992331,0.22060099170368525,0.08268609156411497,0.0741589431686762,0.22503249360519584,0.1813986371351688,0.2297226741857929,0.18741852946416065,0.029514889770783714,0.026837819290412623,0.04804782647477811,0.043205093649541185,0.10424346228201267,0.09469089664666397,598
rel_LOSrho,500,5,True,clean_experiments/fire_sims_v2/results_LOSrho/checkpoints/IV_bfe_LOSrho_n500_t5.pkl,0.12928520832218837,0.1907124085136611,0.1336976864602935,0.12547936250547984,0.19654511132220417,0.16586891970910772,0.20043377650908423,0.17429293024255932,0.12329921247933306,0.11633349008801398,0.11324636628234866,0.10697493384487336,0.15765880410650598,0.1414786898770356,0.044026382873239525,0.029259146219387577,0.024875027198781822,0.04649892821907997,0.18385621384087908,0.0,0.17551773251948066,0.0,0.20090591612245218,0.0,43.89692652343831,126.51099817275421,-5.677531924884113,-17.628744606792406,5.388023542419551,12.978574627550568,0.8037015904718313,0.11078615282194339,0.07824703076888383,0.19223803691873276,0.08119317903714907,0.07277015694779054,0.19892443608858185,0.17810909296837513,0.20848622006307851,0.1894078301816252,0.03839681077126719,0.033994771645986105,0.05893915005439537,0.05485216865941661,0.07841444459216587,0.06830661899579588,281
rel_LOS,50,0,True,clean_experiments/fire_sims_v2/results_LOS/checkpoints/IV_bfe_LOS_n50_t0.pkl,0.34889126585045005,0.2301791069876128,0.3553290148582644,0.33719573838924244,0.23948346958006356,0.222738305074545,0.2452906868556677,0.2252907859777552,0.40590129529210206,0.4007051069523748,0.39545659406411293,0.39223916059725705,0.41498925869188275,0.40796673872547495,0.03418513311374169,0.03399178333747099,0.03346223216455079,0.03420278802514076,0.08491225692835908,0.0,0.13430136035010887,0.0,0.15617030780755997,0.0,11.73154065427516,33.81031511361369,9.57903127536893,29.74290557378105,41.7694333742191,100.61346316136608,2.8102380330418875,0.38737693677057367,0.11879052177464473,0.24816273177881232,0.12270756816583153,0.11909564672418363,0.2580280279790551,0.2326509965828236,0.27706709605662283,0.2395423652490788,0.04113855672137286,0.03601721338847415,0.08270343827281267,0.07616587292260438,0.12606802357334915,0.1183440619878969,74
rel_LOS,50,1,True,clean_experiments/fire_sims_v2/results_LOS/checkpoints/IV_bfe_LOS_n50_t1.pkl,0.3121553079695599,0.22122644241383488,0.31278695072554064,0.32033384203227117,0.22889335968811472,0.20804833734983993,0.22252498444440955,0.19147586852125287,0.34119649458255696,0.3357515890249987,0.33531471879107383,0.331677538376854,0.3116604116866784,0.31994913434437766,0.030515004524162673,0.030729117270617952,0.031113450326402933,0.030502870678901672,0.08917270945541467,0.0,0.159547064036019,0.0,0.1993565302482517,0.0,-0.26399905442137817,-0.7608456112224532,-0.9387983845612927,-2.9149703035863075,31.818349756233907,76.64347113289402,2.3648532365777077,0.32598292099329607,0.15467831607162758,0.2675348907824318,0.15838368764316307,0.15552967806445017,0.2749064524846736,0.24419669289800836,0.28037998873861936,0.24876095980462365,0.041531873843150824,0.03760284589670969,0.09687242532603009,0.09471912666362654,0.17939867180782987,0.17921761584121,45
rel_LOS,50,2,True,clean_experiments/fire_sims_v2/results_LOS/checkpoints/IV_bfe_LOS_n50_t2.pkl,0.35770387147022953,0.28836376112122,0.3592073831039221,0.36183593476159104,0.2959912464828245,0.25673979295527094,0.2908432216810487,0.25255978128748235,0.40457489254918566,0.4050647469385098,0.3954446360099595,0.40671104012315706,0.4063339341979384,0.4103227481389901,0.042618157936205825,0.0420704959857968,0.038130539364650065,0.042645879089832306,0.15246051696693227,0.0,0.16827014759245626,0.0,0.18802686375917219,0.0,39.29424905896776,113.24607585555044,35.622310533969774,110.6073242767404,61.54764970241683,148.2548764912124,2.86529062968758,0.39496565559052016,0.1799458675007477,0.3065561439181955,0.18579939266600043,0.13442373979220185,0.31470858349083775,0.2687769868122821,0.31881556022253976,0.2717102048227301,0.03918476495813175,0.03634655044613916,0.09479308993675963,0.08458104502814753,0.20919243004524696,0.13911507791337074,110
rel_LOS,50,3,True,clean_experiments/fire_sims_v2/results_LOS/checkpoints/IV_bfe_LOS_n50_t3.pkl,0.12665898477955068,0.157029687705658,0.1281313145742194,0.12717981572929843,0.15924286260815596,0.11714975079401403,0.16023716335356003,0.1189938553461619,0.10898156742655678,0.10886208025599199,0.11347945916174956,0.11374131710018881,0.09555260626287239,0.09019060436352327,0.018257016795576175,0.018632397515748824,0.01963036086031701,0.018233856186270714,0.22217338559694622,0.0,0.25206288066604976,0.0,0.20318255416508285,0.0,-40.32831150507605,-116.22624514280727,-39.934893975902476,-123.99790192547205,-16.832053450193055,-40.54474894520408,0.6855693474342158,0.09450222743779556,0.11317315222407143,0.16173833483804054,0.11472650375967142,0.11197252065737505,0.1637788108637861,0.12582054244183558,0.16417705412173675,0.12760131034505906,0.04044502239472521,0.03795802666034598,0.09917876779366605,0.0828753309451643,0.10495683666216613,0.09796226992648224,0
rel_LOS,50,4,True,clean_experiments/fire_sims_v2/results_LOS/checkpoints/IV_bfe_LOS_n50_t4.pkl,0.19509380201637022,0.206431575247997,0.1960401088110575,0.19720659731716889,0.20975301279960484,0.18237726651554564,0.21149228707841816,0.17751236427734182,0.15596010306449248,0.15349828401797624,0.16653822575834962,0.16907197251305411,0.17925962736997447,0.18140497078296686,0.034706861172549584,0.034530417058979454,0.033712414339807824,0.0347205325961113,0.08719525088892602,0.0,0.13805035045725578,0.0,0.14043489093705486,0.0,13.436769638442481,38.72478721873779,11.315420355905335,35.13439610941977,42.82938015398274,103.16664398436909,0.9911680227915484,0.13662744151189601,0.15649585703457194,0.22397370690331347,0.15886578445327695,0.16072427721470298,0.22846956306894387,0.20393396904741412,0.2301558495652759,0.19930267377544003,0.04016943615872662,0.03594162382277162,0.09996107558524607,0.09984653488333282,0.15506201477702894,0.15559351371000757,9
rel_LOS,50,5,True,clean_experiments/fire_sims_v2/results_LOS/checkpoints/IV_bfe_LOS_n50_t5.pkl,0.12610071688721447,0.15733035312295895,0.1275769415962677,0.12688042516286163,0.15954161247367385,0.11714925459445291,0.1605835317808605,0.11813158337692259,0.10632212440971138,0.10623238924780212,0.11276809390649838,0.11266102223600678,0.09520598372441687,0.08978867715824852,0.01805035044531401,0.018427897001936377,0.019433082090080163,0.0180270466953516,0.22740889111915497,0.0,0.25741290237884107,0.0,0.20579109091346648,0.0,-41.003784952535156,-118.17296047905334,-40.59414059372204,-126.04486360040265,-17.667864382820245,-42.55803535314604,0.6631451003348177,0.0914111596888659,0.11340624468907946,0.16124605290666655,0.11497772558867511,0.11214942225066596,0.1633353143296985,0.125061904970726,0.16372306216397653,0.12639884332605147,0.04058698756791227,0.03811658450795556,0.0995366293095025,0.08321904263565832,0.10469070529924576,0.09726571340447376,0
rel_LOS,200,0,True,clean_experiments/fire_sims_v2/results_LOS/checkpoints/IV_bfe_LOS_n200_t0.pkl,0.29252518320373555,0.4545443713838221,0.29909033325953066,0.3104866226334154,0.4855161460403914,0.3582909749290605,0.48697562714426507,0.34800848060511724,0.34281376890984794,0.335728195162311,0.3426079537223517,0.34188568409364684,0.3596463729057248,0.35716878112662565,0.04300803179934648,0.029463346595659315,0.03447277596212828,0.04381134733557701,0.14151976735696364,0.0,0.2017774968253288,0.0,0.2671012647741503,0.0,40.568522505398434,116.91853355180636,-5.019252857976303,-15.584787178802737,46.0508041111708,110.92635232754557,2.3465046947940325,0.3234536683724163,0.12133785827488731,0.4684956610471377,0.12617852638722304,0.11023010525829338,0.4966840844146012,0.35096459687799386,0.5037698965085313,0.3562865876434858,0.038751436971444286,0.034034620308019764,0.07780754621077474,0.07441582595156243,0.1474696643851333,0.12411669434957695,414
rel_LOS,200,1,True,clean_experiments/fire_sims_v2/results_LOS/checkpoints/IV_bfe_LOS_n200_t1.pkl,0.17622541914965995,0.31444276282609085,0.17836938371027047,0.18037291992194154,0.3206738671257651,0.25704926401769923,0.3243258582841599,0.2551950570831248,0.19043507879451577,0.19299046549201496,0.18122619681011926,0.18386654485271714,0.20515440039639282,0.1882213499609083,0.03624238314110154,0.03421192140919202,0.030498739597825897,0.03639316186308861,0.09611888268733185,0.0,0.1426028275634401,0.0,0.216532439078932,0.0,18.455507891821693,53.18879725970905,10.288688559499304,31.94639243846119,29.214004916030994,70.37017191689411,1.3658124030586336,0.18827025279684678,0.10248023904253738,0.30505457823624704,0.1057292488622828,0.0953878346729711,0.31298611220811146,0.24808007813383387,0.32686225980391825,0.26507494386782793,0.03490214121665086,0.03111397680219936,0.058378607599030005,0.053328476183888744,0.1295505498282357,0.11241008497521857,102
rel_LOS,200,2,True,clean_experiments/fire_sims_v2/results_LOS/checkpoints/IV_bfe_LOS_n200_t2.pkl,0.20788119345395745,0.22038957693950612,0.21115616233050544,0.2070555499064589,0.22947295148816507,0.20641385639036158,0.23206658173739703,0.20231549395262824,0.2840982865207582,0.2818946942573102,0.28216379513723494,0.2872395615007225,0.27417717739646363,0.2753161886946301,0.041377972867244796,0.039914318299306195,0.03651229307086687,0.04149431362748146,0.13678473453121798,0.0,0.15975173319806613,0.0,0.16979414879741248,0.0,35.24079728534447,101.5640226791761,28.671458329556266,89.02491841230017,54.691625902169136,131.74020912956624,1.979721788016997,0.2728945209918296,0.10810345947424303,0.2545519027035682,0.11160832849484129,0.08183224031307704,0.26707270209502415,0.24767160342583722,0.2768326901427793,0.2547811135201529,0.03782874479401072,0.03269112563770711,0.05423099250092506,0.04892473960357589,0.12305081782229012,0.0756021111815306,127
rel_LOS,200,3,True,clean_experiments/fire_sims_v2/results_LOS/checkpoints/IV_bfe_LOS_n200_t3.pkl,0.2498054289808287,0.43935860379004643,0.2591737228509287,0.22834717521347728,0.4767471568100212,0.36118605605246284,0.504992560448094,0.3571111428000108,0.26219416214864794,0.2587508795114161,0.255676059562774,0.2507925140021128,0.3111325158605024,0.2793420432642584,0.03148618561030415,0.034193180345170514,0.04084345033160014,0.03130092844367027,0.07408966346631024,0.0,0.13181216258603723,0.0,0.14404314663272808,0.0,2.9102334006004185,8.38729636866634,10.228273146157855,31.758802495119404,73.04143913905406,175.94091067096667,1.797989683419287,0.24784368004376636,0.12509899303678648,0.45859034231078877,0.13268620800737468,0.08587687870302155,0.493740249633168,0.3646280816029394,0.524379829989154,0.3766997055505986,0.036520288423117254,0.03253842714333234,0.06553690196108541,0.059496083394935964,0.13537842214687748,0.07369862164104563,56
rel_LOS,200,4,True,clean_experiments/fire_sims_v2/results_LOS/checkpoints/IV_bfe_LOS_n200_t4.pkl,0.37185616818096723,0.25375385395039785,0.3732398778743371,0.370750551054851,0.2545209284228127,0.2135739013500944,0.2585307094818609,0.2084553457678563,0.4736150325686768,0.46691446889917054,0.43122033288951556,0.4251326287322662,0.4177265889560522,0.3984343060627735,0.03808577437577146,0.03281414960104441,0.023931324050850914,0.038484182208776474,0.11413520081231529,0.0,0.1596396415030113,0.0,0.15179139011578907,0.0,24.480493723907355,70.5528141046441,5.782703122954343,17.9553013246233,1.389836574564961,3.347813453500712,3.3356681478166563,0.459804790196265,0.13595376675863857,0.2806452086926356,0.1390254380627453,0.13514933499828596,0.28069188360291203,0.24815739746909296,0.3039433034641118,0.25665101839238336,0.027676252549337543,0.024320374677522377,0.0767879440400474,0.07375053296869924,0.16178254208997048,0.158902285645439,155
rel_LOS,200,5,True,clean_experiments/fire_sims_v2/results_LOS/checkpoints/IV_bfe_LOS_n200_t5.pkl,0.2608031241884008,0.5264245938789752,0.26535533843291975,0.26564972607662596,0.5686781589470522,0.5296779968986032,0.5910153339556647,0.5321063040493103,0.31149574226439364,0.3093243483639903,0.2909401262797495,0.2948391982726851,0.27667030622283717,0.27766601548178294,0.03797590594303838,0.0361276705618496,0.03653433785812177,0.03816830366849899,0.11785976098983955,0.0,0.13511851071773476,0.0,0.16541292870568086,0.0,24.121397001431735,69.51789689291863,16.464473284610033,51.12221269027401,54.78502304861811,131.96518250350292,2.3382923649198384,0.3223216407103427,0.14956775464229832,0.5636441379161393,0.15442115161437778,0.1257134620479158,0.6047072655978847,0.57934752441394,0.6337445578689522,0.5866153914706965,0.03742437081910706,0.03258879099819585,0.0799068075739236,0.0777847524820082,0.18198897322426064,0.14454334653519885,164
rel_LOS,500,0,True,clean_experiments/fire_sims_v2/results_LOS/checkpoints/IV_bfe_LOS_n500_t0.pkl,0.20308586139147417,0.3496722835425071,0.20829678529433118,0.1893613547951054,0.3656738806130623,0.3216515605570176,0.3766051115775074,0.32362965624264517,0.11144041993038939,0.10976705196662793,0.1306456765505898,0.12631774256528858,0.20618133980295333,0.17438450782465553,0.05684313333186376,0.03478739540042218,0.028473790667809744,0.057053156197071075,0.2673627251644055,0.0,0.22973418720116784,0.0,0.2989364697860236,0.021739130434782608,85.78751300027804,247.23972177479033,12.143839313348009,37.70663813665948,20.63490412537174,49.704987555274094,0.7703735321247887,0.10619205047218135,0.18282322846832672,0.36030251505471916,0.18892644313928664,0.17572581161677892,0.37458860508643765,0.3334387801293925,0.38657982289411486,0.3367638598175974,0.03378492529248443,0.030405935443765922,0.0774012182223825,0.06662781232167027,0.1809737836286035,0.15667804133073315,507
rel_LOS,500,1,True,clean_experiments/fire_sims_v2/results_LOS/checkpoints/IV_bfe_LOS_n500_t1.pkl,0.25975604021677107,0.4618329957231538,0.2674525765919132,0.24610355412710583,0.47382301477864386,0.38716712974604717,0.48178348438882884,0.38574028706587415,0.2754797135740636,0.278470372548006,0.28662778318012494,0.2769207683417156,0.31639148290170893,0.2706373743483403,0.04296930093673256,0.036100374662936974,0.024154352615195634,0.04320302978157997,0.1529077452378977,0.0,0.18570289566517983,0.0,0.18801951063026529,0.160829307568438,40.44193358920719,116.55370413404722,16.376479720667213,50.84899255055264,2.334741655550942,5.623883892499048,1.961106509046418,0.2703285000142589,0.14778058855522783,0.47890119647137563,0.1586449937277732,0.12916641051178163,0.48936675468673374,0.40752121555008125,0.5002077140898381,0.4051449361340028,0.035036736889122025,0.030669142655989405,0.08070531740747532,0.06033976057656665,0.2112961714527229,0.17208859368475568,463
rel_LOS,500,2,True,clean_experiments/fire_sims_v2/results_LOS/checkpoints/IV_bfe_LOS_n500_t2.pkl,0.4275033380889187,0.24445767722572054,0.4367157890738596,0.41242563536952953,0.25463652512946566,0.2228862192998143,0.25563379617754767,0.22289792478977097,0.5374807842961113,0.5346904746195968,0.5091451048223418,0.5040816237765334,0.5374815225161853,0.5237615096069403,0.039888514151407005,0.039283885876744286,0.03753097386991039,0.039934273809194565,0.1286873735547153,0.0,0.1535504628352642,0.0,0.17850712782956982,0.0,30.372613314617222,87.53391027263976,26.639138534414332,82.71456259186732,59.00747067186115,142.13613872849635,3.7612802097165674,0.5184732356634743,0.12280098949262783,0.2509791150617257,0.12631359006404602,0.11139209177262699,0.2604019119627057,0.22844020471531662,0.28309581846366655,0.23843751446669248,0.03514116798067704,0.03144814415206064,0.08637981758141286,0.08709037648178222,0.15769637760200467,0.1345263572451162,34
rel_LOS,500,3,True,clean_experiments/fire_sims_v2/results_LOS/checkpoints/IV_bfe_LOS_n500_t3.pkl,0.18432830965938712,0.2836172373907254,0.18714445082700867,0.1641875188972974,0.29038906789335617,0.23022291592833793,0.296633418702679,0.23107426854826946,0.1649062299745897,0.15502277133005246,0.1633364247772754,0.15112698525256524,0.18010933418939673,0.15557736115138276,0.04429829295941042,0.03243351722584845,0.018833152860485078,0.043049685657024384,0.15199747569754016,0.0,0.16639395141499314,0.0,0.1703686643543115,0.20772946859903382,44.78564422262721,129.07228371419524,4.5556616779108525,14.14533591310116,-20.209584448776546,-48.68048513434037,1.0487661152160985,0.1445670439031921,0.1379009604006331,0.2708829637640048,0.1418114347452103,0.11701735339769503,0.27739525401158527,0.2208139043540983,0.2830762133158916,0.2180678696485829,0.03509495969018904,0.029037061133675546,0.07754748182187396,0.069848828286265,0.15903401447047597,0.12170733958534086,779
rel_LOS,500,4,True,clean_experiments/fire_sims_v2/results_LOS/checkpoints/IV_bfe_LOS_n500_t4.pkl,0.2554280613436074,0.2586656326154338,0.2602882756901833,0.24888178454718907,0.2655143459503537,0.2370348638775368,0.2738161240918826,0.23622772222486907,0.31023911509537117,0.3121775727813202,0.3111285880539631,0.3078006734067545,0.2790162472369836,0.26476448588532603,0.03605144273091792,0.03629032754164631,0.025880432203472976,0.03600393235683441,0.08974295381562342,0.0,0.14856275046409512,0.0,0.17397435297997813,0.003421900161030596,17.831433498663934,51.390214063450685,16.988829247324475,52.750338691508304,9.647622756415458,23.2390209390891,2.295853109477981,0.3164716064503994,0.08268065461671631,0.24945327657378535,0.08602528747779262,0.06792977606602213,0.2527259608598321,0.20697509364141242,0.2672765844426452,0.21974299338811717,0.02858622198339191,0.02616535928656579,0.049647454930577664,0.042694954661351744,0.12348448195083424,0.10457398281139724,689
rel_LOS,500,5,True,clean_experiments/fire_sims_v2/results_LOS/checkpoints/IV_bfe_LOS_n500_t5.pkl,0.1936437211708889,0.219754117797021,0.19272124067291077,0.19512171776667664,0.2263236407098495,0.19965203876705706,0.22694383174141167,0.19868248026819557,0.21066211502255874,0.21049013072455186,0.20729869931754863,0.20737302702845417,0.1991832655875998,0.2058986493135414,0.044053986492114595,0.028390337583410263,0.01885974797408165,0.04541892185807228,0.16997210078037217,0.0,0.16832340040170535,0.0,0.18877540424615366,0.0,43.98714687900291,126.77101335244758,-8.478303150944532,-26.3251432003203,-20.096908935482396,-48.409074375557935,1.4894714258240198,0.2053160164936133,0.09450796545540917,0.22202448591739155,0.09511628001215133,0.08541440884851895,0.22856718863059977,0.19907915422796985,0.2321739849352662,0.20437166985533178,0.0367924989401806,0.03225935922326113,0.05518158976644876,0.04997503294363483,0.11380770186058593,0.09442643648120644,370
abs_LOS,50,0,True,clean_experiments/fire_sims_v2/results_ablation_abs_LOS/checkpoints/IV_bfe_LOS_n50_t0.pkl,0.15549619241304902,0.20770366454698563,0.15942811426699172,0.16099011039288635,0.21709586353002702,0.1847775817435342,0.21680387659641864,0.18140476166522118,0.08388498936255975,0.0804561351999058,0.09858940695977027,0.09656535435570446,0.15971694259232913,0.15766790511098286,0.03888559413051352,0.03843683747248276,0.036711023239829506,0.038916438817977905,0.1202992995127207,0.0,0.15140618299532455,0.0,0.17413289003026503,0.0,27.094644534603834,78.08680007194737,23.90851558766221,74.23597450418825,55.533585975533356,133.7683074776051,0.46275433190485227,0.06378831738198994,0.15742361291360502,0.20831168740779468,0.1606917733640766,0.15683807901215782,0.21772446406059978,0.1848159060323762,0.21760501809927146,0.18105254949448746,0.04057006456674557,0.03633006303505014,0.098487660242128,0.09610936073745602,0.16198075270746526,0.15473197549653095,92
abs_LOS,50,1,True,clean_experiments/fire_sims_v2/results_ablation_abs_LOS/checkpoints/IV_bfe_LOS_n50_t1.pkl,0.11760655980068482,0.19757576516796793,0.11951708456904933,0.114121369085908,0.2031147879544051,0.17082359183159374,0.20804068666059206,0.1716216519313786,0.07743560828949497,0.07635814960214929,0.0817771931352034,0.07992990332594987,0.10809090963536944,0.10246286440591312,0.029940883596529827,0.03024693736894419,0.030732509023952147,0.029920844361186028,0.08014837903871609,0.0,0.1316800189797725,0.0,0.12672615076502472,0.0,-2.1404701962141144,-6.168837832814839,-2.493197752234911,-7.74138252499132,30.204415804317286,72.75585592966105,0.48329087367777035,0.0666191746084302,0.12527607765466436,0.2031105790542806,0.12684432095273496,0.12307685898135179,0.2084103367997121,0.17810029185063664,0.21451685802538067,0.18274157469873425,0.037835613725077405,0.03387827990153589,0.08882842835092175,0.08659214996882988,0.12595655273664524,0.12286952906473844,29
abs_LOS,50,2,True,clean_experiments/fire_sims_v2/results_ablation_abs_LOS/checkpoints/IV_bfe_LOS_n50_t2.pkl,0.13601670271260757,0.35323135998453575,0.136791086767789,0.1292299423545909,0.36924917565588544,0.32914811662799914,0.3782714489966762,0.32968511142904566,0.10719716882357522,0.10387018790498977,0.09848457315017282,0.09282082936210576,0.13750660007167145,0.12474615129501312,0.031693893859689855,0.03251531296519843,0.034805073049193266,0.03164079412817955,0.07805578981258215,0.0,0.13662274715808737,0.0,0.13328345120711907,0.0,3.58911221710965,10.343825982853865,4.819345927467211,14.964075878593757,47.45864712395744,114.31753936699972,0.7646230777252965,0.10539937975029844,0.1247838998367037,0.348390304209095,0.1251951200924246,0.1198089299168891,0.3650391898300517,0.3250230964695599,0.37640528323890987,0.32764502690233166,0.038347979991098326,0.03472528644738254,0.0811966329408061,0.07657699417923303,0.12559113402862565,0.11531764993370289,45
abs_LOS,50,3,True,clean_experiments/fire_sims_v2/results_ablation_abs_LOS/checkpoints/IV_bfe_LOS_n50_t3.pkl,0.1721492007261236,0.18718176408996431,0.1728461079342435,0.16671466239914462,0.19106306112828988,0.14795179234706746,0.19901888941718568,0.15419975665384172,0.11303278565014084,0.11291051317856911,0.16113612001732855,0.13949535859529333,0.15968105445567635,0.15176909234473,0.019194808879190017,0.019453030965406733,0.020101632056184662,0.019179878756403923,0.20496041527807457,0.0,0.23838373669980656,0.0,0.20277580615038576,0.0,-37.263208497668494,-107.39261436999236,-37.28942470019814,-115.7837161060837,-14.835418854054948,-35.73529128305531,0.6969046217076478,0.09606473700953579,0.1242436671790752,0.18040682021939047,0.12575441414885027,0.12079234619350937,0.18487219174091854,0.13916778230158272,0.1927606969087048,0.14559561731672999,0.04450217585125466,0.04211888618656116,0.10300416717240726,0.08867221706030695,0.1064132195779596,0.101006805524465,11
abs_LOS,50,4,True,clean_experiments/fire_sims_v2/results_ablation_abs_LOS/checkpoints/IV_bfe_LOS_n50_t4.pkl,0.14407648923865501,0.16935215066129783,0.1450627130406293,0.1438063477058033,0.17497402857314392,0.13397542235165116,0.17764537908934547,0.13749212591749077,0.14842630691993175,0.1436923494869843,0.14082115622747274,0.13989097989665567,0.13200268583607142,0.13305377646150957,0.022996815057548203,0.023163568259994365,0.023501220951492978,0.02298712357878685,0.1284455408519764,0.0,0.16617994936724198,0.0,0.1568978884934352,0.0,-24.83663679260554,-71.57921888241958,-25.32779626148582,-78.6428429912736,-0.4323811540259681,-1.041511981321497,1.0825863290421738,0.14922898736806287,0.11606888412871527,0.18132261039332764,0.11829507245756242,0.1203245647339106,0.18574125506520853,0.15695863909156021,0.18975291715135678,0.16064642428074227,0.03738530487457885,0.033454106282405235,0.09379694959003512,0.082247317959283,0.11621951694962916,0.12028320647326766,8
abs_LOS,50,5,True,clean_experiments/fire_sims_v2/results_ablation_abs_LOS/checkpoints/IV_bfe_LOS_n50_t5.pkl,0.12319166096190234,0.15953857232919094,0.12447308574066926,0.12214267985157477,0.16214104352140107,0.1199487630858258,0.16410177859300062,0.12125932358672696,0.08255361858907119,0.0820139287611884,0.10578398430182426,0.09820744037613298,0.09179398387824603,0.08747577764641193,0.01707690444278671,0.017468053713083968,0.01851625365071734,0.01705268770456314,0.25154807300382864,0.0,0.27954356090442145,0.0,0.22367369092156716,0.0,-44.185420116693685,-127.34243707610652,-43.68837947858416,-135.65247968699188,-21.55219127741197,-51.91453242157232,0.4743461509333485,0.06538619033583262,0.1154682971001334,0.16049184362547697,0.11717995215341115,0.11376617158039012,0.1633116664412752,0.12433823430884836,0.16409800686000237,0.12469874533736888,0.04144018779596293,0.03886425840826846,0.10162297016354829,0.08536026042726143,0.10392357045934507,0.09600244283341423,4
abs_LOS,200,0,True,clean_experiments/fire_sims_v2/results_ablation_abs_LOS/checkpoints/IV_bfe_LOS_n200_t0.pkl,0.11725264905733625,0.9941310704310297,0.11639098437745983,0.0787004176232623,1.048242382866496,0.8781325273757852,1.0753338907917445,0.8763143655004673,0.08063765939625585,0.08135074125099559,0.07883230297832813,0.073304314178681,0.13811744356589947,0.09813287239730711,0.04092338638171812,0.02622507993664268,0.03522298701490445,0.043636471033096313,0.1550796649874059,0.0,0.2059555943750374,0.01129032258064516,0.18453850733781874,0.22242351046698872,33.755015491852184,97.28199765719079,-15.458426348329846,-47.99843553907971,49.22922315208066,118.58247119846494,0.5591725207406032,0.0770790714750626,0.1273603608507678,0.9915228231686306,0.1270291545853945,0.0912849099677285,1.0456615203626476,0.8705141274813288,1.0688560143726324,0.8654116475484267,0.034431393229157836,0.03205905135113522,0.08898067931947834,0.08374697624975848,0.16787057712764825,0.13001894744534784,334
abs_LOS,200,1,True,clean_experiments/fire_sims_v2/results_ablation_abs_LOS/checkpoints/IV_bfe_LOS_n200_t1.pkl,0.08519070781781743,0.1879017465923995,0.08873207923571384,0.08221224240274091,0.19240114332112312,0.14648044239543412,0.1942818052685789,0.14399953208936517,0.05107552050118846,0.04726277102689986,0.04906398785207343,0.04381934006503027,0.09718866091021164,0.08190304793166288,0.035697800424965204,0.03466903449208158,0.030052470975410993,0.03575388342142105,0.09898431699298546,0.0,0.1411469448823184,0.0,0.19385472815848867,0.0,16.675580176310067,48.05904331567169,11.762280230434625,36.52189664791492,27.32329871862799,65.81587268479612,0.34626485757826014,0.0477308392608912,0.10024760641066273,0.19402274713163853,0.10461713995499228,0.09803489991616382,0.1982408975440334,0.15460912565420382,0.2009709942216622,0.15478616071336107,0.036142830874063725,0.031438590815999604,0.06466331213937908,0.06123853897014331,0.11936738669958635,0.10402089024385633,141
abs_LOS,200,2,True,clean_experiments/fire_sims_v2/results_ablation_abs_LOS/checkpoints/IV_bfe_LOS_n200_t2.pkl,0.07259685327903767,0.18855048122083756,0.0746494232018224,0.06767283419436323,0.19249112415246725,0.14397890690571807,0.19665854195865012,0.14783187815221724,0.045502605684667144,0.038280956021164284,0.04810383373822568,0.043546098361510965,0.07568373249976883,0.06586180855625062,0.04109859636828301,0.03733237891262552,0.029214887807155473,0.041376370936632156,0.1432536047489969,0.0,0.15477246881226397,0.0,0.156976579154001,0.0,34.32767617659413,98.9324064802849,20.3480816477479,63.18082211640382,23.774710250786242,57.26809632677607,0.22094665263606078,0.030456365788781383,0.0744834722370401,0.18683022929203594,0.07598839071680494,0.07375457886304387,0.1905082717952194,0.13656821583478734,0.19489394447314362,0.14186111356550563,0.036419909868941884,0.03193805608434601,0.05487463317652855,0.05103842950736963,0.07969297021736474,0.07961953007257605,192
abs_LOS,200,3,True,clean_experiments/fire_sims_v2/results_ablation_abs_LOS/checkpoints/IV_bfe_LOS_n200_t3.pkl,0.14760324474309108,0.29867822003770145,0.15063639940747844,0.11700152559118655,0.31277882491913966,0.27265095343985457,0.3254077009673403,0.27936129210139893,0.03999936541199817,0.03694200087567521,0.06278350389778736,0.05644099285557194,0.13630348368436473,0.1005767285289835,0.03487135505423615,0.03655216320280591,0.03932743275003653,0.03475239500403404,0.08957544535501646,0.0,0.14105603133551808,0.0,0.14974326867571403,0.0,13.974405539051393,40.27425456933292,17.832906706231622,55.371200387803945,66.61852770664477,160.46951662537987,0.20635526157776532,0.028445017175274166,0.14720679575673581,0.29835373608759974,0.15049093534310995,0.12055478541905777,0.312720459497551,0.27348989543519797,0.32538497158619206,0.27906524427606494,0.0334354609448427,0.03037650214570855,0.07124087420337459,0.0651752450381851,0.1465334760629909,0.11943611072607185,90
abs_LOS,200,4,True,clean_experiments/fire_sims_v2/results_ablation_abs_LOS/checkpoints/IV_bfe_LOS_n200_t4.pkl,0.09611118668399724,0.2216020523672655,0.09596195161807874,0.08033558342500782,0.22766854258170102,0.20579368835743253,0.23791406673232243,0.21515788923693563,0.08210941152708995,0.07690384254732746,0.06556521091979603,0.058993091957983884,0.10646414056719783,0.0873500631837035,0.035563567784574715,0.035026661868793364,0.03319614983322198,0.03560120239853859,0.0951481772964604,0.0,0.13629966920076678,0.0,0.1422812518458518,0.0,16.23685087059057,46.794624897571794,12.915160651816617,40.10159197673144,40.64212240590482,97.89801668724897,0.5830322815317067,0.08036801744286437,0.0966980872001168,0.23200736896635993,0.09717935461982753,0.0832557116514216,0.2394357428153125,0.22087859330680856,0.252367956716293,0.23326506212207307,0.03263500181142221,0.02909481582126361,0.06976906802636196,0.06374220059970792,0.12424337149915407,0.10472521361582869,192
abs_LOS,200,5,True,clean_experiments/fire_sims_v2/results_ablation_abs_LOS/checkpoints/IV_bfe_LOS_n200_t5.pkl,0.11009702903173368,0.22709391060149828,0.11442090654206039,0.10062752021780078,0.23800937820161078,0.21603976396196323,0.24714308022195894,0.21336743465171287,0.04639374770248337,0.04221175820413663,0.06739797568247648,0.06224803334390499,0.12623779376526573,0.10054174455908332,0.03976398349897034,0.03771589450503675,0.03208862199529076,0.039906445890665054,0.12780396906755656,0.0,0.141284245716027,0.0,0.1587068708890545,0.0,29.96559422801207,86.36088074643166,21.584417696321573,67.01964728495116,35.94985940152521,86.59537758499145,0.21254392562227442,0.029298092855012645,0.10811707161331793,0.2233352868180145,0.11234111327702154,0.10078815693120169,0.2338621695496686,0.21089884862394825,0.2430506773244469,0.20904311144304769,0.0341697149652768,0.029527515173316195,0.06966863102703903,0.06404685060773768,0.12670438586211652,0.1033433224813147,313
abs_LOS,500,0,True,clean_experiments/fire_sims_v2/results_ablation_abs_LOS/checkpoints/IV_bfe_LOS_n500_t0.pkl,0.13285178586518442,0.24971741181451457,0.1389598975437393,0.11386720369756669,0.265172175508715,0.23598467832211345,0.2771930503132507,0.23235939035925704,0.0801417074566578,0.07885172312600516,0.08491373465162531,0.05956738323983206,0.14853825042170454,0.11038359165774228,0.03906087621996416,0.036377418435905626,0.02814684491709591,0.025532882660627365,0.08787397579378092,0.0,0.2093679088497386,0.0,0.27124757261823385,0.009863123993558777,27.667540882213725,79.73788807572717,17.26958344404005,53.62208086692286,19.249733118402514,46.36841243745336,0.6773829965343712,0.09337378084443768,0.1620093867405533,0.25803313209007334,0.1677595349710596,0.1393964978822545,0.2739678609420143,0.24380243330014092,0.28716802826887944,0.24307424147297968,0.04530230250350972,0.044096295601326406,0.11368985425025381,0.09600419108789007,0.1946842030081702,0.15726224264745814,587
abs_LOS,500,1,True,clean_experiments/fire_sims_v2/results_ablation_abs_LOS/checkpoints/IV_bfe_LOS_n500_t1.pkl,0.1286371106023522,0.26796610978543184,0.1385478982296981,0.11410093527681098,0.2775188387386063,0.20956955986838088,0.29249729268419156,0.19644341459209497,0.0447239805071218,0.04110080796453609,0.08654244101342334,0.07189009166439411,0.16736231718800892,0.11612361255837758,0.04173580618824015,0.036593104282673296,0.027120536710004205,0.04263269901275635,0.1635761010660497,0.0,0.22034549642478538,0.0,0.23589170380859015,0.11493558776167472,36.41034862566602,104.9346711321916,17.964888127350243,55.781002885883105,14.901573310317726,35.89464295269673,0.23519517646615398,0.032420451908856236,0.12725448514970045,0.26673953235105463,0.13762174578837486,0.11332050620023713,0.27659489406958215,0.20850616050005255,0.2912399097560002,0.19656443429411014,0.03292116223583474,0.02994796489462534,0.08468484748814409,0.06781533655067971,0.16468947962922112,0.11472051783013593,609
abs_LOS,500,2,True,clean_experiments/fire_sims_v2/results_ablation_abs_LOS/checkpoints/IV_bfe_LOS_n500_t2.pkl,0.1407823983668532,0.30717751571824925,0.14391275294429967,0.10936813849399907,0.3255809186982269,0.26070052700118695,0.3434227389823784,0.2594445419402164,0.044556819078512486,0.039974155536058015,0.0713869337270676,0.06714180507822615,0.14256858864518726,0.10836394161305808,0.03726940001682089,0.03810124123391124,0.03908527942573867,0.03721027076244354,0.10374049178502984,0.0,0.14271901276151464,0.0,0.15058173120618842,0.0,21.81223543242431,62.86289030877177,22.826656764392204,70.87680133733352,65.59259675838724,157.99827252819932,0.30088662899782564,0.041475682588438034,0.13778877348935778,0.305798584910499,0.14131997613532016,0.10580638095264566,0.3245068106477594,0.25769002872068725,0.34287853609997376,0.25846505247445467,0.031971911100690815,0.027921117181235605,0.0738953927520205,0.06922659847594054,0.14612219324824255,0.11583358343827795,54
abs_LOS,500,3,True,clean_experiments/fire_sims_v2/results_ablation_abs_LOS/checkpoints/IV_bfe_LOS_n500_t3.pkl,0.11423950888823753,0.195406456339196,0.1200088322827606,0.10073100544620345,0.20542254796770396,0.16367935604129025,0.2254636801792534,0.17221870304875697,0.05222604406659811,0.053423062599261883,0.06889541239029606,0.061616338448082654,0.12562506537792612,0.10145724666967369,0.04834383850104829,0.03189345454254332,0.017609779913874857,0.050544410943984985,0.2238841263989934,0.0,0.22041084645110245,0.0,0.18120026104004192,0.1252012882447665,58.0082060494388,167.17972374687537,2.8146660650294213,8.739542088056453,-25.392648405580218,-61.1653567821981,0.4392824944703546,0.060552844664431324,0.11426561252082323,0.19097455528710497,0.12158722540602225,0.10069549071829823,0.20102927113554955,0.15595255876838487,0.22250062389060155,0.1694039695769763,0.04129241616887919,0.03243533796398848,0.07944508953611443,0.07017448591098185,0.1196422338476423,0.1020244772182389,807
abs_LOS,500,4,True,clean_experiments/fire_sims_v2/results_ablation_abs_LOS/checkpoints/IV_bfe_LOS_n500_t4.pkl,0.09556809402937355,0.3741171530013769,0.0999395007925716,0.0698970857643857,0.3970072855115727,0.320640123091226,0.3917657679941366,0.3184493371810996,0.054163699660930834,0.04793512002223464,0.046672282391013675,0.04337797982300157,0.11866298834281161,0.08582398219693863,0.03995472330991367,0.03269028746075552,0.014722918837519246,0.04040618613362312,0.12818528441048582,0.0,0.14918230551044748,0.0,0.1404764605625383,0.0,30.589012977615724,88.1575743771317,5.383409764032861,16.71549488394727,-37.62341224143078,-90.62660169803782,0.3090112366423266,0.04259561818990125,0.10268016150379164,0.36921926207163824,0.1063765542861402,0.07841104934391999,0.3922491907928155,0.3143176098598095,0.38590951548723823,0.3083652813962954,0.03227110814938394,0.0281777844850762,0.05157365402756664,0.04652481919870302,0.11754162202887218,0.08395495051163593,1074
abs_LOS,500,5,True,clean_experiments/fire_sims_v2/results_ablation_abs_LOS/checkpoints/IV_bfe_LOS_n500_t5.pkl,0.0659961645959627,0.18028577196367956,0.06772153768082746,0.06239396040351975,0.1834703907591132,0.1306986833348221,0.18619886398166144,0.13500383269387944,0.055632894421546425,0.04583371052343871,0.050818362922357405,0.042467969968207266,0.06921195645223233,0.06385501027809701,0.04333265656056296,0.031305644815671184,0.01738457357189426,0.04436725378036499,0.16638074131085165,0.0,0.15369314371350368,0.0,0.1317019456081483,0.0,41.629534161680795,119.97637049712272,0.9197487020476695,2.8558210126062846,-26.346780076709226,-63.46365206631567,0.35499488966436304,0.04893422952451338,0.07018756280465016,0.18058924764559262,0.07141223363390344,0.06708736487650696,0.1841565151963379,0.1303140414145116,0.18679019053211504,0.13449304238001572,0.038682866942908525,0.03377828967028296,0.0566982853522008,0.05564395179184051,0.07440550162154252,0.07004991013400741,227
