n_samples,trial,setting,sigma_mmsyr,arm,mode,region,rel_err,rel_los,rel_trv,rel_R,rel_z,rel_phi,train_chi,train_err_true_mmsyr
50,0,s0,0.00,plain,LOS,sun4,0.08728571236133575,0.02274709939956665,0.0806402862071991,0.017227180302143097,0.0781203955411911,0.01804281584918499,nan,0.080
50,0,s0,0.00,plain,LOS,sun15,0.3319883942604065,0.19854766130447388,0.2210928499698639,0.1842154860496521,0.19000671803951263,0.10994906723499298,nan,0.080
50,0,s0,0.00,plain,LOS,gc15,0.2670593559741974,0.13405123353004456,0.20529353618621826,0.13174855709075928,0.16436758637428284,0.10917089879512787,nan,0.080
50,0,s0,0.00,plain,LOS+Sun+rho,sun4,0.08806973695755005,0.023208925500512123,0.08143441379070282,0.023402057588100433,0.07892080396413803,0.016108866780996323,nan,0.096
50,0,s0,0.00,plain,LOS+Sun+rho,sun15,0.3447009027004242,0.18880853056907654,0.24706269800662994,0.1946384310722351,0.2029029279947281,0.09025765210390091,nan,0.096
50,0,s0,0.00,plain,LOS+Sun+rho,gc15,0.25352245569229126,0.1084497720003128,0.21316111087799072,0.12350767850875854,0.1627679020166397,0.08382658660411835,nan,0.096
50,0,s0,0.00,plain,3D,sun4,0.040517836809158325,0.016331661492586136,0.03382423147559166,0.00990564376115799,0.03590616583824158,0.008374445140361786,nan,0.063
50,0,s0,0.00,plain,3D,sun15,0.5341942310333252,0.22942480444908142,0.4318664073944092,0.29187244176864624,0.33015403151512146,0.14994749426841736,nan,0.063
50,0,s0,0.00,plain,3D,gc15,0.46638989448547363,0.1604342758655548,0.4144056439399719,0.2360198050737381,0.30407267808914185,0.15202617645263672,nan,0.063
50,0,s0.5,0.50,plain,LOS,sun4,0.16020794212818146,0.05819270759820938,0.13848797976970673,0.049583204090595245,0.12971222400665283,0.0456230454146862,0.458,0.395
50,0,s0.5,0.50,plain,LOS,sun15,1.5122711658477783,0.7296890020370483,1.2023463249206543,0.6237115859985352,0.796320915222168,0.8410382270812988,0.458,0.395
50,0,s0.5,0.50,plain,LOS,gc15,1.422156810760498,0.6565774083137512,1.1494317054748535,0.5795201063156128,0.7504894137382507,0.7994921803474426,0.458,0.395
50,0,s0.5,0.50,plain,LOS+Sun+rho,sun4,0.1373136341571808,0.05176347494125366,0.11749597638845444,0.05007379502058029,0.10871272534132004,0.0321103036403656,0.546,0.353
50,0,s0.5,0.50,plain,LOS+Sun+rho,sun15,0.8860328197479248,0.5405806303024292,0.6031339168548584,0.502839982509613,0.42167800664901733,0.4119974374771118,0.546,0.353
50,0,s0.5,0.50,plain,LOS+Sun+rho,gc15,0.8313660025596619,0.5156505107879639,0.5501977801322937,0.4736558198928833,0.38153547048568726,0.4075838625431061,0.546,0.353
50,0,s1.7,1.70,plain,LOS,sun4,0.5760942101478577,0.2668408751487732,0.4674346446990967,0.2519947290420532,0.3513336777687073,0.2399492859840393,0.279,1.014
50,0,s1.7,1.70,plain,LOS,sun15,5.180517196655273,3.4990663528442383,3.14108943939209,2.74214768409729,2.5079259872436523,2.5746467113494873,0.279,1.014
50,0,s1.7,1.70,plain,LOS,gc15,6.0542073249816895,4.543895244598389,3.4102330207824707,3.7754812240600586,2.5515663623809814,2.7842538356781006,0.279,1.014
50,0,s1.7,1.70,plain,LOS+Sun+rho,sun4,0.5820075273513794,0.2480446696281433,0.4918937683105469,0.25655171275138855,0.38500693440437317,0.22722621262073517,0.211,1.056
50,0,s1.7,1.70,plain,LOS+Sun+rho,sun15,5.470126152038574,4.265148639678955,2.7083067893981934,2.9895384311676025,2.367457628250122,3.10373592376709,0.211,1.056
50,0,s1.7,1.70,plain,LOS+Sun+rho,gc15,7.329442977905273,6.475113868713379,2.8334574699401855,4.80698823928833,3.02104115486145,3.2593302726745605,0.211,1.056
50,0,s4.3,4.30,plain,LOS,sun4,1.6220189332962036,0.6579183340072632,1.4077341556549072,0.7745418548583984,0.7395259141921997,0.966218113899231,0.264,3.125
50,0,s4.3,4.30,plain,LOS,sun15,2.065539836883545,0.8695997595787048,1.7724089622497559,0.8349996209144592,1.0910160541534424,1.1635968685150146,0.264,3.125
50,0,s4.3,4.30,plain,LOS,gc15,1.8931849002838135,0.8965988755226135,1.5478594303131104,0.8627091646194458,0.9927542209625244,1.0043116807937622,0.264,3.125
50,0,s4.3,4.30,plain,LOS+Sun+rho,sun4,0.8244414329528809,0.383029580116272,0.6673382520675659,0.29104873538017273,0.5066812634468079,0.38574448227882385,0.342,2.728
50,0,s4.3,4.30,plain,LOS+Sun+rho,sun15,8.001690864562988,6.364130973815918,3.9445009231567383,4.104145050048828,4.152096271514893,3.9550981521606445,0.342,2.728
50,0,s4.3,4.30,plain,LOS+Sun+rho,gc15,10.621159553527832,9.633787155151367,3.3880484104156494,6.771259784698486,4.5853753089904785,4.550650596618652,0.342,2.728
50,0,het,1.46,plain,LOS,sun4,1.1703630685806274,0.4475325345993042,1.0162636041641235,0.535201370716095,0.8465293049812317,0.3620156943798065,0.307,1.365
50,0,het,1.46,plain,LOS,sun15,4.516302108764648,2.192302703857422,3.589069128036499,1.8495681285858154,2.590703010559082,2.3514084815979004,0.307,1.365
50,0,het,1.46,plain,LOS,gc15,4.431804656982422,2.3835816383361816,3.3216466903686523,1.9332044124603271,2.5481760501861572,2.1229190826416016,0.307,1.365
50,0,het,1.46,plain,LOS+Sun+rho,sun4,1.0270832777023315,0.40276890993118286,0.8840979933738708,0.42569294571876526,0.7532806396484375,0.2982504963874817,0.615,1.355
50,0,het,1.46,plain,LOS+Sun+rho,sun15,8.792190551757812,7.225749969482422,4.008484363555908,4.485768795013428,4.639277935028076,4.038628101348877,0.615,1.355
50,0,het,1.46,plain,LOS+Sun+rho,gc15,14.040779113769531,12.932962417602539,4.1252007484436035,9.146920204162598,6.161489486694336,5.831230163574219,0.615,1.355
50,0,hetW,1.46,W,LOS,sun4,0.3036210834980011,0.1419626772403717,0.24601541459560394,0.1605207473039627,0.16556799411773682,0.12837505340576172,0.381,0.890
50,0,hetW,1.46,W,LOS,sun15,2.776284694671631,1.0390193462371826,2.4220528602600098,1.1033344268798828,1.8496220111846924,1.0969436168670654,0.381,0.890
50,0,hetW,1.46,W,LOS,gc15,2.7089662551879883,1.2112383842468262,2.2186450958251953,1.2419981956481934,1.7099696397781372,1.0056006908416748,0.381,0.890
50,0,hetW,1.46,W,LOS+Sun+rho,sun4,0.28505489230155945,0.13771499693393707,0.2275378704071045,0.15615466237068176,0.16407182812690735,0.10803545266389847,0.446,0.867
50,0,hetW,1.46,W,LOS+Sun+rho,sun15,2.227452516555786,1.4741318225860596,1.4636528491973877,1.1620795726776123,1.051261305809021,1.1333609819412231,0.446,0.867
50,0,hetW,1.46,W,LOS+Sun+rho,gc15,2.730557441711426,2.083672523498535,1.396108627319336,1.6166678667068481,1.122705340385437,1.3696675300598145,0.446,0.867
50,0,hetC,1.46,C,LOS,sun4,0.37303152680397034,0.1880117803812027,0.2938380837440491,0.23089176416397095,0.19948112964630127,0.1314052790403366,0.349,0.982
50,0,hetC,1.46,C,LOS,sun15,3.403856039047241,1.491008996963501,2.855738878250122,1.6391115188598633,1.7736668586730957,1.720978856086731,0.349,0.982
50,0,hetC,1.46,C,LOS,gc15,3.429866313934326,1.6383497714996338,2.7731001377105713,1.7363746166229248,1.7561081647872925,1.6696133613586426,0.349,0.982
50,0,hetC,1.46,C,LOS+Sun+rho,sun4,0.18562617897987366,0.07415778934955597,0.15878666937351227,0.07432541996240616,0.10842078179121017,0.0976768434047699,0.863,0.446
50,0,hetC,1.46,C,LOS+Sun+rho,sun15,0.9161825776100159,0.6253165006637573,0.560444712638855,0.4937848150730133,0.39597487449645996,0.44570741057395935,0.863,0.446
50,0,hetC,1.46,C,LOS+Sun+rho,gc15,0.9606831073760986,0.7068703770637512,0.5235141515731812,0.5033634901046753,0.42392367124557495,0.5431159138679504,0.863,0.446
50,0,s1.7W,1.70,W,LOS,sun4,0.5760942101478577,0.2668408751487732,0.4674346446990967,0.2519947290420532,0.3513336777687073,0.2399492859840393,0.279,1.014
50,0,s1.7W,1.70,W,LOS,sun15,5.180517196655273,3.4990663528442383,3.14108943939209,2.74214768409729,2.5079259872436523,2.5746467113494873,0.279,1.014
50,0,s1.7W,1.70,W,LOS,gc15,6.0542073249816895,4.543895244598389,3.4102330207824707,3.7754812240600586,2.5515663623809814,2.7842538356781006,0.279,1.014
50,0,s1.7W,1.70,W,LOS+Sun+rho,sun4,0.5820075273513794,0.2480446696281433,0.4918937683105469,0.25655171275138855,0.38500693440437317,0.22722621262073517,0.211,1.056
50,0,s1.7W,1.70,W,LOS+Sun+rho,sun15,5.470126152038574,4.265148639678955,2.7083067893981934,2.9895384311676025,2.367457628250122,3.10373592376709,0.211,1.056
50,0,s1.7W,1.70,W,LOS+Sun+rho,gc15,7.329442977905273,6.475113868713379,2.8334574699401855,4.80698823928833,3.02104115486145,3.2593302726745605,0.211,1.056
50,0,s1.7C,1.70,C,LOS,sun4,0.7108872532844543,0.36732321977615356,0.5494817495346069,0.30876412987709045,0.37155383825302124,0.3710766136646271,0.094,1.116
50,0,s1.7C,1.70,C,LOS,sun15,4.118038654327393,2.082818031311035,3.2494454383850098,1.5888696908950806,2.527731418609619,2.0328779220581055,0.094,1.116
50,0,s1.7C,1.70,C,LOS,gc15,4.167821407318115,2.2904183864593506,3.181286573410034,1.7087370157241821,2.744055986404419,1.764658808708191,0.094,1.116
50,0,s1.7C,1.70,C,LOS+Sun+rho,sun4,0.6414786577224731,0.33353886008262634,0.49981820583343506,0.28355252742767334,0.35893213748931885,0.3321424126625061,0.169,1.116
50,0,s1.7C,1.70,C,LOS+Sun+rho,sun15,6.8025641441345215,5.56923770904541,3.162095785140991,3.306910514831543,2.961728096008301,4.007668972015381,0.169,1.116
50,0,s1.7C,1.70,C,LOS+Sun+rho,gc15,8.753665924072266,8.036664962768555,2.622976779937744,5.283442974090576,3.51031494140625,4.189472675323486,0.169,1.116
50,1,s0,0.00,plain,LOS,sun4,0.08235543221235275,0.025432664901018143,0.07297457009553909,0.02460794895887375,0.0726507306098938,0.012117949314415455,nan,0.074
50,1,s0,0.00,plain,LOS,sun15,0.49472182989120483,0.21405518054962158,0.387775182723999,0.22765865921974182,0.3221589922904968,0.1474304497241974,nan,0.074
50,1,s0,0.00,plain,LOS,gc15,0.4571138918399811,0.18172043561935425,0.3785463869571686,0.2027045041322708,0.30093514919281006,0.15303584933280945,nan,0.074
50,1,s0,0.00,plain,LOS+Sun+rho,sun4,0.0645373985171318,0.014132175594568253,0.06033018231391907,0.011168694123625755,0.05928558111190796,0.009604861959815025,nan,0.043
50,1,s0,0.00,plain,LOS+Sun+rho,sun15,0.34126120805740356,0.1485523283481598,0.27626290917396545,0.15779346227645874,0.21939398348331451,0.11848001182079315,nan,0.043
50,1,s0,0.00,plain,LOS+Sun+rho,gc15,0.3006899356842041,0.11089027673006058,0.262786328792572,0.12896326184272766,0.2041231244802475,0.11018824577331543,nan,0.043
50,1,s0,0.00,plain,3D,sun4,0.041743069887161255,0.020782845094799995,0.032589368522167206,0.018866324797272682,0.03249616175889969,0.009650417603552341,nan,0.096
50,1,s0,0.00,plain,3D,sun15,0.3845122456550598,0.19811619818210602,0.2918599247932434,0.24488377571105957,0.2049204409122467,0.09740070253610611,nan,0.096
50,1,s0,0.00,plain,3D,gc15,0.32530248165130615,0.15592968463897705,0.26207730174064636,0.19939188659191132,0.18376754224300385,0.09297505766153336,nan,0.096
50,1,s0.5,0.50,plain,LOS,sun4,0.14526641368865967,0.06664079427719116,0.11808177083730698,0.0308530293405056,0.1100931242108345,0.06160043925046921,0.538,0.227
50,1,s0.5,0.50,plain,LOS,sun15,1.369504690170288,0.5032147169113159,1.1813006401062012,0.5114792585372925,0.7056766748428345,0.8067668080329895,0.538,0.227
50,1,s0.5,0.50,plain,LOS,gc15,1.4498047828674316,0.5229322910308838,1.2674336433410645,0.55732262134552,0.7357386350631714,0.8553905487060547,0.538,0.227
50,1,s0.5,0.50,plain,LOS+Sun+rho,sun4,0.14682886004447937,0.07409198582172394,0.11487559229135513,0.036225493997335434,0.11535876244306564,0.057581909000873566,0.534,0.293
50,1,s0.5,0.50,plain,LOS+Sun+rho,sun15,0.9657159447669983,0.5705457925796509,0.668671190738678,0.43174299597740173,0.4523804783821106,0.5718981623649597,0.534,0.293
50,1,s0.5,0.50,plain,LOS+Sun+rho,gc15,1.134844183921814,0.7843858003616333,0.653158962726593,0.5970985889434814,0.45953428745269775,0.634472131729126,0.534,0.293
50,1,s1.7,1.70,plain,LOS,sun4,0.8993741273880005,0.5047215819358826,0.6408907771110535,0.3606870174407959,0.6809518933296204,0.3164742588996887,0.376,1.119
50,1,s1.7,1.70,plain,LOS,sun15,8.62615966796875,3.431194305419922,7.494470596313477,4.521140098571777,5.031562328338623,3.590559959411621,0.376,1.119
50,1,s1.7,1.70,plain,LOS,gc15,8.362478256225586,3.630960464477539,7.03751802444458,4.654767036437988,4.552097797393799,3.4545962810516357,0.376,1.119
50,1,s1.7,1.70,plain,LOS+Sun+rho,sun4,0.46095001697540283,0.21188537776470184,0.3705260455608368,0.16920003294944763,0.333840012550354,0.17095071077346802,0.427,0.933
50,1,s1.7,1.70,plain,LOS+Sun+rho,sun15,3.380124568939209,2.4778809547424316,1.9284549951553345,1.5938321352005005,1.415520191192627,2.078268051147461,0.427,0.933
50,1,s1.7,1.70,plain,LOS+Sun+rho,gc15,4.414705276489258,3.7395989894866943,1.8503475189208984,2.5969200134277344,1.6314024925231934,2.365586519241333,0.427,0.933
50,1,s4.3,4.30,plain,LOS,sun4,1.110447645187378,0.3710424304008484,0.9964390397071838,0.2801719903945923,0.8292851448059082,0.4687917232513428,0.394,2.203
50,1,s4.3,4.30,plain,LOS,sun15,14.266180038452148,6.422955513000488,11.633930206298828,4.421338081359863,6.583922386169434,9.530919075012207,0.394,2.203
50,1,s4.3,4.30,plain,LOS,gc15,14.320645332336426,6.7152814865112305,11.522886276245117,4.834749698638916,6.979133129119873,9.071096420288086,0.394,2.203
50,1,s4.3,4.30,plain,LOS+Sun+rho,sun4,1.0357005596160889,0.4671274423599243,0.8425024151802063,0.33174997568130493,0.6339511275291443,0.5569785833358765,0.399,2.328
50,1,s4.3,4.30,plain,LOS+Sun+rho,sun15,5.124457836151123,3.4870104789733887,3.085455894470215,2.706829786300659,2.1236119270324707,2.995685338973999,0.399,2.328
50,1,s4.3,4.30,plain,LOS+Sun+rho,gc15,9.323661804199219,8.06633186340332,3.357210874557495,6.85648775100708,2.942659854888916,3.9260778427124023,0.399,2.328
50,1,het,1.90,plain,LOS,sun4,2.0363845825195312,0.9386014938354492,1.6398093700408936,0.5512074828147888,1.4221515655517578,0.9376962184906006,0.501,1.755
50,1,het,1.90,plain,LOS,sun15,6.579931259155273,2.718230962753296,5.597604751586914,3.5453739166259766,2.9158310890197754,3.568911552429199,0.501,1.755
50,1,het,1.90,plain,LOS,gc15,5.1802167892456055,2.0928902626037598,4.420945644378662,2.655210256576538,2.30595064163208,2.8229775428771973,0.501,1.755
50,1,het,1.90,plain,LOS+Sun+rho,sun4,0.8885774612426758,0.30385640263557434,0.7874481678009033,0.1466440111398697,0.6877131462097168,0.38207846879959106,0.467,1.557
50,1,het,1.90,plain,LOS+Sun+rho,sun15,2.3856966495513916,1.4325158596038818,1.6796255111694336,0.9297943711280823,1.4191105365753174,1.2250850200653076,0.467,1.557
50,1,het,1.90,plain,LOS+Sun+rho,gc15,3.499535322189331,2.7245843410491943,1.710458755493164,2.0387253761291504,1.7054364681243896,1.4487900733947754,0.467,1.557
50,1,hetW,1.90,W,LOS,sun4,0.3470866084098816,0.16785447299480438,0.272743821144104,0.15906833112239838,0.22485534846782684,0.12521478533744812,0.468,0.712
50,1,hetW,1.90,W,LOS,sun15,1.2667155265808105,0.5997596979141235,1.0238960981369019,0.7104591131210327,0.7100604772567749,0.46978694200515747,0.468,0.712
50,1,hetW,1.90,W,LOS,gc15,1.228865385055542,0.5807575583457947,0.9981434345245361,0.6723572015762329,0.7012945413589478,0.4770837426185608,0.468,0.712
50,1,hetW,1.90,W,LOS+Sun+rho,sun4,0.3463270664215088,0.16213127970695496,0.2782646715641022,0.13597823679447174,0.22040235996246338,0.14546002447605133,0.499,0.782
50,1,hetW,1.90,W,LOS+Sun+rho,sun15,2.022228956222534,1.4340952634811401,1.2224981784820557,1.1584234237670898,0.876045823097229,1.0835307836532593,0.499,0.782
50,1,hetW,1.90,W,LOS+Sun+rho,gc15,3.159332752227783,2.628281354904175,1.450657844543457,2.2988500595092773,1.1381021738052368,1.288623332977295,0.499,0.782
50,1,hetC,1.90,C,LOS,sun4,0.7890680432319641,0.4629642367362976,0.5560599565505981,0.34192657470703125,0.6033615469932556,0.19298219680786133,0.491,1.055
50,1,hetC,1.90,C,LOS,sun15,3.7055487632751465,1.6780116558074951,3.003135919570923,2.261195182800293,1.8740501403808594,1.3828178644180298,0.491,1.055
50,1,hetC,1.90,C,LOS,gc15,3.5799169540405273,1.646925449371338,2.9103243350982666,2.1637187004089355,1.8043135404586792,1.3748478889465332,0.491,1.055
50,1,hetC,1.90,C,LOS+Sun+rho,sun4,0.27021244168281555,0.10672882199287415,0.22977176308631897,0.08571647852659225,0.2008287012577057,0.09187909960746765,0.540,0.497
50,1,hetC,1.90,C,LOS+Sun+rho,sun15,1.6355640888214111,1.1523141860961914,1.0118380784988403,0.8529607653617859,0.6858421564102173,0.9360526204109192,0.540,0.497
50,1,hetC,1.90,C,LOS+Sun+rho,gc15,2.0164432525634766,1.6012074947357178,0.9936988949775696,1.2057462930679321,0.7031987905502319,1.1079540252685547,0.540,0.497
50,1,s1.7W,1.70,W,LOS,sun4,0.8993741273880005,0.5047215819358826,0.6408907771110535,0.3606870174407959,0.6809518933296204,0.3164742588996887,0.376,1.119
50,1,s1.7W,1.70,W,LOS,sun15,8.62615966796875,3.431194305419922,7.494470596313477,4.521140098571777,5.031562328338623,3.590559959411621,0.376,1.119
50,1,s1.7W,1.70,W,LOS,gc15,8.362478256225586,3.630960464477539,7.03751802444458,4.654767036437988,4.552097797393799,3.4545962810516357,0.376,1.119
50,1,s1.7W,1.70,W,LOS+Sun+rho,sun4,0.46095001697540283,0.21188537776470184,0.3705260455608368,0.16920003294944763,0.333840012550354,0.17095071077346802,0.427,0.933
50,1,s1.7W,1.70,W,LOS+Sun+rho,sun15,3.380124568939209,2.4778809547424316,1.9284549951553345,1.5938321352005005,1.415520191192627,2.078268051147461,0.427,0.933
50,1,s1.7W,1.70,W,LOS+Sun+rho,gc15,4.414705276489258,3.7395989894866943,1.8503475189208984,2.5969200134277344,1.6314024925231934,2.365586519241333,0.427,0.933
50,1,s1.7C,1.70,C,LOS,sun4,1.4605122804641724,0.824081301689148,1.0580388307571411,0.6705789566040039,1.0913126468658447,0.46793562173843384,0.214,1.130
50,1,s1.7C,1.70,C,LOS,sun15,9.53197956085205,3.7956666946411133,8.211347579956055,5.874814987182617,5.197930335998535,3.1212589740753174,0.214,1.130
50,1,s1.7C,1.70,C,LOS,gc15,9.060835838317871,4.046924591064453,7.5428972244262695,5.911586284637451,4.628522872924805,2.842966079711914,0.214,1.130
50,1,s1.7C,1.70,C,LOS+Sun+rho,sun4,0.45328661799430847,0.2357291281223297,0.34517765045166016,0.2235289216041565,0.27822789549827576,0.17831668257713318,0.443,0.989
50,1,s1.7C,1.70,C,LOS+Sun+rho,sun15,5.007497787475586,4.117961406707764,2.0618979930877686,2.700319766998291,2.391284227371216,2.4876742362976074,0.443,0.989
50,1,s1.7C,1.70,C,LOS+Sun+rho,gc15,7.207178115844727,6.753993988037109,1.886898398399353,4.625553131103516,3.494381904602051,2.6959569454193115,0.443,0.989
50,2,s0,0.00,plain,LOS,sun4,0.05936875194311142,0.012111046351492405,0.05618370696902275,0.01298471074551344,0.053885966539382935,0.007338082883507013,nan,0.080
50,2,s0,0.00,plain,LOS,sun15,0.19609157741069794,0.1038089469075203,0.14426499605178833,0.10553229600191116,0.11434859782457352,0.05997960641980171,nan,0.080
50,2,s0,0.00,plain,LOS,gc15,0.1578097641468048,0.0702008306980133,0.13085752725601196,0.07380285859107971,0.09992802143096924,0.05947495251893997,nan,0.080
50,2,s0,0.00,plain,LOS+Sun+rho,sun4,0.06588847935199738,0.014379600994288921,0.062472421675920486,0.018417920917272568,0.05832306295633316,0.009124038740992546,nan,0.055
50,2,s0,0.00,plain,LOS+Sun+rho,sun15,0.23881976306438446,0.13208548724651337,0.17310626804828644,0.13993100821971893,0.13465526700019836,0.07052667438983917,nan,0.055
50,2,s0,0.00,plain,LOS+Sun+rho,gc15,0.1839052438735962,0.08988400548696518,0.14566662907600403,0.09987425804138184,0.10993210226297379,0.06364896893501282,nan,0.055
50,2,s0,0.00,plain,3D,sun4,0.03068949654698372,0.013740284368395805,0.02554277889430523,0.01767563261091709,0.021597126498818398,0.004502513445913792,nan,0.078
50,2,s0,0.00,plain,3D,sun15,0.3223591446876526,0.1779186874628067,0.23431576788425446,0.18189017474651337,0.20000852644443512,0.08995897322893143,nan,0.078
50,2,s0,0.00,plain,3D,gc15,0.302997887134552,0.1689371019601822,0.22087310254573822,0.16913923621177673,0.18466219305992126,0.09445856511592865,nan,0.078
50,2,s0.5,0.50,plain,LOS,sun4,0.19060201942920685,0.06518745422363281,0.16714660823345184,0.04561171680688858,0.15428707003593445,0.07409542053937912,0.536,0.385
50,2,s0.5,0.50,plain,LOS,sun15,1.3825961351394653,0.6142491102218628,1.127359390258789,0.4809126853942871,0.687600314617157,0.8383345007896423,0.536,0.385
50,2,s0.5,0.50,plain,LOS,gc15,1.5718750953674316,0.5605175495147705,1.3679728507995605,0.5081808567047119,0.8931319713592529,0.9064635634422302,0.536,0.385
50,2,s0.5,0.50,plain,LOS+Sun+rho,sun4,0.16664962470531464,0.06539411842823029,0.14147698879241943,0.062358275055885315,0.12170873582363129,0.06086684763431549,0.514,0.358
50,2,s0.5,0.50,plain,LOS+Sun+rho,sun15,0.705035924911499,0.4367434084415436,0.4874627888202667,0.31526297330856323,0.3555352985858917,0.3667008876800537,0.514,0.358
50,2,s0.5,0.50,plain,LOS+Sun+rho,gc15,0.8424656987190247,0.6009787321090698,0.4962622821331024,0.41571441292762756,0.4356285333633423,0.43525776267051697,0.514,0.358
50,2,s1.7,1.70,plain,LOS,sun4,0.37686583399772644,0.150075301527977,0.32171928882598877,0.1322193145751953,0.24766170978546143,0.17418523132801056,0.298,1.070
50,2,s1.7,1.70,plain,LOS,sun15,1.5259466171264648,0.6433513164520264,1.2876300811767578,0.5378714799880981,0.8796766400337219,0.8662064075469971,0.298,1.070
50,2,s1.7,1.70,plain,LOS,gc15,1.4705666303634644,0.6408270597457886,1.232032060623169,0.5364686250686646,0.8727016448974609,0.8025190234184265,0.298,1.070
50,2,s1.7,1.70,plain,LOS+Sun+rho,sun4,0.35212892293930054,0.15945526957511902,0.2865355908870697,0.15128068625926971,0.22340427339076996,0.15395084023475647,0.300,1.092
50,2,s1.7,1.70,plain,LOS+Sun+rho,sun15,2.5919387340545654,1.9501912593841553,1.3829902410507202,1.3111040592193604,1.227085828781128,1.3742727041244507,0.300,1.092
50,2,s1.7,1.70,plain,LOS+Sun+rho,gc15,3.834528923034668,3.4025394916534424,1.251399040222168,2.5021140575408936,1.59586501121521,1.6095925569534302,0.300,1.092
50,2,s4.3,4.30,plain,LOS,sun4,1.2918951511383057,0.5380107760429382,1.090240716934204,0.3423575758934021,0.7501752972602844,0.7854984998703003,0.091,2.914
50,2,s4.3,4.30,plain,LOS,sun15,5.669900894165039,2.505298137664795,4.686322212219238,2.711547374725342,3.1771934032440186,2.5751845836639404,0.091,2.914
50,2,s4.3,4.30,plain,LOS,gc15,6.288665771484375,3.1557631492614746,4.998254299163818,3.439765453338623,3.2996442317962646,2.6598315238952637,0.091,2.914
50,2,s4.3,4.30,plain,LOS+Sun+rho,sun4,0.9205906391143799,0.5055276155471802,0.6904435157775879,0.3952008783817291,0.5292766094207764,0.4832196831703186,0.129,2.833
50,2,s4.3,4.30,plain,LOS+Sun+rho,sun15,16.190126419067383,13.353996276855469,6.413457870483398,10.21094799041748,6.80928897857666,7.195059776306152,0.129,2.833
50,2,s4.3,4.30,plain,LOS+Sun+rho,gc15,26.26479721069336,25.029115676879883,6.213604927062988,19.782901763916016,10.202339172363281,7.9445929527282715,0.129,2.833
50,2,het,1.76,plain,LOS,sun4,1.12342369556427,0.4271102249622345,0.9652618169784546,0.40196719765663147,0.7645668983459473,0.4763287305831909,0.445,1.752
50,2,het,1.76,plain,LOS,sun15,4.8976054191589355,2.013078212738037,4.133069038391113,2.9607276916503906,2.8702232837677,1.3973488807678223,0.445,1.752
50,2,het,1.76,plain,LOS,gc15,5.066740989685059,2.2145721912384033,4.2288289070129395,3.1421806812286377,2.8911423683166504,1.457273244857788,0.445,1.752
50,2,het,1.76,plain,LOS+Sun+rho,sun4,0.8374487161636353,0.35221779346466064,0.703987717628479,0.3523290157318115,0.5724084973335266,0.33178257942199707,0.315,1.585
50,2,het,1.76,plain,LOS+Sun+rho,sun15,6.271449089050293,4.754230499267578,3.3051095008850098,3.2975332736968994,3.098792552947998,3.099940299987793,0.315,1.585
50,2,het,1.76,plain,LOS+Sun+rho,gc15,8.272628784179688,7.048142433166504,3.6180686950683594,5.116203784942627,3.7666406631469727,3.475611448287964,0.315,1.585
50,2,hetW,1.76,W,LOS,sun4,0.3103477954864502,0.141499862074852,0.24523644149303436,0.12890593707561493,0.23271632194519043,0.08714054524898529,0.489,0.839
50,2,hetW,1.76,W,LOS,sun15,9.42577838897705,5.448713302612305,6.941133975982666,2.913361072540283,7.224161624908447,3.873526096343994,0.489,0.839
50,2,hetW,1.76,W,LOS,gc15,11.8782958984375,6.608345985412598,9.171515464782715,3.6961236000061035,9.03331184387207,5.2137250900268555,0.489,0.839
50,2,hetW,1.76,W,LOS+Sun+rho,sun4,0.23852145671844482,0.09604261815547943,0.2003261297941208,0.09936295449733734,0.1805548220872879,0.04951809346675873,0.570,0.643
50,2,hetW,1.76,W,LOS+Sun+rho,sun15,1.3587191104888916,0.9182026386260986,0.8620529174804688,0.5942327976226807,0.6581023931503296,0.767870306968689,0.570,0.643
50,2,hetW,1.76,W,LOS+Sun+rho,gc15,1.6880710124969482,1.2568821907043457,0.9759423136711121,0.8236583471298218,0.8068132400512695,0.959425687789917,0.570,0.643
50,2,hetC,1.76,C,LOS,sun4,0.6921674013137817,0.3266192674636841,0.5509297847747803,0.2433617115020752,0.5242291688919067,0.24954164028167725,0.296,1.424
50,2,hetC,1.76,C,LOS,sun15,3.5740342140197754,1.710339903831482,2.88352370262146,1.6163899898529053,2.060504913330078,1.7598400115966797,0.296,1.424
50,2,hetC,1.76,C,LOS,gc15,3.579592704772949,1.74993896484375,2.880143642425537,1.6972566843032837,1.8548517227172852,1.9038240909576416,0.296,1.424
50,2,hetC,1.76,C,LOS+Sun+rho,sun4,0.3715513348579407,0.156375452876091,0.30625179409980774,0.14572133123874664,0.2985045313835144,0.07895082235336304,0.531,0.904
50,2,hetC,1.76,C,LOS+Sun+rho,sun15,1.7649770975112915,1.1437525749206543,1.199972152709961,0.8477751016616821,1.187671422958374,0.47699207067489624,0.531,0.904
50,2,hetC,1.76,C,LOS+Sun+rho,gc15,2.3979640007019043,1.8748798370361328,1.2058031558990479,1.4013077020645142,1.3928260803222656,0.5686233043670654,0.531,0.904
50,2,s1.7W,1.70,W,LOS,sun4,0.37686583399772644,0.150075301527977,0.32171928882598877,0.1322193145751953,0.24766170978546143,0.17418523132801056,0.298,1.070
50,2,s1.7W,1.70,W,LOS,sun15,1.5259466171264648,0.6433513164520264,1.2876300811767578,0.5378714799880981,0.8796766400337219,0.8662064075469971,0.298,1.070
50,2,s1.7W,1.70,W,LOS,gc15,1.4705666303634644,0.6408270597457886,1.232032060623169,0.5364686250686646,0.8727016448974609,0.8025190234184265,0.298,1.070
50,2,s1.7W,1.70,W,LOS+Sun+rho,sun4,0.35212892293930054,0.15945526957511902,0.2865355908870697,0.15128068625926971,0.22340427339076996,0.15395084023475647,0.300,1.092
50,2,s1.7W,1.70,W,LOS+Sun+rho,sun15,2.5919387340545654,1.9501912593841553,1.3829902410507202,1.3111040592193604,1.227085828781128,1.3742727041244507,0.300,1.092
50,2,s1.7W,1.70,W,LOS+Sun+rho,gc15,3.834528923034668,3.4025394916534424,1.251399040222168,2.5021140575408936,1.59586501121521,1.6095925569534302,0.300,1.092
50,2,s1.7C,1.70,C,LOS,sun4,0.919245719909668,0.3023543953895569,0.8240861892700195,0.31125277280807495,0.6369093656539917,0.34982535243034363,0.072,1.300
50,2,s1.7C,1.70,C,LOS,sun15,1.9572871923446655,0.7883943319320679,1.6853888034820557,0.684055507183075,1.2751789093017578,0.8893276453018188,0.072,1.300
50,2,s1.7C,1.70,C,LOS,gc15,1.8535706996917725,0.8386715054512024,1.5420432090759277,0.7128904461860657,1.209621787071228,0.7845468521118164,0.072,1.300
50,2,s1.7C,1.70,C,LOS+Sun+rho,sun4,0.5862480401992798,0.23778119683265686,0.4958043694496155,0.2844287157058716,0.35239577293395996,0.25142553448677063,0.233,1.149
50,2,s1.7C,1.70,C,LOS+Sun+rho,sun15,3.779818058013916,3.0399954319000244,1.7548413276672363,2.125213146209717,1.4683765172958374,1.9967962503433228,0.233,1.149
50,2,s1.7C,1.70,C,LOS+Sun+rho,gc15,5.268353462219238,4.786343574523926,1.485255241394043,3.498272180557251,1.9861396551132202,2.254173994064331,0.233,1.149
100,0,s0,0.00,plain,LOS,sun4,0.0653248205780983,0.012868833728134632,0.06167912110686302,0.010129956528544426,0.061458736658096313,0.008181579411029816,nan,0.064
100,0,s0,0.00,plain,LOS,sun15,0.283539354801178,0.1676637977361679,0.18928293883800507,0.16289377212524414,0.16276535391807556,0.07489872723817825,nan,0.064
100,0,s0,0.00,plain,LOS,gc15,0.20764276385307312,0.09559150040149689,0.16946381330490112,0.09477072954177856,0.1323208212852478,0.07990875840187073,nan,0.064
100,0,s0,0.00,plain,LOS+Sun+rho,sun4,0.05468183755874634,0.009264394640922546,0.05226585268974304,0.006471338681876659,0.05242516100406647,0.005672475788742304,nan,0.052
100,0,s0,0.00,plain,LOS+Sun+rho,sun15,0.308448851108551,0.18321943283081055,0.2098413109779358,0.16869577765464783,0.165673166513443,0.10206091403961182,nan,0.052
100,0,s0,0.00,plain,LOS+Sun+rho,gc15,0.2186029702425003,0.10031835734844208,0.17950667440891266,0.08979102969169617,0.13592836260795593,0.09758684039115906,nan,0.052
100,0,s0,0.00,plain,3D,sun4,0.024039052426815033,0.01022513210773468,0.020117610692977905,0.015883753076195717,0.015424148179590702,0.0018916658591479063,nan,0.074
100,0,s0,0.00,plain,3D,sun15,0.28839537501335144,0.16598659753799438,0.19556976854801178,0.16264589130878448,0.175758495926857,0.06391903758049011,nan,0.074
100,0,s0,0.00,plain,3D,gc15,0.20323948562145233,0.08419672399759293,0.17097409069538116,0.09012186527252197,0.1409359574317932,0.06817862391471863,nan,0.074
100,0,s0.5,0.50,plain,LOS,sun4,0.13331107795238495,0.051096752285957336,0.11390206962823868,0.035988226532936096,0.1077956110239029,0.04413018748164177,0.632,0.332
100,0,s0.5,0.50,plain,LOS,sun15,0.9587054252624512,0.43406590819358826,0.7895076274871826,0.36952489614486694,0.5311676859855652,0.5483839511871338,0.632,0.332
100,0,s0.5,0.50,plain,LOS,gc15,0.954790472984314,0.3656807541847229,0.8258088231086731,0.3395186960697174,0.5466132164001465,0.5497255325317383,0.632,0.332
100,0,s0.5,0.50,plain,LOS+Sun+rho,sun4,0.12641680240631104,0.04654975235462189,0.10940057784318924,0.03500659018754959,0.1026325449347496,0.04010883346199989,0.628,0.279
100,0,s0.5,0.50,plain,LOS+Sun+rho,sun15,0.9420537948608398,0.6030221581459045,0.631179690361023,0.46793031692504883,0.4684920310974121,0.501567006111145,0.628,0.279
100,0,s0.5,0.50,plain,LOS+Sun+rho,gc15,1.2252442836761475,0.9103973507881165,0.6760101914405823,0.7496627569198608,0.5287702083587646,0.5907751321792603,0.628,0.279
100,0,s1.7,1.70,plain,LOS,sun4,0.4511425495147705,0.17925816774368286,0.3880503177642822,0.14946718513965607,0.31740227341651917,0.1866656243801117,0.488,1.021
100,0,s1.7,1.70,plain,LOS,sun15,2.809252977371216,1.2292826175689697,2.3383209705352783,1.2855963706970215,1.6144499778747559,1.323266863822937,0.488,1.021
100,0,s1.7,1.70,plain,LOS,gc15,2.7135531902313232,1.184587836265564,2.28195858001709,1.2067928314208984,1.5822622776031494,1.260108232498169,0.488,1.021
100,0,s1.7,1.70,plain,LOS+Sun+rho,sun4,0.41835445165634155,0.1763915717601776,0.35361579060554504,0.14447391033172607,0.30676892399787903,0.15711578726768494,0.485,0.978
100,0,s1.7,1.70,plain,LOS+Sun+rho,sun15,3.730010986328125,2.3076162338256836,2.525017738342285,2.3173370361328125,1.5877859592437744,1.7494020462036133,0.485,0.978
100,0,s1.7,1.70,plain,LOS+Sun+rho,gc15,4.426473617553711,3.2155418395996094,2.3975794315338135,2.994647979736328,1.685708999633789,1.9569599628448486,0.485,0.978
100,0,s4.3,4.30,plain,LOS,sun4,2.3339529037475586,0.817436695098877,2.0198264122009277,0.8998135328292847,1.7298905849456787,0.6561377048492432,0.290,3.517
100,0,s4.3,4.30,plain,LOS,sun15,27.62154197692871,17.296192169189453,18.380870819091797,8.054817199707031,13.135473251342773,18.626405715942383,0.290,3.517
100,0,s4.3,4.30,plain,LOS,gc15,30.56731605529785,18.91194725036621,20.648513793945312,10.808267593383789,13.843762397766113,20.38119125366211,0.290,3.517
100,0,s4.3,4.30,plain,LOS+Sun+rho,sun4,1.2800365686416626,0.5932791233062744,1.0388232469558716,0.5044074654579163,0.8473891615867615,0.5399795770645142,0.482,2.905
100,0,s4.3,4.30,plain,LOS+Sun+rho,sun15,14.706901550292969,10.819494247436523,7.497392177581787,7.77064847946167,8.111916542053223,6.478586196899414,0.482,2.905
100,0,s4.3,4.30,plain,LOS+Sun+rho,gc15,21.682186126708984,18.834800720214844,8.58984375,14.73858642578125,10.764968872070312,7.106484413146973,0.482,2.905
100,0,het,1.82,plain,LOS,sun4,0.617520809173584,0.1991303265094757,0.5514478087425232,0.20532067120075226,0.482087105512619,0.19050560891628265,0.644,0.872
100,0,het,1.82,plain,LOS,sun15,3.649998426437378,1.7609059810638428,2.8631973266601562,1.3346428871154785,2.5898523330688477,1.503724217414856,0.644,0.872
100,0,het,1.82,plain,LOS,gc15,3.955502510070801,1.6163880825042725,3.277839183807373,1.5230977535247803,2.821772336959839,1.600939154624939,0.644,0.872
100,0,het,1.82,plain,LOS+Sun+rho,sun4,0.21954794228076935,0.09060009568929672,0.1838713437318802,0.08980237692594528,0.15094244480133057,0.08479325473308563,0.721,0.669
100,0,het,1.82,plain,LOS+Sun+rho,sun15,2.1518306732177734,1.5578465461730957,1.2116985321044922,1.0899767875671387,0.9037442207336426,1.3040807247161865,0.721,0.669
100,0,het,1.82,plain,LOS+Sun+rho,gc15,2.9413082599639893,2.405829906463623,1.4298330545425415,1.7912760972976685,1.105029821395874,1.5053489208221436,0.721,0.669
100,0,hetW,1.82,W,LOS,sun4,0.19913801550865173,0.07613551616668701,0.17251330614089966,0.06586626917123795,0.14859940111637115,0.06337353587150574,0.670,0.525
100,0,hetW,1.82,W,LOS,sun15,0.4830731749534607,0.2509100139141083,0.35497915744781494,0.242861807346344,0.2948852479457855,0.16160227358341217,0.670,0.525
100,0,hetW,1.82,W,LOS,gc15,0.43159931898117065,0.19769416749477386,0.3520162105560303,0.19657915830612183,0.2853057086467743,0.14399947226047516,0.670,0.525
100,0,hetW,1.82,W,LOS+Sun+rho,sun4,0.16668176651000977,0.06287208199501038,0.14553797245025635,0.05843297019600868,0.12620055675506592,0.05501300096511841,0.684,0.464
100,0,hetW,1.82,W,LOS+Sun+rho,sun15,0.4458498954772949,0.21916066110134125,0.34257063269615173,0.23267172276973724,0.2613794803619385,0.15695911645889282,0.684,0.464
100,0,hetW,1.82,W,LOS+Sun+rho,gc15,0.37624454498291016,0.16491040587425232,0.3087979257106781,0.17231658101081848,0.2323506474494934,0.160835400223732,0.684,0.464
100,0,hetC,1.82,C,LOS,sun4,0.17254285514354706,0.05636512488126755,0.155136376619339,0.05213036760687828,0.13422071933746338,0.0605480819940567,0.677,0.371
100,0,hetC,1.82,C,LOS,sun15,0.7239443063735962,0.42213159799575806,0.5171491503715515,0.28616127371788025,0.44806456565856934,0.34195929765701294,0.677,0.371
100,0,hetC,1.82,C,LOS,gc15,0.7608702182769775,0.3651091456413269,0.6177645921707153,0.24842117726802826,0.5055654048919678,0.3819870054721832,0.677,0.371
100,0,hetC,1.82,C,LOS+Sun+rho,sun4,0.1472928673028946,0.04877569153904915,0.13191945850849152,0.045325107872486115,0.1225641518831253,0.043944574892520905,0.686,0.341
100,0,hetC,1.82,C,LOS+Sun+rho,sun15,0.536493182182312,0.3370620012283325,0.3464345335960388,0.33838409185409546,0.30620276927948,0.10609202086925507,0.686,0.341
100,0,hetC,1.82,C,LOS+Sun+rho,gc15,0.36411547660827637,0.16298311948776245,0.29755160212516785,0.18076708912849426,0.2498667985200882,0.10188604891300201,0.686,0.341
100,0,s1.7W,1.70,W,LOS,sun4,0.4511425495147705,0.17925816774368286,0.3880503177642822,0.14946718513965607,0.31740227341651917,0.1866656243801117,0.488,1.021
100,0,s1.7W,1.70,W,LOS,sun15,2.809252977371216,1.2292826175689697,2.3383209705352783,1.2855963706970215,1.6144499778747559,1.323266863822937,0.488,1.021
100,0,s1.7W,1.70,W,LOS,gc15,2.7135531902313232,1.184587836265564,2.28195858001709,1.2067928314208984,1.5822622776031494,1.260108232498169,0.488,1.021
100,0,s1.7W,1.70,W,LOS+Sun+rho,sun4,0.41835445165634155,0.1763915717601776,0.35361579060554504,0.14447391033172607,0.30676892399787903,0.15711578726768494,0.485,0.978
100,0,s1.7W,1.70,W,LOS+Sun+rho,sun15,3.730010986328125,2.3076162338256836,2.525017738342285,2.3173370361328125,1.5877859592437744,1.7494020462036133,0.485,0.978
100,0,s1.7W,1.70,W,LOS+Sun+rho,gc15,4.426473617553711,3.2155418395996094,2.3975794315338135,2.994647979736328,1.685708999633789,1.9569599628448486,0.485,0.978
100,0,s1.7C,1.70,C,LOS,sun4,0.7663078904151917,0.3235108256340027,0.647440493106842,0.3360075354576111,0.5035507678985596,0.29823270440101624,0.392,1.174
100,0,s1.7C,1.70,C,LOS,sun15,5.222933769226074,2.302264928817749,4.381908893585205,2.5375568866729736,3.159482955932617,2.1468796730041504,0.392,1.174
100,0,s1.7C,1.70,C,LOS,gc15,5.402478218078613,2.8540759086608887,4.1305036544799805,2.915647268295288,3.151431083679199,1.954336166381836,0.392,1.174
100,0,s1.7C,1.70,C,LOS+Sun+rho,sun4,0.3268628716468811,0.1272823065519333,0.28564465045928955,0.11771020293235779,0.21582962572574615,0.16222772002220154,0.643,0.872
100,0,s1.7C,1.70,C,LOS+Sun+rho,sun15,2.4888675212860107,1.742580533027649,1.5742902755737305,1.2757954597473145,0.7616717219352722,1.5611237287521362,0.643,0.872
100,0,s1.7C,1.70,C,LOS+Sun+rho,gc15,3.0460691452026367,2.3833203315734863,1.5848342180252075,1.7711161375045776,0.7526364326477051,1.9089326858520508,0.643,0.872
100,1,s0,0.00,plain,LOS,sun4,0.049725063145160675,0.009835184551775455,0.046582337468862534,0.007420565001666546,0.046280212700366974,0.006167555693536997,nan,0.046
100,1,s0,0.00,plain,LOS,sun15,0.24148282408714294,0.13009323179721832,0.17261075973510742,0.11786598712205887,0.14322221279144287,0.07793623208999634,nan,0.046
100,1,s0,0.00,plain,LOS,gc15,0.20597340166568756,0.0821317806839943,0.17542879283428192,0.08152732253074646,0.13533084094524384,0.0856965184211731,nan,0.046
100,1,s0,0.00,plain,LOS+Sun+rho,sun4,0.03545444458723068,0.006324181333184242,0.03359215334057808,0.004993952810764313,0.03324545919895172,0.0038778260350227356,nan,0.031
100,1,s0,0.00,plain,LOS+Sun+rho,sun15,0.20349088311195374,0.10466994345188141,0.1544855684041977,0.12708662450313568,0.11231100559234619,0.04802735894918442,nan,0.031
100,1,s0,0.00,plain,LOS+Sun+rho,gc15,0.16013994812965393,0.07257997989654541,0.12998895347118378,0.08998838067054749,0.10021675378084183,0.042840175330638885,nan,0.031
100,1,s0,0.00,plain,3D,sun4,0.02338586188852787,0.010839876718819141,0.01909516006708145,0.018584564328193665,0.011870274320244789,0.002079994883388281,nan,0.079
100,1,s0,0.00,plain,3D,sun15,0.24313464760780334,0.14536821842193604,0.16607984900474548,0.14984846115112305,0.13132375478744507,0.06647161394357681,nan,0.079
100,1,s0,0.00,plain,3D,gc15,0.17425896227359772,0.07857535034418106,0.14426380395889282,0.08384186774492264,0.10788249969482422,0.07159744203090668,nan,0.079
100,1,s0.5,0.50,plain,LOS,sun4,0.0823257565498352,0.03489677608013153,0.06833197176456451,0.025242768228054047,0.05945613607764244,0.03444371744990349,0.534,0.205
100,1,s0.5,0.50,plain,LOS,sun15,0.7873260378837585,0.4017959237098694,0.6111056208610535,0.344337522983551,0.3549487590789795,0.4591153562068939,0.534,0.205
100,1,s0.5,0.50,plain,LOS,gc15,0.8635295629501343,0.3933856189250946,0.7147582173347473,0.3826579451560974,0.360047847032547,0.5385419726371765,0.534,0.205
100,1,s0.5,0.50,plain,LOS+Sun+rho,sun4,0.06899411976337433,0.030408605933189392,0.05723915249109268,0.02177313156425953,0.05441616475582123,0.021032465621829033,0.540,0.216
100,1,s0.5,0.50,plain,LOS+Sun+rho,sun15,0.5446963310241699,0.31415772438049316,0.39400044083595276,0.2800930142402649,0.2479061484336853,0.2773250639438629,0.540,0.216
100,1,s0.5,0.50,plain,LOS+Sun+rho,gc15,0.5910503268241882,0.3815862536430359,0.389343798160553,0.3269260823726654,0.2530103027820587,0.3008041977882385,0.540,0.216
100,1,s1.7,1.70,plain,LOS,sun4,0.4298096299171448,0.18640311062335968,0.34855279326438904,0.14726994931697845,0.28485846519470215,0.190964937210083,0.503,1.052
100,1,s1.7,1.70,plain,LOS,sun15,2.002875566482544,0.9602823257446289,1.639829397201538,0.6763514876365662,1.4149755239486694,0.8155003786087036,0.503,1.052
100,1,s1.7,1.70,plain,LOS,gc15,2.0404601097106934,0.9953007698059082,1.655487298965454,0.7561768293380737,1.4138870239257812,0.8138447403907776,0.503,1.052
100,1,s1.7,1.70,plain,LOS+Sun+rho,sun4,0.3522809147834778,0.15800946950912476,0.2833775281906128,0.14995215833187103,0.23931479454040527,0.12429363280534744,0.534,0.926
100,1,s1.7,1.70,plain,LOS+Sun+rho,sun15,2.1276564598083496,1.5445879697799683,1.2554073333740234,0.9959955215454102,0.7515358924865723,1.4011194705963135,0.534,0.926
100,1,s1.7,1.70,plain,LOS+Sun+rho,gc15,3.637836217880249,3.112215518951416,1.5759106874465942,2.4223902225494385,0.8566762208938599,1.9440710544586182,0.534,0.926
100,1,s4.3,4.30,plain,LOS,sun4,1.057259440422058,0.4068451523780823,0.9124146103858948,0.409397691488266,0.6762203574180603,0.496513307094574,0.483,2.263
100,1,s4.3,4.30,plain,LOS,sun15,2.6132941246032715,1.0445693731307983,2.2551803588867188,1.4245941638946533,1.2733581066131592,1.0772819519042969,0.483,2.263
100,1,s4.3,4.30,plain,LOS,gc15,2.334033966064453,1.0622764825820923,1.9411249160766602,1.489848256111145,1.0444014072418213,0.8332393169403076,0.483,2.263
100,1,s4.3,4.30,plain,LOS+Sun+rho,sun4,0.988258421421051,0.4127579927444458,0.8358725309371948,0.3647266924381256,0.5813091993331909,0.5516633987426758,0.488,2.415
100,1,s4.3,4.30,plain,LOS+Sun+rho,sun15,11.673431396484375,8.912282943725586,5.9406938552856445,6.208024024963379,6.59161376953125,4.656268119812012,0.488,2.415
100,1,s4.3,4.30,plain,LOS+Sun+rho,gc15,16.56783676147461,14.133466720581055,6.439822673797607,11.161600112915039,8.00794506072998,4.467276573181152,0.488,2.415
100,1,het,2.17,plain,LOS,sun4,0.6112155914306641,0.22883859276771545,0.525600790977478,0.1935686320066452,0.48304814100265503,0.1644439995288849,0.578,1.479
100,1,het,2.17,plain,LOS,sun15,17.571277618408203,8.929281234741211,13.760122299194336,7.2713398933410645,9.463973999023438,9.627076148986816,0.578,1.479
100,1,het,2.17,plain,LOS,gc15,15.929096221923828,7.699285984039307,12.744353294372559,6.6832098960876465,8.858065605163574,8.281341552734375,0.578,1.479
100,1,het,2.17,plain,LOS+Sun+rho,sun4,0.4722733795642853,0.20427995920181274,0.3930850028991699,0.15007880330085754,0.3504702150821686,0.18183854222297668,0.571,1.289
100,1,het,2.17,plain,LOS+Sun+rho,sun15,5.570511817932129,4.157711982727051,3.139880657196045,2.5343315601348877,2.573995351791382,3.430449962615967,0.571,1.289
100,1,het,2.17,plain,LOS+Sun+rho,gc15,8.044816970825195,6.913384914398193,3.400383949279785,4.886667728424072,3.1604394912719727,3.9877185821533203,0.571,1.289
100,1,hetW,2.17,W,LOS,sun4,0.15638045966625214,0.06819948554039001,0.12974420189857483,0.055302564054727554,0.10324817895889282,0.06979244947433472,0.577,0.478
100,1,hetW,2.17,W,LOS,sun15,1.1628234386444092,0.5396773219108582,0.9365355968475342,0.548591136932373,0.6398773193359375,0.5734124779701233,0.577,0.478
100,1,hetW,2.17,W,LOS,gc15,1.104244351387024,0.5027704834938049,0.9004068374633789,0.4927968382835388,0.6287605166435242,0.5475729703903198,0.577,0.478
100,1,hetW,2.17,W,LOS+Sun+rho,sun4,0.15567035973072052,0.06695632636547089,0.12843509018421173,0.060902927070856094,0.10369714349508286,0.06457024812698364,0.571,0.440
100,1,hetW,2.17,W,LOS+Sun+rho,sun15,0.7688310742378235,0.45328032970428467,0.5562952756881714,0.3524012565612793,0.2801832854747772,0.4962916076183319,0.571,0.440
100,1,hetW,2.17,W,LOS+Sun+rho,gc15,0.8873459100723267,0.588951587677002,0.5804356932640076,0.4649628698825836,0.25197672843933105,0.5642848014831543,0.571,0.440
100,1,hetC,2.17,C,LOS,sun4,0.3137311637401581,0.1425674706697464,0.2476750612258911,0.06783207505941391,0.2538073658943176,0.11186806857585907,0.531,0.672
100,1,hetC,2.17,C,LOS,sun15,5.310013771057129,2.9327991008758545,4.045767784118652,1.8437769412994385,3.2152187824249268,3.0857906341552734,0.531,0.672
100,1,hetC,2.17,C,LOS,gc15,5.259690761566162,2.9187488555908203,3.995633125305176,1.9016450643539429,3.1613945960998535,2.9610960483551025,0.531,0.672
100,1,hetC,2.17,C,LOS+Sun+rho,sun4,0.13043782114982605,0.05070564150810242,0.11113081872463226,0.03985859826207161,0.09431286156177521,0.05295560508966446,0.602,0.347
100,1,hetC,2.17,C,LOS+Sun+rho,sun15,0.6365046501159668,0.36304908990859985,0.46464431285858154,0.30376532673835754,0.2818237245082855,0.33965927362442017,0.602,0.347
100,1,hetC,2.17,C,LOS+Sun+rho,gc15,0.5698820948600769,0.3011401891708374,0.4460565149784088,0.23645813763141632,0.2510360777378082,0.3633642792701721,0.602,0.347
100,1,s1.7W,1.70,W,LOS,sun4,0.4298096299171448,0.18640311062335968,0.34855279326438904,0.14726994931697845,0.28485846519470215,0.190964937210083,0.503,1.052
100,1,s1.7W,1.70,W,LOS,sun15,2.002875566482544,0.9602823257446289,1.639829397201538,0.6763514876365662,1.4149755239486694,0.8155003786087036,0.503,1.052
100,1,s1.7W,1.70,W,LOS,gc15,2.0404601097106934,0.9953007698059082,1.655487298965454,0.7561768293380737,1.4138870239257812,0.8138447403907776,0.503,1.052
100,1,s1.7W,1.70,W,LOS+Sun+rho,sun4,0.3522809147834778,0.15800946950912476,0.2833775281906128,0.14995215833187103,0.23931479454040527,0.12429363280534744,0.534,0.926
100,1,s1.7W,1.70,W,LOS+Sun+rho,sun15,2.1276564598083496,1.5445879697799683,1.2554073333740234,0.9959955215454102,0.7515358924865723,1.4011194705963135,0.534,0.926
100,1,s1.7W,1.70,W,LOS+Sun+rho,gc15,3.637836217880249,3.112215518951416,1.5759106874465942,2.4223902225494385,0.8566762208938599,1.9440710544586182,0.534,0.926
100,1,s1.7C,1.70,C,LOS,sun4,0.5565301179885864,0.20757217705249786,0.47401347756385803,0.18206731975078583,0.41322585940361023,0.18708157539367676,0.512,1.012
100,1,s1.7C,1.70,C,LOS,sun15,4.233162879943848,1.79375159740448,3.558375358581543,1.4443243741989136,2.4260590076446533,2.2401764392852783,0.512,1.012
100,1,s1.7C,1.70,C,LOS,gc15,4.411616802215576,1.680938720703125,3.837803363800049,1.4931461811065674,2.4795620441436768,2.4249629974365234,0.512,1.012
100,1,s1.7C,1.70,C,LOS+Sun+rho,sun4,0.39973610639572144,0.13709357380867004,0.35151633620262146,0.15869462490081787,0.26379573345184326,0.14832711219787598,0.607,0.910
100,1,s1.7C,1.70,C,LOS+Sun+rho,sun15,1.4045696258544922,0.9244527816772461,0.9104053974151611,0.7221840620040894,0.6054682731628418,0.7430174946784973,0.607,0.910
100,1,s1.7C,1.70,C,LOS+Sun+rho,gc15,1.7107224464416504,1.302750825881958,0.8795339465141296,1.0216175317764282,0.6266608238220215,0.8981302976608276,0.607,0.910
100,2,s0,0.00,plain,LOS,sun4,0.056379277259111404,0.012471803463995457,0.0526714026927948,0.011684365570545197,0.05249025672674179,0.0064211697317659855,nan,0.083
100,2,s0,0.00,plain,LOS,sun15,0.3097947835922241,0.17594578862190247,0.21908774971961975,0.17898884415626526,0.16362091898918152,0.09441476315259933,nan,0.083
100,2,s0,0.00,plain,LOS,gc15,0.29803451895713806,0.17035076022148132,0.21829535067081451,0.17528873682022095,0.1451498121023178,0.10910462588071823,nan,0.083
100,2,s0,0.00,plain,LOS+Sun+rho,sun4,0.03437263146042824,0.006904762703925371,0.0326329842209816,0.006997246295213699,0.03157757222652435,0.005144696682691574,nan,0.055
100,2,s0,0.00,plain,LOS+Sun+rho,sun15,0.20952974259853363,0.12220662087202072,0.14701160788536072,0.12978994846343994,0.10910819470882416,0.056704893708229065,nan,0.055
100,2,s0,0.00,plain,LOS+Sun+rho,gc15,0.16729608178138733,0.0816032737493515,0.13413870334625244,0.09038614481687546,0.0918150544166565,0.06085817888379097,nan,0.055
100,2,s0,0.00,plain,3D,sun4,0.017628757283091545,0.006786155514419079,0.01520611997693777,0.007846404798328876,0.014543259516358376,0.0012848370242863894,nan,0.053
100,2,s0,0.00,plain,3D,sun15,0.28831684589385986,0.16459116339683533,0.2057199478149414,0.16903772950172424,0.16193462908267975,0.08184437453746796,nan,0.053
100,2,s0,0.00,plain,3D,gc15,0.26168203353881836,0.1483105719089508,0.19238758087158203,0.15105795860290527,0.1425950676202774,0.0887896865606308,nan,0.053
100,2,s0.5,0.50,plain,LOS,sun4,0.15350759029388428,0.06079573184251785,0.12899243831634521,0.04066040366888046,0.11680237948894501,0.06196470558643341,0.530,0.284
100,2,s0.5,0.50,plain,LOS,sun15,0.7942056655883789,0.40245321393013,0.6086814403533936,0.3982892632484436,0.417513370513916,0.3722332715988159,0.530,0.284
100,2,s0.5,0.50,plain,LOS,gc15,0.7496907711029053,0.3695075213909149,0.5670141577720642,0.4220570921897888,0.35814380645751953,0.35433632135391235,0.530,0.284
100,2,s0.5,0.50,plain,LOS+Sun+rho,sun4,0.1182025894522667,0.050534285604953766,0.09796129167079926,0.039942316710948944,0.07954604178667068,0.0545634888112545,0.609,0.255
100,2,s0.5,0.50,plain,LOS+Sun+rho,sun15,1.136260986328125,0.8051179647445679,0.6954331994056702,0.698652446269989,0.4125176668167114,0.6305578351020813,0.609,0.255
100,2,s0.5,0.50,plain,LOS+Sun+rho,gc15,1.732247233390808,1.428551197052002,0.801101803779602,1.3069490194320679,0.4582892954349518,0.78138667345047,0.609,0.255
100,2,s1.7,1.70,plain,LOS,sun4,0.36207687854766846,0.18942272663116455,0.2754696011543274,0.16306886076927185,0.20669659972190857,0.1779780089855194,0.538,0.895
100,2,s1.7,1.70,plain,LOS,sun15,2.725722074508667,1.03301203250885,2.3492088317871094,1.129410982131958,1.7628761529922485,1.0854908227920532,0.538,0.895
100,2,s1.7,1.70,plain,LOS,gc15,2.8744168281555176,1.215966820716858,2.402334451675415,1.2346391677856445,1.9287731647491455,1.0271821022033691,0.538,0.895
100,2,s1.7,1.70,plain,LOS+Sun+rho,sun4,0.3254299759864807,0.16988947987556458,0.24942979216575623,0.1603955328464508,0.18765991926193237,0.1405821144580841,0.574,0.935
100,2,s1.7,1.70,plain,LOS+Sun+rho,sun15,3.744718551635742,2.62971830368042,2.168837785720825,2.053105354309082,1.485007882118225,2.1569857597351074,0.574,0.935
100,2,s1.7,1.70,plain,LOS+Sun+rho,gc15,5.303064346313477,4.374603748321533,2.2733545303344727,3.6217010021209717,1.820989966392517,2.419232130050659,0.574,0.935
100,2,s4.3,4.30,plain,LOS,sun4,1.4871703386306763,0.6130742430686951,1.2539434432983398,0.6505109071731567,0.8905037641525269,0.7193138003349304,0.311,3.118
100,2,s4.3,4.30,plain,LOS,sun15,24.624862670898438,13.259098052978516,19.208826065063477,9.35273265838623,12.166753768920898,15.044744491577148,0.311,3.118
100,2,s4.3,4.30,plain,LOS,gc15,29.554231643676758,16.535545349121094,22.6695556640625,12.955628395080566,13.319682121276855,17.553865432739258,0.311,3.118
100,2,s4.3,4.30,plain,LOS+Sun+rho,sun4,1.3496088981628418,0.6206037402153015,1.1104178428649902,0.604043185710907,0.8199490308761597,0.6120832562446594,0.332,3.206
100,2,s4.3,4.30,plain,LOS+Sun+rho,sun15,10.050907135009766,7.829006671905518,4.7148847579956055,5.961310863494873,3.626030445098877,5.620319366455078,0.332,3.206
100,2,s4.3,4.30,plain,LOS+Sun+rho,gc15,14.581719398498535,13.088632583618164,4.782430648803711,10.64073371887207,5.015374660491943,5.658790111541748,0.332,3.206
100,2,het,1.51,plain,LOS,sun4,0.332397997379303,0.14788851141929626,0.27236026525497437,0.15471932291984558,0.22397078573703766,0.11203368753194809,0.583,0.806
100,2,het,1.51,plain,LOS,sun15,4.398963451385498,3.118081569671631,2.5753421783447266,1.8463056087493896,3.2860777378082275,1.4464752674102783,0.583,0.806
100,2,het,1.51,plain,LOS,gc15,5.446498870849609,3.9541449546813965,3.2856550216674805,2.693349838256836,4.117953300476074,1.2733891010284424,0.583,0.806
100,2,het,1.51,plain,LOS+Sun+rho,sun4,0.2719747722148895,0.10904999822378159,0.22951483726501465,0.11565247923135757,0.1888236552476883,0.10144177079200745,0.580,0.673
100,2,het,1.51,plain,LOS+Sun+rho,sun15,3.1490492820739746,2.645460367202759,1.355380892753601,1.7159748077392578,1.2632496356964111,1.772779107093811,0.580,0.673
100,2,het,1.51,plain,LOS+Sun+rho,gc15,4.173305511474609,3.8703086376190186,1.1565120220184326,2.7272863388061523,1.5079704523086548,1.9898736476898193,0.580,0.673
100,2,hetW,1.51,W,LOS,sun4,0.21462062001228333,0.09671740978956223,0.17408019304275513,0.07140807807445526,0.1635330319404602,0.07959511876106262,0.583,0.446
100,2,hetW,1.51,W,LOS,sun15,1.2240984439849854,0.5555744171142578,1.010088562965393,0.4780230224132538,0.7033283710479736,0.6439360976219177,0.583,0.446
100,2,hetW,1.51,W,LOS,gc15,1.2367922067642212,0.5221617221832275,1.0475132465362549,0.5048986673355103,0.7021401524543762,0.6434445977210999,0.583,0.446
100,2,hetW,1.51,W,LOS+Sun+rho,sun4,0.22167575359344482,0.10622455179691315,0.17371441423892975,0.07791630923748016,0.16049496829509735,0.08408306539058685,0.605,0.518
100,2,hetW,1.51,W,LOS+Sun+rho,sun15,2.09896183013916,1.6200473308563232,1.1795732975006104,1.0700231790542603,0.9525255560874939,1.22539222240448,0.605,0.518
100,2,hetW,1.51,W,LOS+Sun+rho,gc15,2.715238332748413,2.315355062484741,1.1793259382247925,1.6914310455322266,1.0239440202713013,1.4259767532348633,0.605,0.518
100,2,hetC,1.51,C,LOS,sun4,0.2504335343837738,0.10368672013282776,0.21086439490318298,0.10867895185947418,0.18312007188796997,0.07612311840057373,0.613,0.554
100,2,hetC,1.51,C,LOS,sun15,1.3462889194488525,0.5554757714271545,1.1292834281921387,0.46267378330230713,0.6209440231323242,0.8515371084213257,0.613,0.554
100,2,hetC,1.51,C,LOS,gc15,1.4308103322982788,0.5133968591690063,1.2437779903411865,0.47781020402908325,0.6364994049072266,0.9431976079940796,0.613,0.554
100,2,hetC,1.51,C,LOS+Sun+rho,sun4,0.18731293082237244,0.07569374144077301,0.1580812633037567,0.07366179674863815,0.14633744955062866,0.04992692917585373,0.624,0.424
100,2,hetC,1.51,C,LOS+Sun+rho,sun15,1.3321046829223633,0.9331361055374146,0.8123794794082642,0.7309253215789795,0.6912816762924194,0.5714514255523682,0.624,0.424
100,2,hetC,1.51,C,LOS+Sun+rho,gc15,1.6569105386734009,1.3039354085922241,0.8019922971725464,1.057845950126648,0.7555751204490662,0.6759735345840454,0.624,0.424
100,2,s1.7W,1.70,W,LOS,sun4,0.36207687854766846,0.18942272663116455,0.2754696011543274,0.16306886076927185,0.20669659972190857,0.1779780089855194,0.538,0.895
100,2,s1.7W,1.70,W,LOS,sun15,2.725722074508667,1.03301203250885,2.3492088317871094,1.129410982131958,1.7628761529922485,1.0854908227920532,0.538,0.895
100,2,s1.7W,1.70,W,LOS,gc15,2.8744168281555176,1.215966820716858,2.402334451675415,1.2346391677856445,1.9287731647491455,1.0271821022033691,0.538,0.895
100,2,s1.7W,1.70,W,LOS+Sun+rho,sun4,0.3254299759864807,0.16988947987556458,0.24942979216575623,0.1603955328464508,0.18765991926193237,0.1405821144580841,0.574,0.935
100,2,s1.7W,1.70,W,LOS+Sun+rho,sun15,3.744718551635742,2.62971830368042,2.168837785720825,2.053105354309082,1.485007882118225,2.1569857597351074,0.574,0.935
100,2,s1.7W,1.70,W,LOS+Sun+rho,gc15,5.303064346313477,4.374603748321533,2.2733545303344727,3.6217010021209717,1.820989966392517,2.419232130050659,0.574,0.935
100,2,s1.7C,1.70,C,LOS,sun4,0.6603076457977295,0.24310845136642456,0.5799211263656616,0.2123803049325943,0.4465475082397461,0.31310349702835083,0.552,1.025
100,2,s1.7C,1.70,C,LOS,sun15,3.140744924545288,1.444596290588379,2.5856916904449463,1.385901927947998,1.7250845432281494,1.614344596862793,0.552,1.025
100,2,s1.7C,1.70,C,LOS,gc15,3.293394088745117,1.5880813598632812,2.6465940475463867,1.6334666013717651,1.7767748832702637,1.556602954864502,0.552,1.025
100,2,s1.7C,1.70,C,LOS+Sun+rho,sun4,0.4562091827392578,0.17728550732135773,0.3919236660003662,0.18506290018558502,0.3005031645298004,0.18060871958732605,0.584,0.908
100,2,s1.7C,1.70,C,LOS+Sun+rho,sun15,2.3582959175109863,1.6445385217666626,1.3825520277023315,1.3613287210464478,1.1523643732070923,1.0231565237045288,0.584,0.908
100,2,s1.7C,1.70,C,LOS+Sun+rho,gc15,3.479065179824829,2.836836099624634,1.539245367050171,2.3344156742095947,1.615473747253418,1.1871931552886963,0.584,0.908
200,0,s0,0.00,plain,LOS,sun4,0.06188962608575821,0.010643597692251205,0.05921744555234909,0.009966528974473476,0.0587240532040596,0.005174132063984871,nan,0.076
200,0,s0,0.00,plain,LOS,sun15,0.3034175634384155,0.17832665145397186,0.20507541298866272,0.1810438185930252,0.16127197444438934,0.08739844709634781,nan,0.076
200,0,s0,0.00,plain,LOS,gc15,0.22115695476531982,0.10350002348423004,0.17711490392684937,0.10894371569156647,0.12692835927009583,0.09275476634502411,nan,0.076
200,0,s0,0.00,plain,LOS+Sun+rho,sun4,0.04734332859516144,0.00944505538791418,0.04482148960232735,0.007806694135069847,0.043154276907444,0.007940842770040035,nan,0.082
200,0,s0,0.00,plain,LOS+Sun+rho,sun15,0.30952194333076477,0.1862817406654358,0.2089708298444748,0.19017307460308075,0.1517980396747589,0.09663897007703781,nan,0.082
200,0,s0,0.00,plain,LOS+Sun+rho,gc15,0.21239931881427765,0.10287376493215561,0.16955476999282837,0.11043698340654373,0.11757057905197144,0.09074737131595612,nan,0.082
200,0,s0,0.00,plain,3D,sun4,0.022362608462572098,0.009820394217967987,0.018693607300519943,0.014200191013514996,0.014990394935011864,0.0014326523523777723,nan,0.077
200,0,s0,0.00,plain,3D,sun15,0.24778884649276733,0.15082621574401855,0.15998893976211548,0.1422959864139557,0.14854684472084045,0.04416095092892647,nan,0.077
200,0,s0,0.00,plain,3D,gc15,0.1626785844564438,0.07348179072141647,0.1306810975074768,0.06936939060688019,0.11502300202846527,0.04803429916501045,nan,0.077
200,0,s0.5,0.50,plain,LOS,sun4,0.10070905089378357,0.032458849251270294,0.0894726887345314,0.033527590334415436,0.08073007315397263,0.027777455747127533,0.728,0.219
200,0,s0.5,0.50,plain,LOS,sun15,0.5628967881202698,0.2899400293827057,0.42507266998291016,0.32120752334594727,0.3016928434371948,0.18869397044181824,0.728,0.219
200,0,s0.5,0.50,plain,LOS,gc15,0.4776213467121124,0.22173017263412476,0.38630783557891846,0.25519266724586487,0.26722845435142517,0.1688174605369568,0.728,0.219
200,0,s0.5,0.50,plain,LOS+Sun+rho,sun4,0.08291622996330261,0.027294442057609558,0.07407335191965103,0.023879380896687508,0.07102426141500473,0.017457669600844383,0.778,0.223
200,0,s0.5,0.50,plain,LOS+Sun+rho,sun15,0.6949965357780457,0.4226662814617157,0.47409120202064514,0.3679927885532379,0.3116339445114136,0.3411356210708618,0.778,0.223
200,0,s0.5,0.50,plain,LOS+Sun+rho,gc15,0.5918859243392944,0.325610488653183,0.43713897466659546,0.26711952686309814,0.27493080496788025,0.3555949628353119,0.778,0.223
200,0,s1.7,1.70,plain,LOS,sun4,0.2822887897491455,0.11535202711820602,0.23913708329200745,0.1047791987657547,0.16832482814788818,0.1491166353225708,0.643,0.774
200,0,s1.7,1.70,plain,LOS,sun15,2.5640316009521484,1.3332154750823975,1.9601788520812988,1.1385732889175415,1.1848578453063965,1.5385552644729614,0.643,0.774
200,0,s1.7,1.70,plain,LOS,gc15,2.7503037452697754,1.1935842037200928,2.2405383586883545,1.1833574771881104,1.3124405145645142,1.6138334274291992,0.643,0.774
200,0,s1.7,1.70,plain,LOS+Sun+rho,sun4,0.2158118486404419,0.09758225083351135,0.17534975707530975,0.07166841626167297,0.15801358222961426,0.08302350342273712,0.671,0.689
200,0,s1.7,1.70,plain,LOS+Sun+rho,sun15,2.465641498565674,1.6076676845550537,1.6186463832855225,1.167083978652954,1.2175968885421753,1.3263258934020996,0.671,0.689
200,0,s1.7,1.70,plain,LOS+Sun+rho,gc15,3.4248061180114746,2.6822047233581543,1.6604037284851074,2.1091535091400146,1.3841359615325928,1.575392246246338,0.671,0.689
200,0,s4.3,4.30,plain,LOS,sun4,0.948806881904602,0.3670012354850769,0.8264398574829102,0.3983323574066162,0.5194710493087769,0.5072770118713379,0.515,2.210
200,0,s4.3,4.30,plain,LOS,sun15,4.727080345153809,2.6411094665527344,3.5704846382141113,2.1675806045532227,2.8565235137939453,1.948815941810608,0.515,2.210
200,0,s4.3,4.30,plain,LOS,gc15,5.146665573120117,3.0191783905029297,3.743134021759033,2.6546871662139893,3.129441738128662,1.7365636825561523,0.515,2.210
200,0,s4.3,4.30,plain,LOS+Sun+rho,sun4,0.7905142307281494,0.32330232858657837,0.6797913312911987,0.2965390682220459,0.47311097383499146,0.3898855447769165,0.564,2.142
200,0,s4.3,4.30,plain,LOS+Sun+rho,sun15,10.074275970458984,8.258016586303711,4.431133270263672,5.631855010986328,4.622988224029541,5.1611552238464355,0.564,2.142
200,0,s4.3,4.30,plain,LOS+Sun+rho,gc15,12.860591888427734,11.802616119384766,3.7261695861816406,8.369646072387695,5.360935211181641,5.816169738769531,0.564,2.142
200,0,het,1.64,plain,LOS,sun4,0.4030514359474182,0.17146389186382294,0.33646029233932495,0.18836326897144318,0.23698192834854126,0.19048549234867096,1.011,1.154
200,0,het,1.64,plain,LOS,sun15,2.5544486045837402,1.2576485872268677,2.0604400634765625,1.269787311553955,1.4921743869781494,1.108738899230957,1.011,1.154
200,0,het,1.64,plain,LOS,gc15,2.561319351196289,1.2015180587768555,2.1155362129211426,1.1586081981658936,1.5515549182891846,1.1541918516159058,1.011,1.154
200,0,het,1.64,plain,LOS+Sun+rho,sun4,0.24317635595798492,0.08725555986166,0.21191483736038208,0.10030730813741684,0.16346034407615662,0.09884853661060333,0.805,0.539
200,0,het,1.64,plain,LOS+Sun+rho,sun15,2.6030161380767822,2.069650173187256,1.2439379692077637,1.4651358127593994,1.0939770936965942,1.3534095287322998,0.805,0.539
200,0,het,1.64,plain,LOS+Sun+rho,gc15,3.43257737159729,2.998325824737549,1.269378423690796,2.1801958084106445,1.393134355545044,1.5840412378311157,0.805,0.539
200,0,hetW,1.64,W,LOS,sun4,0.1561257541179657,0.05283267796039581,0.13667473196983337,0.05475320294499397,0.1179899349808693,0.03355390578508377,0.695,0.336
200,0,hetW,1.64,W,LOS,sun15,0.8640257120132446,0.4759179949760437,0.6260538101196289,0.3516158163547516,0.5370200872421265,0.37794578075408936,0.695,0.336
200,0,hetW,1.64,W,LOS,gc15,0.9845449328422546,0.5432902574539185,0.7098301649093628,0.4203042984008789,0.6068174242973328,0.4415726363658905,0.695,0.336
200,0,hetW,1.64,W,LOS+Sun+rho,sun4,0.13178710639476776,0.0471990592777729,0.11446800827980042,0.051239676773548126,0.09561006724834442,0.034513890743255615,0.698,0.311
200,0,hetW,1.64,W,LOS+Sun+rho,sun15,0.6763611435890198,0.4568342864513397,0.4251215159893036,0.4396880865097046,0.34405264258384705,0.2060047835111618,0.698,0.311
200,0,hetW,1.64,W,LOS+Sun+rho,gc15,0.7021215558052063,0.5032240152359009,0.40223079919815063,0.4562734365463257,0.3623727560043335,0.2084304839372635,0.698,0.311
200,0,hetC,1.64,C,LOS,sun4,0.1446121484041214,0.04869963228702545,0.12660911679267883,0.052927859127521515,0.10871385782957077,0.033684778958559036,0.695,0.325
200,0,hetC,1.64,C,LOS,sun15,0.8480477929115295,0.5191088318824768,0.5952801704406738,0.45316946506500244,0.4994833171367645,0.30842313170433044,0.695,0.325
200,0,hetC,1.64,C,LOS,gc15,0.8263406753540039,0.45853370428085327,0.6266133189201355,0.410249263048172,0.4909079968929291,0.34042486548423767,0.695,0.325
200,0,hetC,1.64,C,LOS+Sun+rho,sun4,0.12429179251194,0.04060262069106102,0.10917004942893982,0.04149872809648514,0.09711373597383499,0.0256968941539526,0.721,0.264
200,0,hetC,1.64,C,LOS+Sun+rho,sun15,0.758192777633667,0.5469225645065308,0.43834149837493896,0.4685203731060028,0.39195430278778076,0.22769203782081604,0.721,0.264
200,0,hetC,1.64,C,LOS+Sun+rho,gc15,0.7526888251304626,0.5855563282966614,0.35532867908477783,0.47413960099220276,0.384629487991333,0.2513687312602997,0.721,0.264
200,0,s1.7W,1.70,W,LOS,sun4,0.2822887897491455,0.11535202711820602,0.23913708329200745,0.1047791987657547,0.16832482814788818,0.1491166353225708,0.643,0.774
200,0,s1.7W,1.70,W,LOS,sun15,2.5640316009521484,1.3332154750823975,1.9601788520812988,1.1385732889175415,1.1848578453063965,1.5385552644729614,0.643,0.774
200,0,s1.7W,1.70,W,LOS,gc15,2.7503037452697754,1.1935842037200928,2.2405383586883545,1.1833574771881104,1.3124405145645142,1.6138334274291992,0.643,0.774
200,0,s1.7W,1.70,W,LOS+Sun+rho,sun4,0.2158118486404419,0.09758225083351135,0.17534975707530975,0.07166841626167297,0.15801358222961426,0.08302350342273712,0.671,0.689
200,0,s1.7W,1.70,W,LOS+Sun+rho,sun15,2.465641498565674,1.6076676845550537,1.6186463832855225,1.167083978652954,1.2175968885421753,1.3263258934020996,0.671,0.689
200,0,s1.7W,1.70,W,LOS+Sun+rho,gc15,3.4248061180114746,2.6822047233581543,1.6604037284851074,2.1091535091400146,1.3841359615325928,1.575392246246338,0.671,0.689
200,0,s1.7C,1.70,C,LOS,sun4,0.8180390000343323,0.21524931490421295,0.7587394118309021,0.24344700574874878,0.5926159620285034,0.34852534532546997,0.391,1.024
200,0,s1.7C,1.70,C,LOS,sun15,2.549265146255493,1.7164561748504639,1.6228054761886597,1.384401559829712,1.461154580116272,0.9593762159347534,0.391,1.024
200,0,s1.7C,1.70,C,LOS,gc15,2.918489694595337,2.208353281021118,1.6055699586868286,1.8559229373931885,1.550524353981018,0.9496520757675171,0.391,1.024
200,0,s1.7C,1.70,C,LOS+Sun+rho,sun4,0.18256504833698273,0.07481971383094788,0.15444523096084595,0.05883663892745972,0.13206124305725098,0.0762840136885643,0.716,0.544
200,0,s1.7C,1.70,C,LOS+Sun+rho,sun15,1.217799186706543,0.7210112810134888,0.8773015141487122,0.5306850671768188,0.548100471496582,0.7187226414680481,0.716,0.544
200,0,s1.7C,1.70,C,LOS+Sun+rho,gc15,1.5158989429473877,1.0948476791381836,0.8376748561859131,0.8159140944480896,0.5418010950088501,0.8745243549346924,0.716,0.544
200,1,s0,0.00,plain,LOS,sun4,0.05040813237428665,0.011169022880494595,0.04754382371902466,0.015417363494634628,0.04460803419351578,0.005442479625344276,nan,0.075
200,1,s0,0.00,plain,LOS,sun15,0.24139414727687836,0.13210831582546234,0.1730128824710846,0.121461883187294,0.12523025274276733,0.09339259564876556,nan,0.075
200,1,s0,0.00,plain,LOS,gc15,0.18511348962783813,0.07182510942220688,0.16062062978744507,0.06755538284778595,0.1068756952881813,0.10079247504472733,nan,0.075
200,1,s0,0.00,plain,LOS+Sun+rho,sun4,0.052163369953632355,0.015389610081911087,0.047938842326402664,0.025353718549013138,0.041494738310575485,0.004979982040822506,nan,0.126
200,1,s0,0.00,plain,LOS+Sun+rho,sun15,0.25129497051239014,0.13754665851593018,0.18194609880447388,0.16750672459602356,0.11626700311899185,0.0796152800321579,nan,0.126
200,1,s0,0.00,plain,LOS+Sun+rho,gc15,0.18000933527946472,0.07430712133646011,0.15357628464698792,0.10333321988582611,0.09009728580713272,0.08173498511314392,nan,0.126
200,1,s0,0.00,plain,3D,sun4,0.010028953664004803,0.003286360763013363,0.008952844887971878,0.003293258836492896,0.008877033367753029,0.0011061399709433317,nan,0.023
200,1,s0,0.00,plain,3D,sun15,0.20780614018440247,0.1302180290222168,0.13591845333576202,0.130502849817276,0.1097196415066719,0.05266941711306572,nan,0.023
200,1,s0,0.00,plain,3D,gc15,0.14111247658729553,0.06545073539018631,0.11514347791671753,0.06686580926179886,0.0869835838675499,0.057047039270401,nan,0.023
200,1,s0.5,0.50,plain,LOS,sun4,0.08615934103727341,0.027251718565821648,0.07752928137779236,0.025881178677082062,0.07248268276453018,0.022040624171495438,0.723,0.197
200,1,s0.5,0.50,plain,LOS,sun15,0.608422577381134,0.3529624044895172,0.42420536279678345,0.3557826578617096,0.3108687400817871,0.228752002120018,0.723,0.197
200,1,s0.5,0.50,plain,LOS,gc15,0.560522198677063,0.3002007305622101,0.4159643352031708,0.3305733799934387,0.2789391875267029,0.22904226183891296,0.723,0.197
200,1,s0.5,0.50,plain,LOS+Sun+rho,sun4,0.07708920538425446,0.024798734113574028,0.06904061883687973,0.023774540051817894,0.0640253871679306,0.019202198833227158,0.715,0.176
200,1,s0.5,0.50,plain,LOS+Sun+rho,sun15,0.46770626306533813,0.24349665641784668,0.3525729775428772,0.2689805328845978,0.24556438624858856,0.1764397919178009,0.715,0.176
200,1,s0.5,0.50,plain,LOS+Sun+rho,gc15,0.43578389286994934,0.21881724894046783,0.33788442611694336,0.24021106958389282,0.23269079625606537,0.18512438237667084,0.715,0.176
200,1,s1.7,1.70,plain,LOS,sun4,0.3380265533924103,0.12894758582115173,0.29275190830230713,0.10310836136341095,0.24252334237098694,0.1490497887134552,0.564,0.842
200,1,s1.7,1.70,plain,LOS,sun15,1.290140986442566,0.6353424191474915,1.0129011869430542,0.6342541575431824,0.6678915023803711,0.6131091713905334,0.564,0.842
200,1,s1.7,1.70,plain,LOS,gc15,1.3360695838928223,0.6277718544006348,1.0773954391479492,0.6896354556083679,0.6502465009689331,0.6281793117523193,0.564,0.842
200,1,s1.7,1.70,plain,LOS+Sun+rho,sun4,0.32490989565849304,0.12743210792541504,0.28007739782333374,0.09491631388664246,0.2454691380262375,0.12882399559020996,0.570,0.801
200,1,s1.7,1.70,plain,LOS+Sun+rho,sun15,1.9998995065689087,1.3344120979309082,1.2795054912567139,0.7759883403778076,0.9228628277778625,1.2269006967544556,0.570,0.801
200,1,s1.7,1.70,plain,LOS+Sun+rho,gc15,3.003497838973999,2.425199031829834,1.391849160194397,1.6970341205596924,1.1130774021148682,1.610876202583313,0.570,0.801
200,1,s4.3,4.30,plain,LOS,sun4,0.9039945602416992,0.34504827857017517,0.7850106954574585,0.381791889667511,0.6388964653015137,0.32865819334983826,0.537,2.212
200,1,s4.3,4.30,plain,LOS,sun15,5.485659599304199,2.932725191116333,4.19851016998291,2.2699832916259766,3.0999598503112793,2.7289209365844727,0.537,2.212
200,1,s4.3,4.30,plain,LOS,gc15,5.143370628356934,2.783125638961792,3.8959457874298096,2.037329912185669,2.8504679203033447,2.6508288383483887,0.537,2.212
200,1,s4.3,4.30,plain,LOS+Sun+rho,sun4,0.7536704540252686,0.2993086576461792,0.6458732485771179,0.2892700433731079,0.5170354843139648,0.31943896412849426,0.592,1.989
200,1,s4.3,4.30,plain,LOS+Sun+rho,sun15,13.048243522644043,10.617948532104492,5.619715690612793,7.09019136428833,6.683257102966309,5.81372594833374,0.592,1.989
200,1,s4.3,4.30,plain,LOS+Sun+rho,gc15,19.596773147583008,17.660911560058594,5.853050231933594,13.679291725158691,8.805986404418945,6.038393497467041,0.592,1.989
200,1,het,1.46,plain,LOS,sun4,0.2745727002620697,0.141338512301445,0.1982242316007614,0.09470047801733017,0.197179913520813,0.11474579572677612,0.764,0.736
200,1,het,1.46,plain,LOS,sun15,20.515888214111328,8.736331939697266,17.53729248046875,8.488863945007324,11.192363739013672,11.647221565246582,0.764,0.736
200,1,het,1.46,plain,LOS,gc15,21.062448501586914,9.986289978027344,17.075698852539062,9.33315658569336,11.145666122436523,11.50619888305664,0.764,0.736
200,1,het,1.46,plain,LOS+Sun+rho,sun4,0.27498993277549744,0.125886470079422,0.21929125487804413,0.08163660764694214,0.2081262469291687,0.10297940671443939,0.744,0.728
200,1,het,1.46,plain,LOS+Sun+rho,sun15,6.972459316253662,5.8699493408203125,2.7460532188415527,3.4274280071258545,3.477449893951416,3.7100741863250732,0.744,0.728
200,1,het,1.46,plain,LOS+Sun+rho,gc15,10.641773223876953,10.018712997436523,2.630035161972046,6.717766761779785,4.516992092132568,4.890390396118164,0.744,0.728
200,1,hetW,1.46,W,LOS,sun4,0.12988042831420898,0.05141149088740349,0.11123207211494446,0.03306376561522484,0.10858133435249329,0.03671327978372574,0.661,0.330
200,1,hetW,1.46,W,LOS,sun15,0.9646879434585571,0.5366231203079224,0.7037699222564697,0.5167638063430786,0.4395029842853546,0.4640684127807617,0.661,0.330
200,1,hetW,1.46,W,LOS,gc15,0.9053444862365723,0.4780527651309967,0.6882001161575317,0.48926764726638794,0.4334971010684967,0.4121328592300415,0.661,0.330
200,1,hetW,1.46,W,LOS+Sun+rho,sun4,0.12014629691839218,0.05120743438601494,0.10137934982776642,0.043760355561971664,0.0909140408039093,0.03937254101037979,0.739,0.369
200,1,hetW,1.46,W,LOS+Sun+rho,sun15,0.7179588079452515,0.39656126499176025,0.5317962169647217,0.3958020508289337,0.335926353931427,0.3453003764152527,0.739,0.369
200,1,hetW,1.46,W,LOS+Sun+rho,gc15,0.6391550898551941,0.3200715184211731,0.5095929503440857,0.3244796395301819,0.3015449345111847,0.343290239572525,0.739,0.369
200,1,hetC,1.46,C,LOS,sun4,0.11833486706018448,0.043627139180898666,0.102788046002388,0.03270353749394417,0.09645301848649979,0.03468811884522438,0.654,0.275
200,1,hetC,1.46,C,LOS,sun15,1.4092265367507935,0.752221941947937,1.071450114250183,0.6152980327606201,0.7465269565582275,0.7724264860153198,0.654,0.275
200,1,hetC,1.46,C,LOS,gc15,1.2815337181091309,0.6292784810066223,1.0275678634643555,0.5374693274497986,0.7073516845703125,0.7063171863555908,0.654,0.275
200,1,hetC,1.46,C,LOS+Sun+rho,sun4,0.10646240413188934,0.03712975233793259,0.09419868141412735,0.02571939304471016,0.0907469242811203,0.0300695039331913,0.675,0.268
200,1,hetC,1.46,C,LOS+Sun+rho,sun15,0.6191540360450745,0.35898008942604065,0.43725913763046265,0.36003464460372925,0.29681289196014404,0.2518162727355957,0.675,0.268
200,1,hetC,1.46,C,LOS+Sun+rho,gc15,0.48531362414360046,0.2338760495185852,0.3949136435985565,0.23757022619247437,0.24505974352359772,0.2560446858406067,0.675,0.268
200,1,s1.7W,1.70,W,LOS,sun4,0.3380265533924103,0.12894758582115173,0.29275190830230713,0.10310836136341095,0.24252334237098694,0.1490497887134552,0.564,0.842
200,1,s1.7W,1.70,W,LOS,sun15,1.290140986442566,0.6353424191474915,1.0129011869430542,0.6342541575431824,0.6678915023803711,0.6131091713905334,0.564,0.842
200,1,s1.7W,1.70,W,LOS,gc15,1.3360695838928223,0.6277718544006348,1.0773954391479492,0.6896354556083679,0.6502465009689331,0.6281793117523193,0.564,0.842
200,1,s1.7W,1.70,W,LOS+Sun+rho,sun4,0.32490989565849304,0.12743210792541504,0.28007739782333374,0.09491631388664246,0.2454691380262375,0.12882399559020996,0.570,0.801
200,1,s1.7W,1.70,W,LOS+Sun+rho,sun15,1.9998995065689087,1.3344120979309082,1.2795054912567139,0.7759883403778076,0.9228628277778625,1.2269006967544556,0.570,0.801
200,1,s1.7W,1.70,W,LOS+Sun+rho,gc15,3.003497838973999,2.425199031829834,1.391849160194397,1.6970341205596924,1.1130774021148682,1.610876202583313,0.570,0.801
200,1,s1.7C,1.70,C,LOS,sun4,0.3006470203399658,0.13114890456199646,0.24944551289081573,0.10264664143323898,0.2211010754108429,0.10685425996780396,0.567,0.795
200,1,s1.7C,1.70,C,LOS,sun15,2.7481513023376465,1.2130595445632935,2.2516908645629883,1.176788330078125,1.7364813089370728,1.2475836277008057,0.567,0.795
200,1,s1.7C,1.70,C,LOS,gc15,3.0511200428009033,1.2007945775985718,2.599738836288452,1.325830340385437,1.8315589427947998,1.4629850387573242,0.567,0.795
200,1,s1.7C,1.70,C,LOS+Sun+rho,sun4,0.2556353807449341,0.11432038247585297,0.21149268746376038,0.09650515019893646,0.1737167239189148,0.10154455900192261,0.615,0.715
200,1,s1.7C,1.70,C,LOS+Sun+rho,sun15,2.0406620502471924,1.309899926185608,1.3540472984313965,1.1302332878112793,0.9827524423599243,0.8686674237251282,0.615,0.715
200,1,s1.7C,1.70,C,LOS+Sun+rho,gc15,2.8421478271484375,2.1851961612701416,1.4013054370880127,1.7236689329147339,1.3073848485946655,1.2063913345336914,0.615,0.715
200,2,s0,0.00,plain,LOS,sun4,0.042982716113328934,0.009722959250211716,0.040326520800590515,0.011078057810664177,0.03837504982948303,0.005342776887118816,nan,0.064
200,2,s0,0.00,plain,LOS,sun15,0.23008306324481964,0.13410915434360504,0.15706193447113037,0.12756529450416565,0.1301482915878296,0.06428788602352142,nan,0.064
200,2,s0,0.00,plain,LOS,gc15,0.21380379796028137,0.12126713991165161,0.15581057965755463,0.1169028952717781,0.11779111623764038,0.07729540020227432,nan,0.064
200,2,s0,0.00,plain,LOS+Sun+rho,sun4,0.03983014449477196,0.011307070963084698,0.03677498549222946,0.01720293238759041,0.032889217138290405,0.003931022714823484,nan,0.096
200,2,s0,0.00,plain,LOS+Sun+rho,sun15,0.2112409621477127,0.11978226900100708,0.15061621367931366,0.1300233006477356,0.11318154633045197,0.05489175394177437,nan,0.096
200,2,s0,0.00,plain,LOS+Sun+rho,gc15,0.16590717434883118,0.0772363543510437,0.13676275312900543,0.08741306513547897,0.09680229425430298,0.057159289717674255,nan,0.096
200,2,s0,0.00,plain,3D,sun4,0.016666386276483536,0.006214058957993984,0.014390472322702408,0.006843001581728458,0.0139375114813447,0.0011195627739652991,nan,0.046
200,2,s0,0.00,plain,3D,sun15,0.2621690332889557,0.16622702777385712,0.17222902178764343,0.15278282761573792,0.15424516797065735,0.07067905366420746,nan,0.046
200,2,s0,0.00,plain,3D,gc15,0.23612049221992493,0.14756566286087036,0.16266988217830658,0.1338863968849182,0.12866359949111938,0.08595804870128632,nan,0.046
200,2,s0.5,0.50,plain,LOS,sun4,0.09913477301597595,0.03320254758000374,0.0880902037024498,0.026978977024555206,0.0780976265668869,0.03137996047735214,0.751,0.228
200,2,s0.5,0.50,plain,LOS,sun15,0.504845380783081,0.21883678436279297,0.4179084599018097,0.20856869220733643,0.3151398301124573,0.2120911180973053,0.751,0.228
200,2,s0.5,0.50,plain,LOS,gc15,0.5421479940414429,0.18234363198280334,0.48058146238327026,0.18186427652835846,0.379349946975708,0.2373577505350113,0.751,0.228
200,2,s0.5,0.50,plain,LOS+Sun+rho,sun4,0.09170759469270706,0.03192867338657379,0.080365851521492,0.02709529921412468,0.0709671750664711,0.028832891955971718,0.732,0.212
200,2,s0.5,0.50,plain,LOS+Sun+rho,sun15,0.5107356309890747,0.30635395646095276,0.35113418102264404,0.2645225524902344,0.31360185146331787,0.165535569190979,0.732,0.212
200,2,s0.5,0.50,plain,LOS+Sun+rho,gc15,0.6172899603843689,0.4520909786224365,0.30592721700668335,0.35730230808258057,0.35382258892059326,0.20362348854541779,0.732,0.212
200,2,s1.7,1.70,plain,LOS,sun4,0.41060930490493774,0.15098245441913605,0.354809045791626,0.14317502081394196,0.2858070135116577,0.1759069561958313,0.639,0.854
200,2,s1.7,1.70,plain,LOS,sun15,3.2442173957824707,1.9040191173553467,2.30300235748291,1.450791835784912,2.417140483856201,0.8510907292366028,0.639,0.854
200,2,s1.7,1.70,plain,LOS,gc15,3.932999849319458,2.5614845752716064,2.619946241378784,1.701629877090454,2.9946954250335693,1.0873534679412842,0.639,0.854
200,2,s1.7,1.70,plain,LOS+Sun+rho,sun4,0.3740728497505188,0.1329660564661026,0.3274652361869812,0.121607206761837,0.26947566866874695,0.15206848084926605,0.642,0.812
200,2,s1.7,1.70,plain,LOS+Sun+rho,sun15,2.8013062477111816,2.2477736473083496,1.329876184463501,1.5317598581314087,1.464949131011963,1.2233119010925293,0.642,0.812
200,2,s1.7,1.70,plain,LOS+Sun+rho,gc15,4.387112617492676,3.9912023544311523,1.38130784034729,2.8404364585876465,2.150359869003296,1.6303362846374512,0.642,0.812
200,2,s4.3,4.30,plain,LOS,sun4,1.597414493560791,0.4354201853275299,1.4744598865509033,0.4182499051094055,1.1016640663146973,0.759340226650238,0.506,2.528
200,2,s4.3,4.30,plain,LOS,sun15,2.7711122035980225,1.1584950685501099,2.335697650909424,1.352500319480896,1.4984724521636963,1.219139814376831,0.506,2.528
200,2,s4.3,4.30,plain,LOS,gc15,2.5589277744293213,1.0668401718139648,2.165225028991699,1.336788296699524,1.4203280210494995,1.0222704410552979,0.506,2.528
200,2,s4.3,4.30,plain,LOS+Sun+rho,sun4,0.9118485450744629,0.37133097648620605,0.7749364376068115,0.3270679712295532,0.6135305166244507,0.4084194302558899,0.588,2.260
200,2,s4.3,4.30,plain,LOS+Sun+rho,sun15,10.56238079071045,8.903252601623535,4.32904052734375,6.424112319946289,4.433585166931152,5.411813735961914,0.588,2.260
200,2,s4.3,4.30,plain,LOS+Sun+rho,gc15,13.543993949890137,12.557589530944824,3.633566379547119,9.521368026733398,5.0200886726379395,5.640899181365967,0.588,2.260
200,2,het,1.69,plain,LOS,sun4,0.43987929821014404,0.19315150380134583,0.3487008810043335,0.10525180399417877,0.3556211590766907,0.1545918881893158,0.734,1.040
200,2,het,1.69,plain,LOS,sun15,6.855535507202148,3.4543867111206055,5.08864688873291,3.3249452114105225,2.6925220489501953,4.424344539642334,0.734,1.040
200,2,het,1.69,plain,LOS,gc15,7.895720481872559,3.9787042140960693,5.933434009552002,4.017055034637451,2.6537818908691406,5.254317283630371,0.734,1.040
200,2,het,1.69,plain,LOS+Sun+rho,sun4,0.32544732093811035,0.17766398191452026,0.24068669974803925,0.10322611033916473,0.21181455254554749,0.16851596534252167,0.785,1.054
200,2,het,1.69,plain,LOS+Sun+rho,sun15,6.052957534790039,4.839268684387207,2.935634136199951,3.1474251747131348,2.8092615604400635,3.1999878883361816,0.785,1.054
200,2,het,1.69,plain,LOS+Sun+rho,gc15,8.612814903259277,7.874266624450684,2.6488640308380127,5.490143775939941,3.363358974456787,3.965604305267334,0.785,1.054
200,2,hetW,1.69,W,LOS,sun4,0.22600698471069336,0.07319856435060501,0.19715720415115356,0.049148134887218475,0.19889520108699799,0.04729132354259491,0.692,0.465
200,2,hetW,1.69,W,LOS,sun15,1.8707313537597656,0.8816938400268555,1.4997376203536987,0.8071612119674683,0.9834340810775757,0.9835067391395569,0.692,0.465
200,2,hetW,1.69,W,LOS,gc15,2.1958022117614746,1.0686782598495483,1.740721344947815,0.9731472730636597,1.1292520761489868,1.1383967399597168,0.692,0.465
200,2,hetW,1.69,W,LOS+Sun+rho,sun4,0.17070673406124115,0.056573279201984406,0.1494397521018982,0.03414268046617508,0.1498946249485016,0.04066478833556175,0.695,0.391
200,2,hetW,1.69,W,LOS+Sun+rho,sun15,1.287358045578003,0.8971771597862244,0.8014665842056274,0.6023260354995728,0.5042559504508972,0.83375084400177,0.695,0.391
200,2,hetW,1.69,W,LOS+Sun+rho,gc15,1.8044204711914062,1.4583189487457275,0.8814167976379395,1.0969183444976807,0.5398370027542114,1.0337494611740112,0.695,0.391
200,2,hetC,1.69,C,LOS,sun4,0.1911228746175766,0.07857705652713776,0.15713414549827576,0.049001261591911316,0.15819036960601807,0.054663680493831635,0.643,0.488
200,2,hetC,1.69,C,LOS,sun15,2.0569851398468018,0.893959641456604,1.6944383382797241,0.911593496799469,1.0054881572723389,1.1906018257141113,0.643,0.488
200,2,hetC,1.69,C,LOS,gc15,2.2734270095825195,0.9887403845787048,1.8737189769744873,0.9947363138198853,1.0706911087036133,1.3422729969024658,0.643,0.488
200,2,hetC,1.69,C,LOS+Sun+rho,sun4,0.11458705365657806,0.03990898281335831,0.09810081124305725,0.024945124983787537,0.09763823449611664,0.02926553413271904,0.730,0.283
200,2,hetC,1.69,C,LOS+Sun+rho,sun15,0.6328661441802979,0.3468594551086426,0.457073450088501,0.32561632990837097,0.31055140495300293,0.28679245710372925,0.730,0.283
200,2,hetC,1.69,C,LOS+Sun+rho,gc15,0.5255136489868164,0.23723681271076202,0.43284860253334045,0.22509244084358215,0.26179802417755127,0.3036099374294281,0.730,0.283
200,2,s1.7W,1.70,W,LOS,sun4,0.41060930490493774,0.15098245441913605,0.354809045791626,0.14317502081394196,0.2858070135116577,0.1759069561958313,0.639,0.854
200,2,s1.7W,1.70,W,LOS,sun15,3.2442173957824707,1.9040191173553467,2.30300235748291,1.450791835784912,2.417140483856201,0.8510907292366028,0.639,0.854
200,2,s1.7W,1.70,W,LOS,gc15,3.932999849319458,2.5614845752716064,2.619946241378784,1.701629877090454,2.9946954250335693,1.0873534679412842,0.639,0.854
200,2,s1.7W,1.70,W,LOS+Sun+rho,sun4,0.3740728497505188,0.1329660564661026,0.3274652361869812,0.121607206761837,0.26947566866874695,0.15206848084926605,0.642,0.812
200,2,s1.7W,1.70,W,LOS+Sun+rho,sun15,2.8013062477111816,2.2477736473083496,1.329876184463501,1.5317598581314087,1.464949131011963,1.2233119010925293,0.642,0.812
200,2,s1.7W,1.70,W,LOS+Sun+rho,gc15,4.387112617492676,3.9912023544311523,1.38130784034729,2.8404364585876465,2.150359869003296,1.6303362846374512,0.642,0.812
200,2,s1.7C,1.70,C,LOS,sun4,0.42604607343673706,0.15203821659088135,0.37078672647476196,0.12808212637901306,0.31695789098739624,0.1643044799566269,0.668,0.884
200,2,s1.7C,1.70,C,LOS,sun15,2.698333501815796,1.6466810703277588,1.86582350730896,0.9425490498542786,1.567411184310913,1.5079255104064941,0.668,0.884
200,2,s1.7C,1.70,C,LOS,gc15,3.0334808826446533,2.1146469116210938,1.9348571300506592,1.3102372884750366,1.5917277336120605,1.6524040699005127,0.668,0.884
200,2,s1.7C,1.70,C,LOS+Sun+rho,sun4,0.3966640830039978,0.14917618036270142,0.34164243936538696,0.14036871492862701,0.2803507447242737,0.15679627656936646,0.676,0.797
200,2,s1.7C,1.70,C,LOS+Sun+rho,sun15,1.7718570232391357,1.3083560466766357,1.030250072479248,0.9354919195175171,1.025303602218628,0.6052607297897339,0.676,0.797
200,2,s1.7C,1.70,C,LOS+Sun+rho,gc15,1.7787449359893799,1.3920270204544067,0.9493308067321777,0.8749585151672363,1.1744904518127441,0.5790000557899475,0.676,0.797
500,0,s0,0.00,plain,LOS,sun4,0.042990975081920624,0.009713280946016312,0.040276553481817245,0.012155345641076565,0.03932033106684685,0.001713964156806469,nan,0.075
500,0,s0,0.00,plain,LOS,sun15,0.22200819849967957,0.14505553245544434,0.1357315182685852,0.13426819443702698,0.12117168307304382,0.04499483108520508,nan,0.075
500,0,s0,0.00,plain,LOS,gc15,0.13701826333999634,0.06771498918533325,0.10600702464580536,0.06038527935743332,0.08683851361274719,0.05062001943588257,nan,0.075
500,0,s0,0.00,plain,LOS+Sun+rho,sun4,0.051227279007434845,0.013544367626309395,0.047432780265808105,0.017562609165906906,0.045157138258218765,0.005458679981529713,nan,0.110
500,0,s0,0.00,plain,LOS+Sun+rho,sun15,0.2864111065864563,0.18541847169399261,0.1830260455608368,0.19050802290439606,0.13450321555137634,0.07919815182685852,nan,0.110
500,0,s0,0.00,plain,LOS+Sun+rho,gc15,0.17425617575645447,0.08962982892990112,0.13609206676483154,0.09558987617492676,0.09375332295894623,0.07452709972858429,nan,0.110
500,0,s0,0.00,plain,3D,sun4,0.025915026664733887,0.0127911027520895,0.020709581673145294,0.021132642403244972,0.013184678740799427,0.0010415255092084408,nan,0.103
500,0,s0,0.00,plain,3D,sun15,0.2403576672077179,0.15794453024864197,0.14946939051151276,0.15071454644203186,0.1405089795589447,0.04178180918097496,nan,0.103
500,0,s0,0.00,plain,3D,gc15,0.15781055390834808,0.0844801813364029,0.11948364973068237,0.0768653005361557,0.11068553477525711,0.04483150318264961,nan,0.103
500,0,s0.5,0.50,plain,LOS,sun4,0.06547939777374268,0.021273799240589142,0.05829653888940811,0.018930738791823387,0.054808445274829865,0.01172611489892006,0.735,0.161
500,0,s0.5,0.50,plain,LOS,sun15,0.5607389211654663,0.2969083786010742,0.41322219371795654,0.2936151623725891,0.2893024682998657,0.2268534004688263,0.735,0.161
500,0,s0.5,0.50,plain,LOS,gc15,0.47680747509002686,0.21356144547462463,0.39201831817626953,0.20726294815540314,0.263838529586792,0.23472687602043152,0.735,0.161
500,0,s0.5,0.50,plain,LOS+Sun+rho,sun4,0.06180698424577713,0.0196372177451849,0.05510639026761055,0.015584227629005909,0.05092548578977585,0.014921228401362896,0.736,0.149
500,0,s0.5,0.50,plain,LOS+Sun+rho,sun15,0.4533020257949829,0.26272040605545044,0.316780686378479,0.2477293312549591,0.2285020649433136,0.1828465461730957,0.736,0.149
500,0,s0.5,0.50,plain,LOS+Sun+rho,gc15,0.33686089515686035,0.14203009009361267,0.28329771757125854,0.13037779927253723,0.1783970445394516,0.2000148594379425,0.736,0.149
500,0,s1.7,1.70,plain,LOS,sun4,0.18092787265777588,0.0791996419429779,0.15189221501350403,0.08046547323465347,0.10987456887960434,0.08415259420871735,0.722,0.527
500,0,s1.7,1.70,plain,LOS,sun15,1.710507869720459,0.7758711576461792,1.4067764282226562,0.7529661655426025,1.0241100788116455,0.7224860787391663,0.722,0.527
500,0,s1.7,1.70,plain,LOS,gc15,1.7730016708374023,0.7896242737770081,1.4511610269546509,0.7878831624984741,1.0864384174346924,0.7164452075958252,0.722,0.527
500,0,s1.7,1.70,plain,LOS+Sun+rho,sun4,0.18399381637573242,0.07826995849609375,0.1539199948310852,0.09269482642412186,0.1121612936258316,0.06934227794408798,0.724,0.535
500,0,s1.7,1.70,plain,LOS+Sun+rho,sun15,1.5594052076339722,1.015406608581543,1.0262410640716553,0.6904560327529907,0.7342690825462341,0.8958339691162109,0.724,0.535
500,0,s1.7,1.70,plain,LOS+Sun+rho,gc15,1.7978407144546509,1.3054208755493164,1.015108346939087,0.8670797348022461,0.800415575504303,1.0442639589309692,0.724,0.535
500,0,s4.3,4.30,plain,LOS,sun4,0.8300080299377441,0.30740150809288025,0.7240591645240784,0.23097196221351624,0.5553645491600037,0.41507747769355774,0.681,1.987
500,0,s4.3,4.30,plain,LOS,sun15,6.907224655151367,2.7684326171875,5.787663459777832,2.806884765625,3.5527868270874023,3.7114360332489014,0.681,1.987
500,0,s4.3,4.30,plain,LOS,gc15,7.241361618041992,2.956691026687622,6.088219165802002,3.2442939281463623,3.7193586826324463,3.6343419551849365,0.681,1.987
500,0,s4.3,4.30,plain,LOS+Sun+rho,sun4,0.36852604150772095,0.1639563888311386,0.30147653818130493,0.14762862026691437,0.24765604734420776,0.13915149867534637,0.799,1.057
500,0,s4.3,4.30,plain,LOS+Sun+rho,sun15,3.433103084564209,2.5935215950012207,1.8238658905029297,1.9912381172180176,1.5473127365112305,1.636063575744629,0.799,1.057
500,0,s4.3,4.30,plain,LOS+Sun+rho,gc15,4.535238742828369,3.9388763904571533,1.8435213565826416,3.066338539123535,2.175255298614502,1.4386146068572998,0.799,1.057
500,0,het,1.69,plain,LOS,sun4,0.22001123428344727,0.1063666045665741,0.17587921023368835,0.0667448490858078,0.1567832976579666,0.09565487504005432,0.978,0.742
500,0,het,1.69,plain,LOS,sun15,3.1433281898498535,1.1924951076507568,2.745925188064575,1.3554975986480713,1.9588937759399414,1.234083652496338,0.978,0.742
500,0,het,1.69,plain,LOS,gc15,3.277316093444824,1.2442615032196045,2.8539154529571533,1.5477031469345093,1.997076392173767,1.1719061136245728,0.978,0.742
500,0,het,1.69,plain,LOS+Sun+rho,sun4,0.16971880197525024,0.0835927277803421,0.13205799460411072,0.05091132968664169,0.11290743947029114,0.07968094944953918,0.909,0.603
500,0,het,1.69,plain,LOS+Sun+rho,sun15,4.001194000244141,2.570817708969116,2.6360721588134766,1.5731145143508911,2.251180648803711,2.1251845359802246,0.909,0.603
500,0,het,1.69,plain,LOS+Sun+rho,gc15,5.109806537628174,3.8854944705963135,2.573444366455078,2.6358449459075928,2.772859811782837,2.260227680206299,0.909,0.603
500,0,hetW,1.69,W,LOS,sun4,0.08909130096435547,0.03480098024010658,0.07531827688217163,0.029783125966787338,0.07099410146474838,0.02460384927690029,0.827,0.250
500,0,hetW,1.69,W,LOS,sun15,0.6840354204177856,0.33928680419921875,0.5094931125640869,0.3456656038761139,0.42262178659439087,0.21704262495040894,0.827,0.250
500,0,hetW,1.69,W,LOS,gc15,0.6077629923820496,0.2658277153968811,0.4931947588920593,0.29110997915267944,0.385525643825531,0.2099728286266327,0.827,0.250
500,0,hetW,1.69,W,LOS+Sun+rho,sun4,0.07918308675289154,0.02422289550304413,0.07027550041675568,0.023233851417899132,0.06640638411045074,0.013058734126389027,0.828,0.172
500,0,hetW,1.69,W,LOS+Sun+rho,sun15,0.41857725381851196,0.2506029009819031,0.2801367938518524,0.25531527400016785,0.22404615581035614,0.10691084712743759,0.828,0.172
500,0,hetW,1.69,W,LOS+Sun+rho,gc15,0.3428824543952942,0.18871398270130157,0.24652890861034393,0.20076346397399902,0.18583102524280548,0.11528391391038895,0.828,0.172
500,0,hetC,1.69,C,LOS,sun4,0.08086796849966049,0.037233710289001465,0.06648363918066025,0.04376017302274704,0.05536050722002983,0.016915161162614822,0.861,0.253
500,0,hetC,1.69,C,LOS,sun15,0.5621552467346191,0.3190813362598419,0.3942286968231201,0.32727286219596863,0.3170585632324219,0.16542372107505798,0.861,0.253
500,0,hetC,1.69,C,LOS,gc15,0.47053056955337524,0.21840785443782806,0.3795650899410248,0.2326829880475998,0.297224760055542,0.1669837236404419,0.861,0.253
500,0,hetC,1.69,C,LOS+Sun+rho,sun4,0.08463004976511002,0.02506641112267971,0.07589387893676758,0.02567117288708687,0.07181324064731598,0.01647089049220085,0.847,0.184
500,0,hetC,1.69,C,LOS+Sun+rho,sun15,0.6076035499572754,0.360023558139801,0.4085908830165863,0.3785247206687927,0.3257785141468048,0.14427992701530457,0.847,0.184
500,0,hetC,1.69,C,LOS+Sun+rho,gc15,0.45546191930770874,0.22093002498149872,0.3602539002895355,0.2562100291252136,0.2608886957168579,0.14030155539512634,0.847,0.184
500,0,s1.7W,1.70,W,LOS,sun4,0.18092787265777588,0.0791996419429779,0.15189221501350403,0.08046547323465347,0.10987456887960434,0.08415259420871735,0.722,0.527
500,0,s1.7W,1.70,W,LOS,sun15,1.710507869720459,0.7758711576461792,1.4067764282226562,0.7529661655426025,1.0241100788116455,0.7224860787391663,0.722,0.527
500,0,s1.7W,1.70,W,LOS,gc15,1.7730016708374023,0.7896242737770081,1.4511610269546509,0.7878831624984741,1.0864384174346924,0.7164452075958252,0.722,0.527
500,0,s1.7W,1.70,W,LOS+Sun+rho,sun4,0.18399381637573242,0.07826995849609375,0.1539199948310852,0.09269482642412186,0.1121612936258316,0.06934227794408798,0.724,0.535
500,0,s1.7W,1.70,W,LOS+Sun+rho,sun15,1.5594052076339722,1.015406608581543,1.0262410640716553,0.6904560327529907,0.7342690825462341,0.8958339691162109,0.724,0.535
500,0,s1.7W,1.70,W,LOS+Sun+rho,gc15,1.7978407144546509,1.3054208755493164,1.015108346939087,0.8670797348022461,0.800415575504303,1.0442639589309692,0.724,0.535
500,0,s1.7C,1.70,C,LOS,sun4,0.20577798783779144,0.08535242080688477,0.17329005897045135,0.08481297641992569,0.1213899552822113,0.1008794754743576,0.712,0.561
500,0,s1.7C,1.70,C,LOS,sun15,2.8140869140625,1.3654760122299194,2.1727161407470703,1.1524494886398315,1.597581148147583,1.3958463668823242,0.712,0.561
500,0,s1.7C,1.70,C,LOS,gc15,2.9947898387908936,1.3186898231506348,2.396939754486084,1.2328710556030273,1.7135953903198242,1.4498136043548584,0.712,0.561
500,0,s1.7C,1.70,C,LOS+Sun+rho,sun4,0.14652742445468903,0.05558602139353752,0.1258833259344101,0.07285889238119125,0.09673713147640228,0.05087382346391678,0.765,0.374
500,0,s1.7C,1.70,C,LOS+Sun+rho,sun15,0.9419448375701904,0.5801862478256226,0.6187371611595154,0.5551789999008179,0.45949363708496094,0.3783314824104309,0.765,0.374
500,0,s1.7C,1.70,C,LOS+Sun+rho,gc15,0.9537850618362427,0.6079524159431458,0.6024070978164673,0.5461863875389099,0.46651163697242737,0.41428884863853455,0.765,0.374
500,1,s0,0.00,plain,LOS,sun4,0.04106849431991577,0.009106671437621117,0.038924701511859894,0.01443544402718544,0.035225678235292435,0.003139608772471547,nan,0.068
500,1,s0,0.00,plain,LOS,sun15,0.18239428102970123,0.11622253060340881,0.11829419434070587,0.11198797076940536,0.08951472491025925,0.05450965091586113,nan,0.068
500,1,s0,0.00,plain,LOS,gc15,0.12988364696502686,0.05965104699134827,0.10663312673568726,0.058449096977710724,0.07261283695697784,0.0617830827832222,nan,0.068
500,1,s0,0.00,plain,LOS+Sun+rho,sun4,0.03425070643424988,0.009327473118901253,0.03165113180875778,0.015199978835880756,0.027930907905101776,0.0016934340819716454,nan,0.080
500,1,s0,0.00,plain,LOS+Sun+rho,sun15,0.1934584379196167,0.10900688171386719,0.13975059986114502,0.12492553889751434,0.1028611809015274,0.05276455730199814,nan,0.080
500,1,s0,0.00,plain,LOS+Sun+rho,gc15,0.1388293206691742,0.06097765639424324,0.11670224368572235,0.07514619082212448,0.08425652980804443,0.05080034211277962,nan,0.080
500,1,s0,0.00,plain,3D,sun4,0.014141482301056385,0.006259607151150703,0.011766479350626469,0.010202324017882347,0.008291566744446754,0.0009614970767870545,nan,0.055
500,1,s0,0.00,plain,3D,sun15,0.2370942085981369,0.13999247550964355,0.16239012777805328,0.13740496337413788,0.14002519845962524,0.05890044942498207,nan,0.055
500,1,s0,0.00,plain,3D,gc15,0.1718708574771881,0.07636629045009613,0.1433473527431488,0.07549594342708588,0.11729038506746292,0.06380924582481384,nan,0.055
500,1,s0.5,0.50,plain,LOS,sun4,0.05681516230106354,0.014103271067142487,0.052810750901699066,0.007746100425720215,0.05143885314464569,0.012782060541212559,0.773,0.104
500,1,s0.5,0.50,plain,LOS,sun15,0.3908691108226776,0.20378363132476807,0.2879280149936676,0.18623672425746918,0.19715358316898346,0.18078631162643433,0.773,0.104
500,1,s0.5,0.50,plain,LOS,gc15,0.33816927671432495,0.13757745921611786,0.2857530117034912,0.12367838621139526,0.18450652062892914,0.19854998588562012,0.773,0.104
500,1,s0.5,0.50,plain,LOS+Sun+rho,sun4,0.05565498024225235,0.013747481629252434,0.051861029118299484,0.009794602170586586,0.04907088354229927,0.012280913069844246,0.767,0.099
500,1,s0.5,0.50,plain,LOS+Sun+rho,sun15,0.4297603964805603,0.22972100973129272,0.31632834672927856,0.21770568192005157,0.2152271717786789,0.19954989850521088,0.767,0.099
500,1,s0.5,0.50,plain,LOS+Sun+rho,gc15,0.3721030354499817,0.16223415732383728,0.30809685587882996,0.15421432256698608,0.2071700394153595,0.2027239203453064,0.767,0.099
500,1,s1.7,1.70,plain,LOS,sun4,0.1839781105518341,0.06326989829540253,0.1621212512254715,0.07073602825403214,0.13960368931293488,0.050820253789424896,0.751,0.425
500,1,s1.7,1.70,plain,LOS,sun15,2.071796178817749,1.3567243814468384,1.3046703338623047,0.9543447494506836,1.2089097499847412,0.9015356302261353,0.751,0.425
500,1,s1.7,1.70,plain,LOS,gc15,2.86152982711792,1.9365278482437134,1.7409257888793945,1.438713550567627,1.7819089889526367,1.0310494899749756,0.751,0.425
500,1,s1.7,1.70,plain,LOS+Sun+rho,sun4,0.17785924673080444,0.06159195303916931,0.15658614039421082,0.062300268560647964,0.1411626636981964,0.04227665066719055,0.763,0.403
500,1,s1.7,1.70,plain,LOS+Sun+rho,sun15,1.9083970785140991,1.4297455549240112,1.0330009460449219,0.9181920289993286,0.7078458666801453,1.2004145383834839,0.763,0.403
500,1,s1.7,1.70,plain,LOS+Sun+rho,gc15,2.7892844676971436,2.3500218391418457,1.199356198310852,1.7963840961456299,0.9050506949424744,1.3750840425491333,0.763,0.403
500,1,s4.3,4.30,plain,LOS,sun4,0.5553748607635498,0.23077639937400818,0.4635171890258789,0.16913367807865143,0.3611694574356079,0.2811729311943054,0.651,1.447
500,1,s4.3,4.30,plain,LOS,sun15,13.196243286132812,6.124588489532471,10.534372329711914,5.046486854553223,8.797222137451172,5.618951797485352,0.651,1.447
500,1,s4.3,4.30,plain,LOS,gc15,13.48397159576416,5.935666084289551,10.920304298400879,5.2818603515625,9.150029182434082,5.367496967315674,0.651,1.447
500,1,s4.3,4.30,plain,LOS+Sun+rho,sun4,0.46178799867630005,0.19793500006198883,0.3763527274131775,0.15825781226158142,0.31801265478134155,0.1932445913553238,0.675,1.224
500,1,s4.3,4.30,plain,LOS+Sun+rho,sun15,11.642705917358398,10.383014678955078,4.342381477355957,7.063097953796387,6.546839237213135,3.708817481994629,0.675,1.224
500,1,s4.3,4.30,plain,LOS+Sun+rho,gc15,17.572998046875,16.378053665161133,5.0688629150390625,12.764912605285645,8.61459732055664,4.048629283905029,0.675,1.224
500,1,het,1.68,plain,LOS,sun4,0.1651799976825714,0.052794069051742554,0.14728809893131256,0.04168682172894478,0.13625973463058472,0.04762326925992966,0.875,0.376
500,1,het,1.68,plain,LOS,sun15,1.3190884590148926,0.6170523166656494,1.054834246635437,0.5519209504127502,0.6798020601272583,0.7332020401954651,0.875,0.376
500,1,het,1.68,plain,LOS,gc15,1.5191982984542847,0.7695471048355103,1.2053800821304321,0.6604946851730347,0.7574290037155151,0.8790273666381836,0.875,0.376
500,1,het,1.68,plain,LOS+Sun+rho,sun4,0.141573965549469,0.05015184357762337,0.12241671234369278,0.03508917614817619,0.11312034726142883,0.046779219061136246,0.865,0.345
500,1,het,1.68,plain,LOS+Sun+rho,sun15,1.15283203125,0.7938073873519897,0.7019327282905579,0.5337490439414978,0.5586814284324646,0.5783809423446655,0.865,0.345
500,1,het,1.68,plain,LOS+Sun+rho,gc15,1.4108161926269531,1.126151442527771,0.6649878621101379,0.7582433223724365,0.6886202096939087,0.6838409304618835,0.865,0.345
500,1,hetW,1.68,W,LOS,sun4,0.11466902494430542,0.031884945929050446,0.10454848408699036,0.026500746607780457,0.09589917957782745,0.0313718244433403,0.781,0.224
500,1,hetW,1.68,W,LOS,sun15,0.7910290956497192,0.3963374197483063,0.6094977855682373,0.27985909581184387,0.2876698672771454,0.5572408437728882,0.781,0.224
500,1,hetW,1.68,W,LOS,gc15,0.8444040417671204,0.3523145318031311,0.7064876556396484,0.2730417549610138,0.3192850351333618,0.6272932291030884,0.781,0.224
500,1,hetW,1.68,W,LOS+Sun+rho,sun4,0.09074235707521439,0.027977438643574715,0.08125359565019608,0.029322192072868347,0.07289514690637589,0.022862063720822334,0.787,0.192
500,1,hetW,1.68,W,LOS+Sun+rho,sun15,0.5639801025390625,0.28821805119514465,0.4364541471004486,0.22991473972797394,0.2633087933063507,0.3312497138977051,0.787,0.192
500,1,hetW,1.68,W,LOS+Sun+rho,gc15,0.59047931432724,0.31813573837280273,0.44906729459762573,0.23886507749557495,0.26431500911712646,0.378268837928772,0.787,0.192
500,1,hetC,1.68,C,LOS,sun4,0.09848522394895554,0.02987639605998993,0.08820132166147232,0.021178558468818665,0.08427813649177551,0.025280093774199486,0.777,0.194
500,1,hetC,1.68,C,LOS,sun15,1.0985914468765259,0.48985952138900757,0.8967459201812744,0.3602592945098877,0.43518388271331787,0.7924070358276367,0.777,0.194
500,1,hetC,1.68,C,LOS,gc15,1.1932698488235474,0.4821881055831909,1.0123364925384521,0.37601396441459656,0.4861898422241211,0.8826268911361694,0.777,0.194
500,1,hetC,1.68,C,LOS+Sun+rho,sun4,0.09396305680274963,0.02209005504846573,0.08804300427436829,0.023317355662584305,0.08361342549324036,0.014955608174204826,0.832,0.167
500,1,hetC,1.68,C,LOS+Sun+rho,sun15,0.4354274272918701,0.23293203115463257,0.3190317153930664,0.2592978775501251,0.21845455467700958,0.15453144907951355,0.832,0.167
500,1,hetC,1.68,C,LOS+Sun+rho,gc15,0.3299071192741394,0.13881997764110565,0.2771615982055664,0.16797122359275818,0.18519368767738342,0.1459043025970459,0.832,0.167
500,1,s1.7W,1.70,W,LOS,sun4,0.1839781105518341,0.06326989829540253,0.1621212512254715,0.07073602825403214,0.13960368931293488,0.050820253789424896,0.751,0.425
500,1,s1.7W,1.70,W,LOS,sun15,2.071796178817749,1.3567243814468384,1.3046703338623047,0.9543447494506836,1.2089097499847412,0.9015356302261353,0.751,0.425
500,1,s1.7W,1.70,W,LOS,gc15,2.86152982711792,1.9365278482437134,1.7409257888793945,1.438713550567627,1.7819089889526367,1.0310494899749756,0.751,0.425
500,1,s1.7W,1.70,W,LOS+Sun+rho,sun4,0.17785924673080444,0.06159195303916931,0.15658614039421082,0.062300268560647964,0.1411626636981964,0.04227665066719055,0.763,0.403
500,1,s1.7W,1.70,W,LOS+Sun+rho,sun15,1.9083970785140991,1.4297455549240112,1.0330009460449219,0.9181920289993286,0.7078458666801453,1.2004145383834839,0.763,0.403
500,1,s1.7W,1.70,W,LOS+Sun+rho,gc15,2.7892844676971436,2.3500218391418457,1.199356198310852,1.7963840961456299,0.9050506949424744,1.3750840425491333,0.763,0.403
500,1,s1.7C,1.70,C,LOS,sun4,0.14907307922840118,0.04660840332508087,0.13438136875629425,0.047188665717840195,0.11894695460796356,0.03837928920984268,0.777,0.324
500,1,s1.7C,1.70,C,LOS,sun15,1.39924955368042,0.8533449769020081,0.9766770601272583,0.6323216557502747,0.5899273157119751,0.8021509647369385,0.777,0.324
500,1,s1.7C,1.70,C,LOS,gc15,1.4253456592559814,0.8605677485466003,1.0001176595687866,0.6627706289291382,0.5813931226730347,0.819926917552948,0.777,0.324
500,1,s1.7C,1.70,C,LOS+Sun+rho,sun4,0.12909407913684845,0.03841778635978699,0.11793893575668335,0.036508213728666306,0.10671143233776093,0.03851386159658432,0.795,0.275
500,1,s1.7C,1.70,C,LOS+Sun+rho,sun15,0.5930426120758057,0.3700321912765503,0.40189680457115173,0.3358318507671356,0.2565753161907196,0.28319641947746277,0.795,0.275
500,1,s1.7C,1.70,C,LOS+Sun+rho,gc15,0.513867974281311,0.32650914788246155,0.33634263277053833,0.27883854508399963,0.20122653245925903,0.28315696120262146,0.795,0.275
500,2,s0,0.00,plain,LOS,sun4,0.039913810789585114,0.010043625719845295,0.037308529019355774,0.015386328101158142,0.03400224819779396,0.0029799658805131912,nan,0.074
500,2,s0,0.00,plain,LOS,sun15,0.1859622746706009,0.12753818929195404,0.11224530637264252,0.11877287924289703,0.0897102952003479,0.06012682616710663,nan,0.074
500,2,s0,0.00,plain,LOS,gc15,0.16963553428649902,0.11198844015598297,0.1133318841457367,0.10521144419908524,0.07405421137809753,0.07511735707521439,nan,0.074
500,2,s0,0.00,plain,LOS+Sun+rho,sun4,0.03372509777545929,0.009096965193748474,0.03090066835284233,0.012545233592391014,0.02870173752307892,0.0033963376190513372,nan,0.063
500,2,s0,0.00,plain,LOS+Sun+rho,sun15,0.23252683877944946,0.15068694949150085,0.1490781009197235,0.1513804793357849,0.11660933494567871,0.05741563439369202,nan,0.063
500,2,s0,0.00,plain,LOS+Sun+rho,gc15,0.16876190900802612,0.09404799342155457,0.12695077061653137,0.09419652074575424,0.09357717633247375,0.05948881059885025,nan,0.063
500,2,s0,0.00,plain,3D,sun4,0.020556434988975525,0.008543970994651318,0.017255889251828194,0.00958589930087328,0.016407905146479607,0.0013366969069465995,nan,0.064
500,2,s0,0.00,plain,3D,sun15,0.2521410584449768,0.15751726925373077,0.16886797547340393,0.16141867637634277,0.13624298572540283,0.069546177983284,nan,0.064
500,2,s0,0.00,plain,3D,gc15,0.22457681596279144,0.14150376617908478,0.152349591255188,0.14439606666564941,0.11349527537822723,0.07662352919578552,nan,0.064
500,2,s0.5,0.50,plain,LOS,sun4,0.06549665331840515,0.02142445556819439,0.05787678435444832,0.02425980754196644,0.052315548062324524,0.014238042756915092,0.743,0.146
500,2,s0.5,0.50,plain,LOS,sun15,0.6189843416213989,0.37542396783828735,0.42435723543167114,0.2981870174407959,0.4225631356239319,0.1853087842464447,0.743,0.146
500,2,s0.5,0.50,plain,LOS,gc15,0.7605136632919312,0.4963367283344269,0.510958731174469,0.30949628353118896,0.5695532560348511,0.22541671991348267,0.743,0.146
500,2,s0.5,0.50,plain,LOS+Sun+rho,sun4,0.05293016880750656,0.020157620310783386,0.04524032026529312,0.01776919886469841,0.04235894978046417,0.013869933784008026,0.742,0.138
500,2,s0.5,0.50,plain,LOS+Sun+rho,sun15,0.5942690372467041,0.3946382999420166,0.37209033966064453,0.3256770372390747,0.29481571912765503,0.2536395192146301,0.742,0.138
500,2,s0.5,0.50,plain,LOS+Sun+rho,gc15,0.6061179637908936,0.4278590977191925,0.3475188612937927,0.3225632309913635,0.3079834580421448,0.29840391874313354,0.742,0.138
500,2,s1.7,1.70,plain,LOS,sun4,0.1943976879119873,0.07454492151737213,0.1661277860403061,0.07821723818778992,0.1258200705051422,0.07337602227926254,0.697,0.541
500,2,s1.7,1.70,plain,LOS,sun15,4.472899436950684,1.8558183908462524,3.7171177864074707,0.9995572566986084,2.3876194953918457,2.8577160835266113,0.697,0.541
500,2,s1.7,1.70,plain,LOS,gc15,5.403355121612549,1.7763444185256958,4.767947673797607,1.2523105144500732,3.086442470550537,3.3132715225219727,0.697,0.541
500,2,s1.7,1.70,plain,LOS+Sun+rho,sun4,0.1903844028711319,0.07249194383621216,0.16321298480033875,0.0718051940202713,0.12385275959968567,0.07902610301971436,0.700,0.503
500,2,s1.7,1.70,plain,LOS+Sun+rho,sun15,2.0060601234436035,1.2649410963058472,1.3920762538909912,0.6973655819892883,0.9296970963478088,1.3197238445281982,0.700,0.503
500,2,s1.7,1.70,plain,LOS+Sun+rho,gc15,2.627434492111206,1.841427206993103,1.6654998064041138,1.178638219833374,1.1933680772781372,1.6018218994140625,0.700,0.503
500,2,s4.3,4.30,plain,LOS,sun4,0.6924936771392822,0.23228880763053894,0.6161751747131348,0.18245992064476013,0.48372283577919006,0.33510664105415344,0.641,1.508
500,2,s4.3,4.30,plain,LOS,sun15,2.7397522926330566,1.1084232330322266,2.343386173248291,1.1501860618591309,1.562301754951477,1.3260263204574585,0.641,1.508
500,2,s4.3,4.30,plain,LOS,gc15,2.771782398223877,1.2489063739776611,2.283413887023926,1.2975374460220337,1.4860388040542603,1.2812649011611938,0.641,1.508
500,2,s4.3,4.30,plain,LOS+Sun+rho,sun4,0.3214547336101532,0.1393032968044281,0.26900947093963623,0.09269002079963684,0.21677014231681824,0.1632409244775772,0.689,1.053
500,2,s4.3,4.30,plain,LOS+Sun+rho,sun15,4.072901725769043,2.826601505279541,2.4255528450012207,2.098083019256592,2.0458946228027344,1.9134026765823364,0.689,1.053
500,2,s4.3,4.30,plain,LOS+Sun+rho,gc15,5.76062536239624,4.753311634063721,2.417646884918213,3.732606887817383,2.6145217418670654,2.0533254146575928,0.689,1.053
500,2,het,1.88,plain,LOS,sun4,0.18092364072799683,0.07525204867124557,0.1509176641702652,0.07385965436697006,0.11997973918914795,0.0699196383357048,0.795,0.506
500,2,het,1.88,plain,LOS,sun15,1.9791646003723145,1.0708022117614746,1.5039680004119873,0.9244107007980347,1.4171885251998901,0.5796089768409729,0.795,0.506
500,2,het,1.88,plain,LOS,gc15,2.126631736755371,1.0814275741577148,1.6733887195587158,0.9370672702789307,1.5925627946853638,0.5778423547744751,0.795,0.506
500,2,het,1.88,plain,LOS+Sun+rho,sun4,0.15806345641613007,0.05710751190781593,0.1370370090007782,0.049518439918756485,0.10404147207736969,0.07201328873634338,0.776,0.424
500,2,het,1.88,plain,LOS+Sun+rho,sun15,1.7853314876556396,1.3006527423858643,1.0691652297973633,0.6817484498023987,0.6837114095687866,1.200132966041565,0.776,0.424
500,2,het,1.88,plain,LOS+Sun+rho,gc15,2.4341611862182617,1.999041199684143,1.1581497192382812,1.3299455642700195,0.7114670276641846,1.4250082969665527,0.776,0.424
500,2,hetW,1.88,W,LOS,sun4,0.08650663495063782,0.03368952125310898,0.07309578359127045,0.023831890895962715,0.06413478404283524,0.033158812671899796,0.706,0.223
500,2,hetW,1.88,W,LOS,sun15,0.6797282695770264,0.2911582291126251,0.5632863640785217,0.28444647789001465,0.4519897699356079,0.264788419008255,0.706,0.223
500,2,hetW,1.88,W,LOS,gc15,0.7098402976989746,0.2618803381919861,0.6201858520507812,0.24538251757621765,0.5119369029998779,0.2852245569229126,0.706,0.223
500,2,hetW,1.88,W,LOS+Sun+rho,sun4,0.08137313276529312,0.028624027967453003,0.0712331011891365,0.01926315575838089,0.06297406554222107,0.03006979078054428,0.703,0.198
500,2,hetW,1.88,W,LOS+Sun+rho,sun15,0.4534298777580261,0.25560462474823,0.33494213223457336,0.22242411971092224,0.23235654830932617,0.20817500352859497,0.703,0.198
500,2,hetW,1.88,W,LOS+Sun+rho,gc15,0.46704432368278503,0.2868407964706421,0.3204595148563385,0.2252413034439087,0.24408093094825745,0.24125245213508606,0.703,0.198
500,2,hetC,1.88,C,LOS,sun4,0.09241053462028503,0.030729660764336586,0.08163387328386307,0.022929992526769638,0.0739937499165535,0.033226728439331055,0.707,0.221
500,2,hetC,1.88,C,LOS,sun15,0.7627338171005249,0.3524692952632904,0.6083308458328247,0.34628793597221375,0.5006440281867981,0.25080519914627075,0.707,0.221
500,2,hetC,1.88,C,LOS,gc15,0.8123051524162292,0.30166715383529663,0.7046831846237183,0.30545103549957275,0.5885030627250671,0.2754936218261719,0.707,0.221
500,2,hetC,1.88,C,LOS+Sun+rho,sun4,0.08403356373310089,0.029246177524328232,0.0732688456773758,0.02125379629433155,0.07001946866512299,0.02435671165585518,0.730,0.201
500,2,hetC,1.88,C,LOS+Sun+rho,sun15,0.41919267177581787,0.2508120834827423,0.28647342324256897,0.24530889093875885,0.20633316040039062,0.1423131823539734,0.730,0.201
500,2,hetC,1.88,C,LOS+Sun+rho,gc15,0.29996493458747864,0.15248322486877441,0.23136095702648163,0.15028811991214752,0.16010262072086334,0.1344183087348938,0.730,0.201
500,2,s1.7W,1.70,W,LOS,sun4,0.1943976879119873,0.07454492151737213,0.1661277860403061,0.07821723818778992,0.1258200705051422,0.07337602227926254,0.697,0.541
500,2,s1.7W,1.70,W,LOS,sun15,4.472899436950684,1.8558183908462524,3.7171177864074707,0.9995572566986084,2.3876194953918457,2.8577160835266113,0.697,0.541
500,2,s1.7W,1.70,W,LOS,gc15,5.403355121612549,1.7763444185256958,4.767947673797607,1.2523105144500732,3.086442470550537,3.3132715225219727,0.697,0.541
500,2,s1.7W,1.70,W,LOS+Sun+rho,sun4,0.1903844028711319,0.07249194383621216,0.16321298480033875,0.0718051940202713,0.12385275959968567,0.07902610301971436,0.700,0.503
500,2,s1.7W,1.70,W,LOS+Sun+rho,sun15,2.0060601234436035,1.2649410963058472,1.3920762538909912,0.6973655819892883,0.9296970963478088,1.3197238445281982,0.700,0.503
500,2,s1.7W,1.70,W,LOS+Sun+rho,gc15,2.627434492111206,1.841427206993103,1.6654998064041138,1.178638219833374,1.1933680772781372,1.6018218994140625,0.700,0.503
500,2,s1.7C,1.70,C,LOS,sun4,0.1783113181591034,0.0631314069032669,0.15624304115772247,0.056395284831523895,0.13437926769256592,0.06111523509025574,0.714,0.450
500,2,s1.7C,1.70,C,LOS,sun15,2.796118974685669,1.5227646827697754,2.0918266773223877,0.7870978713035583,1.0488042831420898,2.1591005325317383,0.714,0.450
500,2,s1.7C,1.70,C,LOS,gc15,3.0332579612731934,1.3917045593261719,2.437044620513916,0.8071926832199097,1.228613257408142,2.323636531829834,0.714,0.450
500,2,s1.7C,1.70,C,LOS+Sun+rho,sun4,0.14497332274913788,0.05449061468243599,0.12482845038175583,0.04950191080570221,0.10822875797748566,0.04364052042365074,0.736,0.396
500,2,s1.7C,1.70,C,LOS+Sun+rho,sun15,1.5506263971328735,1.1991820335388184,0.8491711020469666,0.7210110425949097,0.5918769836425781,0.9791727066040039,0.736,0.396
500,2,s1.7C,1.70,C,LOS+Sun+rho,gc15,2.1174092292785645,1.8031712770462036,0.9091423749923706,1.2298774719238281,0.6922856569290161,1.20684814453125,0.736,0.396
