n_samples,trial,setting,sigma_mmsyr,arm,mode,region,rel_err,rel_los,rel_trv,rel_R,rel_z,rel_phi,rel_err_sm,rel_los_sm,rel_trv_sm,train_chi,train_err_true_mmsyr,train_err_smooth_mmsyr
50,0,s0,0.00,plain,LOS,sun4,0.07665668427944183,0.026357602328062057,0.06769220530986786,0.027246467769145966,0.05204217880964279,0.03476171940565109,0.058227576315402985,0.02049921452999115,0.051384810358285904,nan,0.084,0.091
50,0,s0,0.00,plain,LOS,sun15,0.9047591686248779,0.3576655983924866,0.7611507177352905,0.36762750148773193,0.6371864080429077,0.3081269860267639,1.7338907718658447,0.6507953405380249,1.4836235046386719,nan,0.084,0.091
50,0,s0,0.00,plain,LOS,gc15,0.9753830432891846,0.3945372998714447,0.8204272389411926,0.38888245820999146,0.6792340278625488,0.35992398858070374,2.296003818511963,0.9317342638969421,1.9525856971740723,nan,0.084,0.091
50,0,s0,0.00,plain,LOS+Sun+rho,sun4,0.07953371852636337,0.027037423104047775,0.07085318118333817,0.029929514974355698,0.05822372063994408,0.027371542528271675,0.06166134402155876,0.021324630826711655,0.05494576692581177,nan,0.144,0.147
50,0,s0,0.00,plain,LOS+Sun+rho,sun15,0.6051332950592041,0.23991985619068146,0.5151735544204712,0.24124668538570404,0.43382060527801514,0.19894500076770782,1.1344342231750488,0.4756190776824951,0.9522435665130615,nan,0.144,0.147
50,0,s0,0.00,plain,LOS+Sun+rho,gc15,0.640982985496521,0.2501862347126007,0.5495054721832275,0.26017051935195923,0.4638299345970154,0.19750764966011047,1.4167392253875732,0.5925413370132446,1.2057223320007324,nan,0.144,0.147
50,0,s0,0.00,plain,3D,sun4,0.0402650460600853,0.020989954471588135,0.030868645757436752,0.02311275526881218,0.021479744464159012,0.015421142801642418,0.031696952879428864,0.014818556606769562,0.025482360273599625,nan,0.103,0.091
50,0,s0,0.00,plain,3D,sun15,0.7643738985061646,0.41422775387763977,0.5780175924301147,0.3980258107185364,0.38832390308380127,0.3675771951675415,1.314117193222046,0.7231217622756958,1.00374174118042,nan,0.103,0.091
50,0,s0,0.00,plain,3D,gc15,0.8036354184150696,0.4215632677078247,0.6165791749954224,0.4214174449443817,0.4192449152469635,0.37827539443969727,1.5830676555633545,0.7871768474578857,1.269396424293518,nan,0.103,0.091
50,0,s0.5,0.50,plain,LOS,sun4,0.12695443630218506,0.05474184453487396,0.10676129162311554,0.05463022738695145,0.08091111481189728,0.05593561753630638,0.12077747285366058,0.052286386489868164,0.10150174051523209,0.544,0.354,0.345
50,0,s0.5,0.50,plain,LOS,sun15,1.3776780366897583,0.5500211715698242,1.1544253826141357,0.5274112820625305,1.0447533130645752,0.40293845534324646,2.3706226348876953,0.8728426694869995,2.0427873134613037,0.544,0.354,0.345
50,0,s0.5,0.50,plain,LOS,gc15,1.447131872177124,0.5719178318977356,1.225809097290039,0.5591963529586792,1.1061897277832031,0.4069209396839142,2.9687671661376953,1.1216983795166016,2.584085464477539,0.544,0.354,0.345
50,0,s0.5,0.50,plain,LOS+Sun+rho,sun4,0.10309737920761108,0.05289918929338455,0.0804000273346901,0.03802155703306198,0.06324832141399384,0.05160154029726982,0.09482165426015854,0.04944166541099548,0.07362530380487442,0.502,0.410,0.382
50,0,s0.5,0.50,plain,LOS+Sun+rho,sun15,1.0601685047149658,0.5139913558959961,0.8486695289611816,0.44447845220565796,0.6029036641120911,0.584726870059967,1.7486906051635742,0.9175186157226562,1.373279333114624,0.502,0.410,0.382
50,0,s0.5,0.50,plain,LOS+Sun+rho,gc15,1.156821608543396,0.5831518173217773,0.9033427834510803,0.5002976655960083,0.6426109671592712,0.6378399133682251,2.143051862716675,1.0942094326019287,1.682074785232544,0.502,0.410,0.382
50,0,s1.7,1.70,plain,LOS,sun4,0.34199458360671997,0.14624062180519104,0.28915709257125854,0.12805518507957458,0.26754051446914673,0.0971573144197464,0.33922278881073,0.14504964649677277,0.2863994836807251,0.474,0.867,0.874
50,0,s1.7,1.70,plain,LOS,sun15,2.3427958488464355,1.3523203134536743,1.6783487796783447,0.7557721138000488,1.181065559387207,1.396084189414978,4.217311859130859,2.420710563659668,3.040966749191284,0.474,0.867,0.874
50,0,s1.7,1.70,plain,LOS,gc15,2.511629104614258,1.4520416259765625,1.7809631824493408,0.8160797357559204,1.1231448650360107,1.585045576095581,4.889978885650635,2.696068048477173,3.559199810028076,0.474,0.867,0.874
50,0,s1.7,1.70,plain,LOS+Sun+rho,sun4,0.2632768750190735,0.13366881012916565,0.20658954977989197,0.11980699002742767,0.14791765809059143,0.12841397523880005,0.25644510984420776,0.13214382529258728,0.19978676736354828,0.475,0.838,0.833
50,0,s1.7,1.70,plain,LOS+Sun+rho,sun15,1.6574835777282715,0.9634504318237305,1.1803253889083862,0.5662529468536377,0.8165075182914734,1.084511160850525,2.743976593017578,1.6832530498504639,1.8812196254730225,0.475,0.838,0.833
50,0,s1.7,1.70,plain,LOS+Sun+rho,gc15,1.8851698637008667,1.152790904045105,1.2585926055908203,0.7552523612976074,0.8514297008514404,1.1803858280181885,3.2658872604370117,2.0176424980163574,2.1552653312683105,0.475,0.838,0.833
50,0,s4.3,4.30,plain,LOS,sun4,1.4009418487548828,0.45816555619239807,1.259663462638855,0.5080689191818237,0.9680652618408203,0.5704818367958069,1.4117885828018188,0.46078136563301086,1.2697727680206299,0.192,2.912,2.908
50,0,s4.3,4.30,plain,LOS,sun15,1.9932045936584473,0.5862009525299072,1.8354703187942505,0.7746333479881287,1.4246166944503784,0.7203630208969116,3.045018434524536,0.8898792266845703,2.8118984699249268,0.192,2.912,2.908
50,0,s4.3,4.30,plain,LOS,gc15,2.1136908531188965,0.6278175115585327,1.940811276435852,0.8191974759101868,1.5023391246795654,0.7707704305648804,3.821485757827759,1.0596305131912231,3.568533182144165,0.192,2.912,2.908
50,0,s4.3,4.30,plain,LOS+Sun+rho,sun4,1.516465425491333,0.4758976697921753,1.3669567108154297,0.39239227771759033,1.1732361316680908,0.551384687423706,1.5341240167617798,0.47914212942123413,1.3838915824890137,0.157,3.248,3.228
50,0,s4.3,4.30,plain,LOS+Sun+rho,sun15,3.1029880046844482,1.924135684967041,1.945583462715149,1.5202127695083618,1.2512264251708984,1.7314279079437256,4.3007025718688965,2.4889800548553467,2.8779332637786865,0.157,3.248,3.228
50,0,s4.3,4.30,plain,LOS+Sun+rho,gc15,4.004771709442139,2.740152359008789,2.123168706893921,2.2997331619262695,1.470510482788086,1.91861891746521,5.8460211753845215,3.43428373336792,3.672905683517456,0.157,3.248,3.228
50,0,het,1.46,plain,LOS,sun4,1.0299193859100342,0.38244152069091797,0.8982932567596436,0.39496049284935,0.6905375719070435,0.46872904896736145,1.0405367612838745,0.3854302763938904,0.9082884788513184,0.460,2.019,2.023
50,0,het,1.46,plain,LOS,sun15,1.6496038436889648,0.8567370772361755,1.2794920206069946,0.7180338501930237,0.9034028053283691,0.7706164121627808,2.6567530632019043,1.4007174968719482,2.06941819190979,0.460,2.019,2.023
50,0,het,1.46,plain,LOS,gc15,1.7349929809570312,0.8764366507530212,1.3620494604110718,0.7505496740341187,0.9052391052246094,0.8393479585647583,2.8426413536071777,1.3605647087097168,2.293947458267212,0.460,2.019,2.023
50,0,het,1.46,plain,LOS+Sun+rho,sun4,0.8578028678894043,0.360186368227005,0.7262289524078369,0.37844640016555786,0.5351808667182922,0.37664055824279785,0.866206705570221,0.36309415102005005,0.7338855266571045,0.493,2.100,2.103
50,0,het,1.46,plain,LOS+Sun+rho,sun15,3.0021421909332275,2.2070388793945312,1.567458152770996,1.3911731243133545,1.2230783700942993,1.8008053302764893,4.420418739318848,3.108703136444092,2.533806324005127,0.493,2.100,2.103
50,0,het,1.46,plain,LOS+Sun+rho,gc15,3.406172752380371,2.527498483657837,1.6269158124923706,1.7140698432922363,1.3613052368164062,1.903944492340088,5.102655410766602,3.432955503463745,2.8502695560455322,0.493,2.100,2.103
50,0,hetW,1.46,W,LOS,sun4,0.26817402243614197,0.12357676029205322,0.21964989602565765,0.16661766171455383,0.1286558210849762,0.10266339033842087,0.26961779594421387,0.1241573914885521,0.22067390382289886,0.324,0.937,0.929
50,0,hetW,1.46,W,LOS,sun15,0.9223304390907288,0.5887900590896606,0.6286988258361816,0.5712958574295044,0.4344139099121094,0.4002173840999603,1.3863301277160645,0.8892816305160522,0.9543348550796509,0.324,0.937,0.929
50,0,hetW,1.46,W,LOS,gc15,0.9241231679916382,0.5731318593025208,0.6375711560249329,0.5733089447021484,0.43418917059898376,0.3950762450695038,1.4503257274627686,0.83610999584198,1.0493769645690918,0.324,0.937,0.929
50,0,hetW,1.46,W,LOS+Sun+rho,sun4,0.2758343517780304,0.12475071847438812,0.2274569720029831,0.15932615101337433,0.12973058223724365,0.12491782009601593,0.2788032293319702,0.1262158453464508,0.22976091504096985,0.338,0.918,0.917
50,0,hetW,1.46,W,LOS+Sun+rho,sun15,1.1879069805145264,0.7454265356063843,0.772960901260376,0.556685745716095,0.4741675853729248,0.7335048913955688,1.8202600479125977,1.2359384298324585,1.1070599555969238,0.338,0.918,0.917
50,0,hetW,1.46,W,LOS+Sun+rho,gc15,1.1701059341430664,0.7219016551971436,0.7755385041236877,0.5610784888267517,0.47311967611312866,0.7142648100852966,1.859507441520691,1.1945254802703857,1.1834087371826172,0.338,0.918,0.917
50,0,hetC,1.46,C,LOS,sun4,0.37033408880233765,0.14747151732444763,0.3182300329208374,0.1761646866798401,0.2185603529214859,0.16967357695102692,0.3752340078353882,0.14911454916000366,0.3226175606250763,0.301,0.993,0.997
50,0,hetC,1.46,C,LOS,sun15,1.198601245880127,0.7935099601745605,0.7902823090553284,0.6691646575927734,0.5616991519927979,0.5986820459365845,1.789771318435669,1.0790799856185913,1.2683658599853516,0.301,0.993,0.997
50,0,hetC,1.46,C,LOS,gc15,1.2569794654846191,0.8118857145309448,0.8435935974121094,0.6908143758773804,0.590053915977478,0.6244097352027893,2.0978667736053467,1.1754224300384521,1.558016061782837,0.301,0.993,0.997
50,0,hetC,1.46,C,LOS+Sun+rho,sun4,0.22047309577465057,0.10804471373558044,0.17618367075920105,0.12512175738811493,0.10597275197505951,0.09798552840948105,0.22161155939102173,0.1086350530385971,0.17700505256652832,0.419,0.825,0.823
50,0,hetC,1.46,C,LOS+Sun+rho,sun15,1.0599768161773682,0.6211534142494202,0.7744059562683105,0.5508909821510315,0.4949074685573578,0.5549696683883667,1.7672444581985474,1.062307357788086,1.274871587753296,0.419,0.825,0.823
50,0,hetC,1.46,C,LOS+Sun+rho,gc15,1.0960557460784912,0.6447778940200806,0.7899670004844666,0.5764155387878418,0.5040705800056458,0.5740205645561218,1.8475533723831177,1.0604685544967651,1.355328917503357,0.419,0.825,0.823
50,0,s1.7W,1.70,W,LOS,sun4,0.34199458360671997,0.14624062180519104,0.28915709257125854,0.12805518507957458,0.26754051446914673,0.0971573144197464,0.33922278881073,0.14504964649677277,0.2863994836807251,0.474,0.867,0.874
50,0,s1.7W,1.70,W,LOS,sun15,2.3427958488464355,1.3523203134536743,1.6783487796783447,0.7557721138000488,1.181065559387207,1.396084189414978,4.217311859130859,2.420710563659668,3.040966749191284,0.474,0.867,0.874
50,0,s1.7W,1.70,W,LOS,gc15,2.511629104614258,1.4520416259765625,1.7809631824493408,0.8160797357559204,1.1231448650360107,1.585045576095581,4.889978885650635,2.696068048477173,3.559199810028076,0.474,0.867,0.874
50,0,s1.7W,1.70,W,LOS+Sun+rho,sun4,0.2632768750190735,0.13366881012916565,0.20658954977989197,0.11980699002742767,0.14791765809059143,0.12841397523880005,0.25644510984420776,0.13214382529258728,0.19978676736354828,0.475,0.838,0.833
50,0,s1.7W,1.70,W,LOS+Sun+rho,sun15,1.6574835777282715,0.9634504318237305,1.1803253889083862,0.5662529468536377,0.8165075182914734,1.084511160850525,2.743976593017578,1.6832530498504639,1.8812196254730225,0.475,0.838,0.833
50,0,s1.7W,1.70,W,LOS+Sun+rho,gc15,1.8851698637008667,1.152790904045105,1.2585926055908203,0.7552523612976074,0.8514297008514404,1.1803858280181885,3.2658872604370117,2.0176424980163574,2.1552653312683105,0.475,0.838,0.833
50,0,s1.7C,1.70,C,LOS,sun4,1.386287808418274,0.42669129371643066,1.2436658143997192,0.35982221364974976,1.0731532573699951,0.5689529180526733,1.388686180114746,0.42797523736953735,1.2454835176467896,0.054,1.150,1.163
50,0,s1.7C,1.70,C,LOS,sun15,7.210313320159912,2.9516584873199463,6.194035053253174,1.4860072135925293,4.62892484664917,4.259875297546387,11.608543395996094,5.0139312744140625,9.854199409484863,0.054,1.150,1.163
50,0,s1.7C,1.70,C,LOS,gc15,7.739323616027832,2.910125732421875,6.742373466491699,1.6197043657302856,4.654210090637207,4.744431018829346,15.290294647216797,5.005113124847412,13.537837982177734,0.054,1.150,1.163
50,0,s1.7C,1.70,C,LOS+Sun+rho,sun4,0.24479743838310242,0.12301677465438843,0.19115899503231049,0.0824018344283104,0.15268197655677795,0.12570033967494965,0.2360789030790329,0.12024123221635818,0.1835295855998993,0.506,0.686,0.686
50,0,s1.7C,1.70,C,LOS+Sun+rho,sun15,2.927197217941284,1.670124888420105,2.150975465774536,0.9165771007537842,1.7209800481796265,1.726409912109375,5.0497331619262695,2.8235511779785156,3.778365135192871,0.506,0.686,0.686
50,0,s1.7C,1.70,C,LOS+Sun+rho,gc15,3.0458438396453857,1.873175859451294,2.017261505126953,1.1595481634140015,1.5948936939239502,1.7298429012298584,5.121335029602051,3.015705108642578,3.5194497108459473,0.506,0.686,0.686
50,1,s0,0.00,plain,LOS,sun4,0.08089358359575272,0.02786564826965332,0.07157579809427261,0.03409430384635925,0.06081218644976616,0.02261895313858986,0.06221330538392067,0.02242649346590042,0.05470582842826843,nan,0.173,0.161
50,1,s0,0.00,plain,LOS,sun15,0.6326929330825806,0.3038739562034607,0.5063685178756714,0.29330360889434814,0.40520626306533813,0.2388235628604889,0.9165130257606506,0.501010000705719,0.6994105577468872,nan,0.173,0.161
50,1,s0,0.00,plain,LOS,gc15,0.6360010504722595,0.3015274405479431,0.511953592300415,0.3035915493965149,0.4075571298599243,0.23447290062904358,1.0129826068878174,0.5197048187255859,0.79814612865448,nan,0.173,0.161
50,1,s0,0.00,plain,LOS+Sun+rho,sun4,0.07014726847410202,0.025812359526753426,0.0611109659075737,0.023996030911803246,0.05280168354511261,0.024271324276924133,0.051156044006347656,0.01941244676709175,0.04430042952299118,nan,0.160,0.114
50,1,s0,0.00,plain,LOS+Sun+rho,sun15,0.6370454430580139,0.33504703640937805,0.4835256338119507,0.3085691034793854,0.3657200038433075,0.2856598198413849,0.9533633589744568,0.5779714584350586,0.6696043014526367,nan,0.160,0.114
50,1,s0,0.00,plain,LOS+Sun+rho,gc15,0.6501451730728149,0.33479928970336914,0.49831733107566833,0.31824779510498047,0.3782684803009033,0.2832980155944824,1.1111345291137695,0.6173742413520813,0.81647789478302,nan,0.160,0.114
50,1,s0,0.00,plain,3D,sun4,0.048977695405483246,0.030764572322368622,0.03342820703983307,0.023991446942090988,0.029322106391191483,0.018917642533779144,0.04495365172624588,0.026153795421123505,0.032435785979032516,nan,0.141,0.096
50,1,s0,0.00,plain,3D,sun15,0.8457854390144348,0.5629146099090576,0.5557669997215271,0.5147361755371094,0.34497690200805664,0.39191603660583496,1.3233842849731445,0.9016032218933105,0.8523032665252686,nan,0.141,0.096
50,1,s0,0.00,plain,3D,gc15,0.8532971739768982,0.5609638094902039,0.5679869651794434,0.5342105627059937,0.36609750986099243,0.36710917949676514,1.4044796228408813,0.9173025488853455,0.9292828440666199,nan,0.141,0.096
50,1,s0.5,0.50,plain,LOS,sun4,0.15831086039543152,0.07529789209365845,0.1244615912437439,0.05490969866514206,0.10392355918884277,0.07004262506961823,0.1474599689245224,0.0728980302810669,0.11402231454849243,0.436,0.332,0.326
50,1,s0.5,0.50,plain,LOS,sun15,2.3039636611938477,1.228665828704834,1.7267955541610718,0.5612503290176392,0.9030283689498901,1.752840280532837,3.814291477203369,2.1010701656341553,2.8198165893554688,0.436,0.332,0.326
50,1,s0.5,0.50,plain,LOS,gc15,2.3954997062683105,1.1584829092025757,1.8848669528961182,0.5898130536079407,0.9665036201477051,1.800547480583191,4.579473495483398,2.1226370334625244,3.6877243518829346,0.436,0.332,0.326
50,1,s0.5,0.50,plain,LOS+Sun+rho,sun4,0.16200505197048187,0.07599490880966187,0.1286827176809311,0.06551085412502289,0.1038501039147377,0.07208038866519928,0.14890292286872864,0.07326715439558029,0.11594128608703613,0.590,0.321,0.317
50,1,s0.5,0.50,plain,LOS+Sun+rho,sun15,1.1088414192199707,0.6287837028503418,0.8050247430801392,0.4394022524356842,0.5017978549003601,0.7016604542732239,1.7188007831573486,1.0453522205352783,1.210261344909668,0.590,0.321,0.317
50,1,s0.5,0.50,plain,LOS+Sun+rho,gc15,1.1837691068649292,0.6438742876052856,0.8786929845809937,0.4826183021068573,0.5550674200057983,0.7131384611129761,2.086790084838867,1.1144083738327026,1.5685585737228394,0.590,0.321,0.317
50,1,s1.7,1.70,plain,LOS,sun4,0.37281835079193115,0.20824621617794037,0.2758761942386627,0.14811252057552338,0.20791897177696228,0.20584312081336975,0.37398043274879456,0.2093140184879303,0.2762063145637512,0.328,1.090,1.090
50,1,s1.7,1.70,plain,LOS,sun15,1.7394803762435913,0.7013164162635803,1.505419373512268,0.6364355087280273,0.7676739692687988,1.1345781087875366,3.1444239616394043,1.2407723665237427,2.76080584526062,0.328,1.090,1.090
50,1,s1.7,1.70,plain,LOS,gc15,1.8941444158554077,0.71236252784729,1.6554009914398193,0.6693984866142273,0.8030135631561279,1.2653590440750122,3.757513999938965,1.1662195920944214,3.408048391342163,0.328,1.090,1.090
50,1,s1.7,1.70,plain,LOS+Sun+rho,sun4,0.47348135709762573,0.19706855714321136,0.40046098828315735,0.17409878969192505,0.3215753436088562,0.21623791754245758,0.473823606967926,0.1977320909500122,0.4004669785499573,0.264,0.969,1.018
50,1,s1.7,1.70,plain,LOS+Sun+rho,sun15,1.2720402479171753,0.6554086208343506,0.9833635091781616,0.5517772436141968,0.6900246143341064,0.7070761919021606,1.9295763969421387,1.0519174337387085,1.470693588256836,0.264,0.969,1.018
50,1,s1.7,1.70,plain,LOS+Sun+rho,gc15,1.4070885181427002,0.7150041460990906,1.082425832748413,0.6174761056900024,0.7517940998077393,0.7673035264015198,2.333463668823242,1.1277915239334106,1.8531367778778076,0.264,0.969,1.018
50,1,s4.3,4.30,plain,LOS,sun4,1.543087124824524,0.5118171572685242,1.374769687652588,0.7042447924613953,1.0584170818328857,0.5550728440284729,1.5568244457244873,0.5161932706832886,1.3868169784545898,0.176,2.878,2.896
50,1,s4.3,4.30,plain,LOS,sun15,2.9741392135620117,0.9033592939376831,2.7080483436584473,1.007450819015503,2.102220296859741,1.1707961559295654,4.960320472717285,1.5455718040466309,4.5282464027404785,0.176,2.878,2.896
50,1,s4.3,4.30,plain,LOS,gc15,3.1267380714416504,0.927760124206543,2.8584840297698975,0.99504554271698,2.0372214317321777,1.4008562564849854,5.8731231689453125,1.7015420198440552,5.4245285987854,0.176,2.878,2.896
50,1,s4.3,4.30,plain,LOS+Sun+rho,sun4,1.2897220849990845,0.5711942911148071,1.0669199228286743,0.559396505355835,0.9102826714515686,0.43003764748573303,1.3066251277923584,0.5764145255088806,1.0822558403015137,0.218,2.828,2.863
50,1,s4.3,4.30,plain,LOS+Sun+rho,sun15,6.217759609222412,3.553910732269287,4.270774841308594,2.6176931858062744,3.567476987838745,3.0069727897644043,8.751821517944336,4.526945114135742,6.417418956756592,0.218,2.828,2.863
50,1,s4.3,4.30,plain,LOS+Sun+rho,gc15,8.560659408569336,5.494589328765869,5.18256950378418,4.386422157287598,4.1020426750183105,3.918485641479492,12.492120742797852,6.836782455444336,8.677165985107422,0.218,2.828,2.863
50,1,het,1.90,plain,LOS,sun4,1.153200387954712,0.4323658347129822,1.010866641998291,0.5924448370933533,0.5590148568153381,0.6262956261634827,1.1657521724700928,0.4366128742694855,1.0215741395950317,0.344,2.309,2.316
50,1,het,1.90,plain,LOS,sun15,10.261422157287598,3.4358839988708496,9.195759773254395,3.797250509262085,7.5390801429748535,3.4674129486083984,19.005626678466797,6.419924736022949,17.06406593322754,0.344,2.309,2.316
50,1,het,1.90,plain,LOS,gc15,10.690568923950195,3.5165181159973145,9.596328735351562,3.878023147583008,7.953046798706055,3.4487972259521484,21.53015899658203,7.114701271057129,19.43586540222168,0.344,2.309,2.316
50,1,het,1.90,plain,LOS+Sun+rho,sun4,1.143081784248352,0.4287465214729309,0.9924185872077942,0.5670927166938782,0.5722283720970154,0.6149344444274902,1.1568776369094849,0.4333258867263794,1.004624605178833,0.322,2.411,2.424
50,1,het,1.90,plain,LOS+Sun+rho,sun15,2.267636299133301,1.21038019657135,1.722663164138794,0.6553624868392944,0.9871522188186646,1.5804731845855713,3.8583121299743652,2.1188528537750244,2.896077871322632,0.322,2.411,2.424
50,1,het,1.90,plain,LOS+Sun+rho,gc15,2.663177967071533,1.3839753866195679,2.003669500350952,0.847683310508728,1.2475029230117798,1.6922892332077026,4.862587928771973,2.393186569213867,3.749725580215454,0.322,2.411,2.424
50,1,hetW,1.90,W,LOS,sun4,0.3008436858654022,0.14513374865055084,0.24087686836719513,0.11666493117809296,0.15032655000686646,0.18593613803386688,0.30156004428863525,0.14544758200645447,0.24104824662208557,0.457,1.143,1.141
50,1,hetW,1.90,W,LOS,sun15,9.220660209655762,4.8231425285339355,6.892467498779297,2.811429738998413,5.317702293395996,5.034902095794678,15.6961030960083,8.817350387573242,11.275710105895996,0.457,1.143,1.141
50,1,hetW,1.90,W,LOS,gc15,9.74749755859375,5.030099391937256,7.3786115646362305,3.1669487953186035,5.816659450531006,4.935822010040283,18.93198585510254,10.072441101074219,14.107421875,0.457,1.143,1.141
50,1,hetW,1.90,W,LOS+Sun+rho,sun4,0.2641306221485138,0.12655556201934814,0.21305593848228455,0.11461257934570312,0.1281491369009018,0.15777122974395752,0.26433265209198,0.12603214383125305,0.21336200833320618,0.439,0.995,1.004
50,1,hetW,1.90,W,LOS+Sun+rho,sun15,1.7484545707702637,1.0423812866210938,1.2831388711929321,0.49006301164627075,0.8993954062461853,1.2372363805770874,3.0680670738220215,1.863781452178955,2.2264885902404785,0.439,0.995,1.004
50,1,hetW,1.90,W,LOS+Sun+rho,gc15,1.9071100950241089,1.1314830780029297,1.3839162588119507,0.5845545530319214,0.9563758969306946,1.3211582899093628,3.687556028366089,2.1281702518463135,2.69998836517334,0.439,0.995,1.004
50,1,hetC,1.90,C,LOS,sun4,0.4421866834163666,0.2099241018295288,0.35735008120536804,0.18669740855693817,0.2485225796699524,0.2332606464624405,0.4447852075099945,0.21144643425941467,0.35923677682876587,0.427,1.215,1.239
50,1,hetC,1.90,C,LOS,sun15,11.272255897521973,7.1523332595825195,7.737261772155762,5.057516098022461,5.043384075164795,6.638579368591309,19.431053161621094,12.698430061340332,13.009170532226562,0.427,1.215,1.239
50,1,hetC,1.90,C,LOS,gc15,11.514225006103516,7.067574501037598,7.991035461425781,5.103175163269043,5.324281692504883,6.575042247772217,20.68436622619629,12.843478202819824,13.898374557495117,0.427,1.215,1.239
50,1,hetC,1.90,C,LOS+Sun+rho,sun4,0.3169899880886078,0.14700619876384735,0.2565348148345947,0.12906679511070251,0.17918677628040314,0.1786942183971405,0.3171590268611908,0.1475033462047577,0.2566787302494049,0.433,0.957,0.987
50,1,hetC,1.90,C,LOS+Sun+rho,sun15,2.004769802093506,1.1180930137634277,1.4421427249908447,0.618076503276825,1.0261950492858887,1.2631721496582031,3.7094228267669678,2.018070697784424,2.6618447303771973,0.433,0.957,0.987
50,1,hetC,1.90,C,LOS+Sun+rho,gc15,2.3794238567352295,1.295390248298645,1.691565752029419,0.7724374532699585,1.2672960758209229,1.3690943717956543,4.875552654266357,2.53124737739563,3.54427433013916,0.433,0.957,0.987
50,1,s1.7W,1.70,W,LOS,sun4,0.37281835079193115,0.20824621617794037,0.2758761942386627,0.14811252057552338,0.20791897177696228,0.20584312081336975,0.37398043274879456,0.2093140184879303,0.2762063145637512,0.328,1.090,1.090
50,1,s1.7W,1.70,W,LOS,sun15,1.7394803762435913,0.7013164162635803,1.505419373512268,0.6364355087280273,0.7676739692687988,1.1345781087875366,3.1444239616394043,1.2407723665237427,2.76080584526062,0.328,1.090,1.090
50,1,s1.7W,1.70,W,LOS,gc15,1.8941444158554077,0.71236252784729,1.6554009914398193,0.6693984866142273,0.8030135631561279,1.2653590440750122,3.757513999938965,1.1662195920944214,3.408048391342163,0.328,1.090,1.090
50,1,s1.7W,1.70,W,LOS+Sun+rho,sun4,0.47348135709762573,0.19706855714321136,0.40046098828315735,0.17409878969192505,0.3215753436088562,0.21623791754245758,0.473823606967926,0.1977320909500122,0.4004669785499573,0.264,0.969,1.018
50,1,s1.7W,1.70,W,LOS+Sun+rho,sun15,1.2720402479171753,0.6554086208343506,0.9833635091781616,0.5517772436141968,0.6900246143341064,0.7070761919021606,1.9295763969421387,1.0519174337387085,1.470693588256836,0.264,0.969,1.018
50,1,s1.7W,1.70,W,LOS+Sun+rho,gc15,1.4070885181427002,0.7150041460990906,1.082425832748413,0.6174761056900024,0.7517940998077393,0.7673035264015198,2.333463668823242,1.1277915239334106,1.8531367778778076,0.264,0.969,1.018
50,1,s1.7C,1.70,C,LOS,sun4,0.7923358678817749,0.28329384326934814,0.6971977949142456,0.19380852580070496,0.6501458883285522,0.2655518651008606,0.7959921360015869,0.2840743362903595,0.700369656085968,0.175,1.179,1.204
50,1,s1.7C,1.70,C,LOS,sun15,2.74888277053833,1.1217873096466064,2.3458032608032227,0.9287232160568237,1.8414366245269775,1.3065690994262695,4.793215274810791,2.0413553714752197,4.071047782897949,0.175,1.179,1.204
50,1,s1.7C,1.70,C,LOS,gc15,2.9766759872436523,1.1803679466247559,2.555685043334961,0.9841856360435486,1.9842684268951416,1.4149110317230225,5.620415687561035,2.133164882659912,4.906569004058838,0.175,1.179,1.204
50,1,s1.7C,1.70,C,LOS+Sun+rho,sun4,0.4269033372402191,0.21452276408672333,0.3350946307182312,0.2259024828672409,0.20403937995433807,0.20411063730716705,0.4301866292953491,0.21652594208717346,0.33729737997055054,0.396,1.002,1.041
50,1,s1.7C,1.70,C,LOS+Sun+rho,sun15,1.4867303371429443,0.8109818696975708,1.1142253875732422,0.5922834873199463,0.683748185634613,0.9376963376998901,2.1893086433410645,1.215781331062317,1.6371604204177856,0.396,1.002,1.041
50,1,s1.7C,1.70,C,LOS+Sun+rho,gc15,1.7733159065246582,1.027998924255371,1.2447686195373535,0.7963162660598755,0.7418966293334961,1.079775333404541,2.887070655822754,1.493894100189209,2.173513174057007,0.396,1.002,1.041
50,2,s0,0.00,plain,LOS,sun4,0.07666021585464478,0.026973646134138107,0.06735334545373917,0.027887072414159775,0.05877320468425751,0.02257683128118515,0.059447791427373886,0.021086007356643677,0.05208411067724228,nan,0.135,0.119
50,2,s0,0.00,plain,LOS,sun15,0.6364148855209351,0.32932519912719727,0.49244171380996704,0.33623796701431274,0.3659919500350952,0.2581445574760437,1.032557725906372,0.541925311088562,0.8069071769714355,nan,0.135,0.119
50,2,s0,0.00,plain,LOS,gc15,0.6607068777084351,0.3292100429534912,0.5201296210289001,0.33874186873435974,0.392842173576355,0.26128318905830383,1.176896095275879,0.585111677646637,0.9392203092575073,nan,0.135,0.119
50,2,s0,0.00,plain,LOS+Sun+rho,sun4,0.07769763469696045,0.026883678510785103,0.0678408145904541,0.031666100025177,0.057207103818655014,0.02255011722445488,0.058785468339920044,0.02090507373213768,0.051117319613695145,nan,0.112,0.102
50,2,s0,0.00,plain,LOS+Sun+rho,sun15,0.8148613572120667,0.35986998677253723,0.6731976270675659,0.38276907801628113,0.5381730794906616,0.3073519766330719,1.3900679349899292,0.6488431692123413,1.150903344154358,nan,0.112,0.102
50,2,s0,0.00,plain,LOS+Sun+rho,gc15,0.8553338646888733,0.37476998567581177,0.7102411985397339,0.4016651511192322,0.5716849565505981,0.31348901987075806,1.7203863859176636,0.7762240171432495,1.4488019943237305,nan,0.112,0.102
50,2,s0,0.00,plain,3D,sun4,0.04909750446677208,0.027255648747086525,0.03629235178232193,0.02739308401942253,0.02788727357983589,0.018120212480425835,0.036518484354019165,0.02060426026582718,0.026935337111353874,nan,0.158,0.125
50,2,s0,0.00,plain,3D,sun15,0.8609749674797058,0.4495793879032135,0.6622560620307922,0.36288678646087646,0.46528199315071106,0.4830116331577301,1.390333890914917,0.7979550361633301,1.0254817008972168,nan,0.158,0.125
50,2,s0,0.00,plain,3D,gc15,0.9133514761924744,0.4665416181087494,0.7079412341117859,0.3919235169887543,0.49329060316085815,0.5082233548164368,1.7253323793411255,0.8859363198280334,1.3361631631851196,nan,0.158,0.125
50,2,s0.5,0.50,plain,LOS,sun4,0.13667327165603638,0.05604652315378189,0.11481092125177383,0.05178743600845337,0.07463797181844711,0.07641565799713135,0.12525522708892822,0.05234846472740173,0.10479704290628433,0.529,0.396,0.392
50,2,s0.5,0.50,plain,LOS,sun15,1.1205191612243652,0.5528351068496704,0.893153190612793,0.5273719429969788,0.6423165798187256,0.537233829498291,1.7203415632247925,0.8611750602722168,1.3803502321243286,0.529,0.396,0.392
50,2,s0.5,0.50,plain,LOS,gc15,1.1641185283660889,0.5612995028495789,0.9396876692771912,0.5460036993026733,0.6834552884101868,0.5435987710952759,1.9180506467819214,0.8968023657798767,1.5811747312545776,0.529,0.396,0.392
50,2,s0.5,0.50,plain,LOS+Sun+rho,sun4,0.14030984044075012,0.06091571971774101,0.11627592146396637,0.05647118389606476,0.08148185908794403,0.07448254525661469,0.12803369760513306,0.057811323553323746,0.10494454205036163,0.587,0.444,0.438
50,2,s0.5,0.50,plain,LOS+Sun+rho,sun15,0.7763369679450989,0.39112210273742676,0.6156743764877319,0.47411152720451355,0.3289489448070526,0.3798968493938446,1.2134546041488647,0.6363431215286255,0.95531165599823,0.587,0.444,0.438
50,2,s0.5,0.50,plain,LOS+Sun+rho,gc15,0.8136158585548401,0.41266536712646484,0.639492928981781,0.48906397819519043,0.3509242832660675,0.3982796370983124,1.4098985195159912,0.7036774158477783,1.1285170316696167,0.587,0.444,0.438
50,2,s1.7,1.70,plain,LOS,sun4,0.44473540782928467,0.2017882764339447,0.36106806993484497,0.2319669872522354,0.21644321084022522,0.2232222706079483,0.4396161437034607,0.20178517699241638,0.35489434003829956,0.237,1.210,1.218
50,2,s1.7,1.70,plain,LOS,sun15,3.692376136779785,2.3474044799804688,2.4330105781555176,1.1025505065917969,1.8187958002090454,2.367497444152832,5.984140396118164,3.8004794120788574,3.9609718322753906,0.237,1.210,1.218
50,2,s1.7,1.70,plain,LOS,gc15,3.795504331588745,2.3160574436187744,2.5739378929138184,1.1879045963287354,1.8828258514404297,2.4159655570983887,7.169104099273682,3.955376148223877,5.158163070678711,0.237,1.210,1.218
50,2,s1.7,1.70,plain,LOS+Sun+rho,sun4,0.4180884063243866,0.20960649847984314,0.3237878680229187,0.204526886343956,0.21858137845993042,0.20446310937404633,0.4118003249168396,0.2092498242855072,0.3169344663619995,0.282,1.138,1.122
50,2,s1.7,1.70,plain,LOS+Sun+rho,sun15,3.132936477661133,2.058814525604248,2.036100387573242,0.8445823788642883,1.312981367111206,2.3147761821746826,5.281091213226318,3.5360145568847656,3.383596181869507,0.282,1.138,1.122
50,2,s1.7,1.70,plain,LOS+Sun+rho,gc15,3.3115932941436768,2.1456282138824463,2.1800777912139893,0.9894852042198181,1.360546350479126,2.3935885429382324,6.1323442459106445,3.855865001678467,4.102211952209473,0.282,1.138,1.122
50,2,s4.3,4.30,plain,LOS,sun4,1.547838568687439,0.5196118950843811,1.3731380701065063,0.5691888928413391,0.9517360925674438,0.7749570608139038,1.5637855529785156,0.5224652886390686,1.3885324001312256,0.139,2.691,2.686
50,2,s4.3,4.30,plain,LOS,sun15,2.1761550903320312,0.7476217746734619,1.9400711059570312,0.9024104475975037,1.3175297975540161,1.0346124172210693,3.3202877044677734,1.1266522407531738,2.966017961502075,0.139,2.691,2.686
50,2,s4.3,4.30,plain,LOS,gc15,2.4986321926116943,0.8252456188201904,2.2468647956848145,0.9361638426780701,1.5312049388885498,1.2442103624343872,4.545474052429199,1.421093225479126,4.139516830444336,0.139,2.691,2.686
50,2,s4.3,4.30,plain,LOS+Sun+rho,sun4,1.0781362056732178,0.43329057097435,0.9224902391433716,0.40397587418556213,0.6011502742767334,0.5777387619018555,1.0885659456253052,0.4356212913990021,0.9325850605964661,0.152,2.722,2.714
50,2,s4.3,4.30,plain,LOS+Sun+rho,sun15,2.3504743576049805,1.3259671926498413,1.65431547164917,1.0556613206863403,1.1373887062072754,1.337550401687622,3.202287435531616,1.7047204971313477,2.3764376640319824,0.152,2.722,2.714
50,2,s4.3,4.30,plain,LOS+Sun+rho,gc15,2.9723448753356934,1.9339485168457031,1.7639329433441162,1.6047251224517822,1.251718282699585,1.5306761264801025,4.150736331939697,2.38558030128479,2.7781903743743896,0.152,2.722,2.714
50,2,het,1.76,plain,LOS,sun4,0.8945050239562988,0.4165327548980713,0.7222909331321716,0.41574785113334656,0.5868011713027954,0.303519606590271,0.8985466361045837,0.41781362891197205,0.7263402938842773,0.614,1.806,1.804
50,2,het,1.76,plain,LOS,sun15,5.110282897949219,2.324456214904785,4.187954902648926,1.4045028686523438,3.572558641433716,2.439866065979004,9.246879577636719,4.276301860809326,7.558141708374023,0.614,1.806,1.804
50,2,het,1.76,plain,LOS,gc15,5.099984169006348,2.2317397594451904,4.231712818145752,1.366929531097412,3.533230781555176,2.5379703044891357,9.314421653747559,4.1343841552734375,7.698183059692383,0.614,1.806,1.804
50,2,het,1.76,plain,LOS+Sun+rho,sun4,0.703825831413269,0.24569350481033325,0.6228445768356323,0.3144627511501312,0.2249821424484253,0.4570360779762268,0.705108106136322,0.24543800950050354,0.6248053312301636,0.642,1.763,1.785
50,2,het,1.76,plain,LOS+Sun+rho,sun15,3.84523868560791,2.440185070037842,2.580052375793457,1.2086719274520874,1.8744693994522095,2.544527769088745,6.975141525268555,4.446099281311035,4.685072422027588,0.642,1.763,1.785
50,2,het,1.76,plain,LOS+Sun+rho,gc15,4.3976569175720215,2.780207633972168,2.8095245361328125,1.581907033920288,2.0194876194000244,2.817765712738037,8.602395057678223,5.202281951904297,5.600588798522949,0.642,1.763,1.785
50,2,hetW,1.76,W,LOS,sun4,0.20726463198661804,0.10160975158214569,0.16179770231246948,0.05445725470781326,0.14891108870506287,0.09917964041233063,0.199453204870224,0.09886443614959717,0.15495043992996216,0.663,0.510,0.508
50,2,hetW,1.76,W,LOS,sun15,1.671821117401123,0.8071858882904053,1.3469053506851196,0.7951892614364624,0.8947142958641052,0.9331344366073608,2.8838677406311035,1.4472593069076538,2.3163790702819824,0.663,0.510,0.508
50,2,hetW,1.76,W,LOS,gc15,1.8224657773971558,0.795385479927063,1.5187606811523438,0.820789635181427,0.9917914867401123,1.0249009132385254,3.6454102993011475,1.5115166902542114,3.114668846130371,0.663,0.510,0.508
50,2,hetW,1.76,W,LOS+Sun+rho,sun4,0.14682331681251526,0.0609036460518837,0.12253931909799576,0.048702582716941833,0.09764281660318375,0.07142084836959839,0.13733552396297455,0.05727387219667435,0.11401620507240295,0.630,0.472,0.472
50,2,hetW,1.76,W,LOS+Sun+rho,sun15,1.1149582862854004,0.6629467010498047,0.796181857585907,0.42656201124191284,0.4365396201610565,0.7933396100997925,1.9950319528579712,1.2699313163757324,1.3684196472167969,0.630,0.472,0.472
50,2,hetW,1.76,W,LOS+Sun+rho,gc15,1.2181763648986816,0.7019746899604797,0.8795589208602905,0.47196686267852783,0.4810938835144043,0.8449033498764038,2.364947557449341,1.3474689722061157,1.7236077785491943,0.630,0.472,0.472
50,2,hetC,1.76,C,LOS,sun4,0.2033170759677887,0.08811124414205551,0.16814318299293518,0.10733343660831451,0.11440523713827133,0.06794789433479309,0.19484487175941467,0.08470427989959717,0.16141466796398163,0.621,0.539,0.563
50,2,hetC,1.76,C,LOS,sun15,0.980702817440033,0.4736720323562622,0.7914155721664429,0.46655020117759705,0.5412026643753052,0.453274130821228,1.9123058319091797,0.9099828004837036,1.5734796524047852,0.621,0.539,0.563
50,2,hetC,1.76,C,LOS,gc15,1.0164692401885986,0.47073107957839966,0.8213473558425903,0.474150151014328,0.5199941992759705,0.4974236488342285,2.148709535598755,0.8967211246490479,1.8168970346450806,0.621,0.539,0.563
50,2,hetC,1.76,C,LOS+Sun+rho,sun4,0.14621755480766296,0.06057870388031006,0.1226046159863472,0.05786404386162758,0.1015690267086029,0.046498894691467285,0.13434557616710663,0.05676764249801636,0.11205325275659561,0.686,0.423,0.444
50,2,hetC,1.76,C,LOS+Sun+rho,sun15,0.8214054703712463,0.4634172320365906,0.6135050654411316,0.3244306445121765,0.4108768105506897,0.497814416885376,1.4966362714767456,0.9254146814346313,1.0515213012695312,0.686,0.423,0.444
50,2,hetC,1.76,C,LOS+Sun+rho,gc15,0.8293347358703613,0.4521235227584839,0.623542070388794,0.3278520405292511,0.4102971851825714,0.5023128986358643,1.6295719146728516,0.9567559957504272,1.1441811323165894,0.686,0.423,0.444
50,2,s1.7W,1.70,W,LOS,sun4,0.44473540782928467,0.2017882764339447,0.36106806993484497,0.2319669872522354,0.21644321084022522,0.2232222706079483,0.4396161437034607,0.20178517699241638,0.35489434003829956,0.237,1.210,1.218
50,2,s1.7W,1.70,W,LOS,sun15,3.692376136779785,2.3474044799804688,2.4330105781555176,1.1025505065917969,1.8187958002090454,2.367497444152832,5.984140396118164,3.8004794120788574,3.9609718322753906,0.237,1.210,1.218
50,2,s1.7W,1.70,W,LOS,gc15,3.795504331588745,2.3160574436187744,2.5739378929138184,1.1879045963287354,1.8828258514404297,2.4159655570983887,7.169104099273682,3.955376148223877,5.158163070678711,0.237,1.210,1.218
50,2,s1.7W,1.70,W,LOS+Sun+rho,sun4,0.42453330755233765,0.20486144721508026,0.3355697989463806,0.21737995743751526,0.2279602289199829,0.19594600796699524,0.41782641410827637,0.2045881748199463,0.3281521797180176,0.300,1.168,1.174
50,2,s1.7W,1.70,W,LOS+Sun+rho,sun15,2.967456340789795,1.9482536315917969,1.9332749843597412,0.8230503797531128,1.2105051279067993,2.2060723304748535,5.057663917541504,3.39249324798584,3.2429001331329346,0.300,1.168,1.174
50,2,s1.7W,1.70,W,LOS+Sun+rho,gc15,3.1663923263549805,2.042119026184082,2.0917699337005615,0.9779031276702881,1.2529621124267578,2.292201042175293,5.939152717590332,3.683436870574951,4.003821849822998,0.300,1.168,1.174
50,2,s1.7C,1.70,C,LOS,sun4,0.4637323021888733,0.23780082166194916,0.35446810722351074,0.22868652641773224,0.2611982226371765,0.21163973212242126,0.4606194496154785,0.2379094809293747,0.3501824140548706,0.258,1.083,1.089
50,2,s1.7C,1.70,C,LOS,sun15,3.591953754425049,1.7285292148590088,2.8892898559570312,1.2652876377105713,2.1277761459350586,1.9445369243621826,6.141225814819336,3.0571558475494385,4.895378112792969,0.258,1.083,1.089
50,2,s1.7C,1.70,C,LOS,gc15,3.752533435821533,1.8047951459884644,3.029923439025879,1.383008599281311,2.1978232860565186,1.9921146631240845,6.843122959136963,3.3339157104492188,5.5433502197265625,0.258,1.083,1.089
50,2,s1.7C,1.70,C,LOS+Sun+rho,sun4,0.35945719480514526,0.1746143102645874,0.2853555977344513,0.17968200147151947,0.1578904092311859,0.19280864298343658,0.3535393476486206,0.17457792162895203,0.27871042490005493,0.346,1.023,1.014
50,2,s1.7C,1.70,C,LOS+Sun+rho,sun15,3.7090044021606445,2.493326187133789,2.4234371185302734,1.1078388690948486,1.694772481918335,2.5993573665618896,6.14409065246582,4.087100028991699,4.085695743560791,0.346,1.023,1.014
50,2,s1.7C,1.70,C,LOS+Sun+rho,gc15,4.068746566772461,2.7497923374176025,2.5885202884674072,1.447205901145935,1.8396986722946167,2.6778125762939453,7.28182315826416,4.609121799468994,4.887436866760254,0.346,1.023,1.014
100,0,s0,0.00,plain,LOS,sun4,0.059467628598213196,0.02534285932779312,0.050051845610141754,0.026770588010549545,0.03690487891435623,0.025752509012818336,0.04071515426039696,0.019786735996603966,0.032955415546894073,nan,0.169,0.141
100,0,s0,0.00,plain,LOS,sun15,0.6898058652877808,0.3428037166595459,0.5450899600982666,0.2712320387363434,0.38506177067756653,0.37539100646972656,1.1224949359893799,0.5294119715690613,0.9155347943305969,nan,0.169,0.141
100,0,s0,0.00,plain,LOS,gc15,0.7385547161102295,0.3653659224510193,0.581503689289093,0.29221534729003906,0.38509321212768555,0.41849175095558167,1.4389036893844604,0.609373152256012,1.2101200819015503,nan,0.169,0.141
100,0,s0,0.00,plain,LOS+Sun+rho,sun4,0.056746020913124084,0.023431871086359024,0.047762271016836166,0.02360435202717781,0.038249071687459946,0.022053727880120277,0.036299191415309906,0.016632912680506706,0.029703684151172638,nan,0.149,0.105
100,0,s0,0.00,plain,LOS+Sun+rho,sun15,0.7179169654846191,0.40534964203834534,0.531941831111908,0.3333907127380371,0.38395118713378906,0.374136745929718,1.0695627927780151,0.6730913519859314,0.7432326078414917,nan,0.149,0.105
100,0,s0,0.00,plain,LOS+Sun+rho,gc15,0.7181921005249023,0.4001076817512512,0.5348756313323975,0.3398967981338501,0.37627989053726196,0.3715273141860962,1.1778713464736938,0.6846289038658142,0.8442047834396362,nan,0.149,0.105
100,0,s0,0.00,plain,3D,sun4,0.037712935358285904,0.02080729603767395,0.027842851355671883,0.0205636415630579,0.020041249692440033,0.015543089248239994,0.030285408720374107,0.014484841376543045,0.023872938007116318,nan,0.154,0.102
100,0,s0,0.00,plain,3D,sun15,0.6951999664306641,0.3830910623073578,0.5127061605453491,0.31988728046417236,0.4117662012577057,0.2944434583187103,1.0112910270690918,0.5865871906280518,0.7334416508674622,nan,0.154,0.102
100,0,s0,0.00,plain,3D,gc15,0.6850534677505493,0.3746316432952881,0.5067864656448364,0.3240198791027069,0.403532475233078,0.2860196530818939,1.0402756929397583,0.5620580911636353,0.7772685289382935,nan,0.154,0.102
100,0,s0.5,0.50,plain,LOS,sun4,0.10530805587768555,0.04708622768521309,0.08744495362043381,0.04127895459532738,0.07398469001054764,0.04004449024796486,0.0934869647026062,0.04255257546901703,0.07717004418373108,0.717,0.358,0.329
100,0,s0.5,0.50,plain,LOS,sun15,1.0302506685256958,0.560178816318512,0.7829907536506653,0.4292480945587158,0.5504081845283508,0.5699087381362915,1.7703303098678589,0.9879361391067505,1.3346694707870483,0.717,0.358,0.329
100,0,s0.5,0.50,plain,LOS,gc15,1.1170039176940918,0.5646156072616577,0.8691422939300537,0.44780898094177246,0.5968226790428162,0.598406970500946,2.1406033039093018,0.9861062169075012,1.71492600440979,0.717,0.358,0.329
100,0,s0.5,0.50,plain,LOS+Sun+rho,sun4,0.10619693994522095,0.05679623782634735,0.08025304973125458,0.052489250898361206,0.06080678105354309,0.0468117818236351,0.09574376791715622,0.05416921526193619,0.06966370344161987,0.807,0.431,0.413
100,0,s0.5,0.50,plain,LOS+Sun+rho,sun15,1.0556007623672485,0.6119571328163147,0.7788947820663452,0.4435291588306427,0.49720919132232666,0.6651933789253235,1.7586286067962646,1.0673693418502808,1.2682791948318481,0.807,0.431,0.413
100,0,s0.5,0.50,plain,LOS+Sun+rho,gc15,1.0927066802978516,0.6141948699951172,0.8124583959579468,0.47845458984375,0.4976310431957245,0.6731336712837219,1.9170278310775757,1.0536811351776123,1.4375077486038208,0.807,0.431,0.413
100,0,s1.7,1.70,plain,LOS,sun4,0.4013989269733429,0.16564223170280457,0.3338974118232727,0.2025453746318817,0.2378586232662201,0.16149546205997467,0.40543898940086365,0.16475121676921844,0.3382928967475891,0.590,0.951,0.940
100,0,s1.7,1.70,plain,LOS,sun15,11.225192070007324,4.645218849182129,9.491195678710938,3.5941359996795654,7.741298675537109,5.672365188598633,20.13460922241211,8.313453674316406,17.033388137817383,0.590,0.951,0.940
100,0,s1.7,1.70,plain,LOS,gc15,11.072968482971191,4.565746307373047,9.352277755737305,3.651064872741699,7.492416858673096,5.6090850830078125,20.854660034179688,8.630290985107422,17.63177490234375,0.590,0.951,0.940
100,0,s1.7,1.70,plain,LOS+Sun+rho,sun4,0.293375164270401,0.13744831085205078,0.23494622111320496,0.1643105149269104,0.13884514570236206,0.13382117450237274,0.29311686754226685,0.13659103214740753,0.23456892371177673,0.564,0.896,0.887
100,0,s1.7,1.70,plain,LOS+Sun+rho,sun15,2.699723720550537,1.4380278587341309,2.0590980052948,1.0550562143325806,1.4992258548736572,1.521712064743042,4.660566329956055,2.431375503540039,3.6326234340667725,0.564,0.896,0.887
100,0,s1.7,1.70,plain,LOS+Sun+rho,gc15,2.915005922317505,1.6843746900558472,2.059694528579712,1.330029010772705,1.5307581424713135,1.5503140687942505,5.037692070007324,2.740708827972412,3.7813684940338135,0.564,0.896,0.887
100,0,s4.3,4.30,plain,LOS,sun4,1.3620316982269287,0.5646673440933228,1.1464407444000244,0.6848676800727844,0.7483787536621094,0.5590825080871582,1.375964879989624,0.5701982975006104,1.158022165298462,0.359,3.286,3.336
100,0,s4.3,4.30,plain,LOS,sun15,7.196635723114014,2.3293676376342773,6.564794540405273,2.399688482284546,5.75665283203125,2.256255626678467,11.90233325958252,3.808558464050293,10.937675476074219,0.359,3.286,3.336
100,0,s4.3,4.30,plain,LOS,gc15,7.754382610321045,2.5188865661621094,7.0549516677856445,2.6335530281066895,6.201411724090576,2.402143716812134,14.984524726867676,4.745349884033203,13.825439453125,0.359,3.286,3.336
100,0,s4.3,4.30,plain,LOS+Sun+rho,sun4,1.0541623830795288,0.5074338316917419,0.8340053558349609,0.5089071989059448,0.560922384262085,0.5234553217887878,1.0590205192565918,0.5099693536758423,0.8375198245048523,0.501,2.950,2.968
100,0,s4.3,4.30,plain,LOS+Sun+rho,sun15,6.22288703918457,2.880033016204834,5.013394832611084,2.225019693374634,3.8758082389831543,3.0997672080993652,9.63894271850586,4.254055976867676,7.918484210968018,0.501,2.950,2.968
100,0,s4.3,4.30,plain,LOS+Sun+rho,gc15,6.52070951461792,3.2612388134002686,4.927431106567383,2.534064769744873,3.8744680881500244,3.173522710800171,10.44431209564209,4.724563121795654,8.313844680786133,0.501,2.950,2.968
100,0,het,1.82,plain,LOS,sun4,0.3891563415527344,0.22278864681720734,0.2811899483203888,0.1985204517841339,0.2071097195148468,0.17959821224212646,0.3863040804862976,0.22217774391174316,0.2782754898071289,0.648,1.300,1.324
100,0,het,1.82,plain,LOS,sun15,9.208745956420898,3.3668465614318848,8.038372039794922,5.206616401672363,6.064746856689453,2.5006065368652344,18.226539611816406,5.773811340332031,16.497222900390625,0.648,1.300,1.324
100,0,het,1.82,plain,LOS,gc15,10.401991844177246,3.824387550354004,9.09480094909668,5.4389801025390625,7.143548488616943,2.618009090423584,24.477367401123047,7.954250335693359,22.170259475708008,0.648,1.300,1.324
100,0,het,1.82,plain,LOS+Sun+rho,sun4,0.3543962836265564,0.2317843735218048,0.23168650269508362,0.19024425745010376,0.17243993282318115,0.1564539074897766,0.35230380296707153,0.23232105374336243,0.22867543995380402,0.726,1.299,1.321
100,0,het,1.82,plain,LOS+Sun+rho,sun15,20.945613861083984,8.610861778259277,17.693634033203125,11.185654640197754,12.549171447753906,8.570924758911133,41.66915512084961,14.893220901489258,36.75168991088867,0.726,1.299,1.321
100,0,het,1.82,plain,LOS+Sun+rho,gc15,21.907106399536133,9.005622863769531,18.242706298828125,11.133735656738281,13.28327751159668,8.190293312072754,44.40088653564453,15.583427429199219,38.71393585205078,0.726,1.299,1.321
100,0,hetW,1.82,W,LOS,sun4,0.13590940833091736,0.06959502398967743,0.10386422276496887,0.05896720290184021,0.07936102151870728,0.06823043525218964,0.13191163539886475,0.06790260970592499,0.10070888698101044,0.686,0.534,0.533
100,0,hetW,1.82,W,LOS,sun15,1.1892740726470947,0.6188379526138306,0.9326856732368469,0.5798442363739014,0.7286475896835327,0.4924471378326416,1.8944264650344849,0.9485626816749573,1.5253303050994873,0.686,0.534,0.533
100,0,hetW,1.82,W,LOS,gc15,1.2962877750396729,0.6563196778297424,1.0342037677764893,0.628490686416626,0.8057112097740173,0.5401824116706848,2.5510928630828857,1.16329824924469,2.1427807807922363,0.686,0.534,0.533
100,0,hetW,1.82,W,LOS+Sun+rho,sun4,0.1124095767736435,0.057742826640605927,0.08646692335605621,0.04808039963245392,0.05568397790193558,0.06312695145606995,0.1026042029261589,0.05483532324433327,0.07749085873365402,0.700,0.402,0.388
100,0,hetW,1.82,W,LOS+Sun+rho,sun15,0.8170733451843262,0.39503213763237,0.6574783325195312,0.41305720806121826,0.393807977437973,0.4252316355705261,1.2889840602874756,0.6790316700935364,1.015756368637085,0.700,0.402,0.388
100,0,hetW,1.82,W,LOS+Sun+rho,gc15,0.8644855618476868,0.4070468842983246,0.7042585015296936,0.42422670125961304,0.4279860258102417,0.4561585783958435,1.5731773376464844,0.7718572616577148,1.2764090299606323,0.700,0.402,0.388
100,0,hetC,1.82,C,LOS,sun4,0.2503490746021271,0.11138184368610382,0.20619237422943115,0.13284160196781158,0.16118386387825012,0.08812876790761948,0.25581106543540955,0.11196883022785187,0.2118845283985138,0.719,0.762,0.783
100,0,hetC,1.82,C,LOS,sun15,2.1213948726654053,0.878951907157898,1.7951340675354004,0.8094117641448975,1.5416202545166016,0.8339354395866394,3.4001429080963135,1.4302818775177002,2.8887031078338623,0.719,0.762,0.783
100,0,hetC,1.82,C,LOS,gc15,2.2169442176818848,0.882228434085846,1.899420142173767,0.8470543026924133,1.6064192056655884,0.870524525642395,3.9230074882507324,1.6233569383621216,3.3660318851470947,0.719,0.762,0.783
100,0,hetC,1.82,C,LOS+Sun+rho,sun4,0.09816015511751175,0.04844403266906738,0.07822375744581223,0.04122333973646164,0.05712968856096268,0.04872577264904976,0.08421160280704498,0.04497017338871956,0.064700648188591,0.728,0.343,0.317
100,0,hetC,1.82,C,LOS+Sun+rho,sun15,0.913919985294342,0.5306581258773804,0.6693849563598633,0.45183855295181274,0.33187657594680786,0.5839226841926575,1.4933881759643555,0.8958958387374878,1.0764188766479492,0.728,0.343,0.317
100,0,hetC,1.82,C,LOS+Sun+rho,gc15,0.9933786392211914,0.6021458506584167,0.6876968145370483,0.5267111659049988,0.34727153182029724,0.6140384674072266,1.6169648170471191,0.9630181789398193,1.1500906944274902,0.728,0.343,0.317
100,0,s1.7W,1.70,W,LOS,sun4,0.4013989269733429,0.16564223170280457,0.3338974118232727,0.2025453746318817,0.2378586232662201,0.16149546205997467,0.40543898940086365,0.16475121676921844,0.3382928967475891,0.590,0.951,0.940
100,0,s1.7W,1.70,W,LOS,sun15,11.225192070007324,4.645218849182129,9.491195678710938,3.5941359996795654,7.741298675537109,5.672365188598633,20.13460922241211,8.313453674316406,17.033388137817383,0.590,0.951,0.940
100,0,s1.7W,1.70,W,LOS,gc15,11.072968482971191,4.565746307373047,9.352277755737305,3.651064872741699,7.492416858673096,5.6090850830078125,20.854660034179688,8.630290985107422,17.63177490234375,0.590,0.951,0.940
100,0,s1.7W,1.70,W,LOS+Sun+rho,sun4,0.293375164270401,0.13744831085205078,0.23494622111320496,0.1643105149269104,0.13884514570236206,0.13382117450237274,0.29311686754226685,0.13659103214740753,0.23456892371177673,0.564,0.896,0.887
100,0,s1.7W,1.70,W,LOS+Sun+rho,sun15,2.699723720550537,1.4380278587341309,2.0590980052948,1.0550562143325806,1.4992258548736572,1.521712064743042,4.660566329956055,2.431375503540039,3.6326234340667725,0.564,0.896,0.887
100,0,s1.7W,1.70,W,LOS+Sun+rho,gc15,2.915005922317505,1.6843746900558472,2.059694528579712,1.330029010772705,1.5307581424713135,1.5503140687942505,5.037692070007324,2.740708827972412,3.7813684940338135,0.564,0.896,0.887
100,0,s1.7C,1.70,C,LOS,sun4,0.6102151870727539,0.23664315044879913,0.5236307382583618,0.3392425775527954,0.30583319067955017,0.24151092767715454,0.6211049556732178,0.2372593730688095,0.5343004465103149,0.387,1.218,1.218
100,0,s1.7C,1.70,C,LOS,sun15,3.686506509780884,1.4310188293457031,3.1510472297668457,0.9942994117736816,2.541318893432617,1.7400578260421753,6.051259994506836,2.429579496383667,5.11979341506958,0.387,1.218,1.218
100,0,s1.7C,1.70,C,LOS,gc15,3.8398959636688232,1.4337892532348633,3.3218865394592285,1.040046215057373,2.6084773540496826,1.8732670545578003,6.855413913726807,2.5855941772460938,5.906774997711182,0.387,1.218,1.218
100,0,s1.7C,1.70,C,LOS+Sun+rho,sun4,0.2509475350379944,0.13972580432891846,0.18379099667072296,0.11240705847740173,0.14429336786270142,0.12210584431886673,0.246886745095253,0.1391293853521347,0.17924579977989197,0.694,0.772,0.760
100,0,s1.7C,1.70,C,LOS+Sun+rho,sun15,1.623089075088501,0.8985249400138855,1.2263963222503662,0.6895689368247986,0.7891234755516052,0.9963274002075195,2.401981830596924,1.354290246963501,1.807181477546692,0.694,0.772,0.760
100,0,s1.7C,1.70,C,LOS+Sun+rho,gc15,1.8706164360046387,1.15999436378479,1.2534139156341553,0.9274579882621765,0.8276181221008301,1.0931239128112793,2.756253242492676,1.6790683269500732,1.9100301265716553,0.694,0.772,0.760
100,1,s0,0.00,plain,LOS,sun4,0.057742223143577576,0.020170623436570168,0.05085918679833412,0.020871110260486603,0.043874405324459076,0.018127858638763428,0.0368833988904953,0.011996450833976269,0.033072251826524734,nan,0.139,0.078
100,1,s0,0.00,plain,LOS,sun15,0.5600135326385498,0.3008304834365845,0.4244529604911804,0.22420857846736908,0.296378493309021,0.31780609488487244,0.9526621103286743,0.5307071208953857,0.7012730836868286,nan,0.139,0.078
100,1,s0,0.00,plain,LOS,gc15,0.590925931930542,0.30418944358825684,0.46036598086357117,0.24049484729766846,0.32821977138519287,0.32516735792160034,1.2131880521774292,0.6040115356445312,0.9578368067741394,nan,0.139,0.078
100,1,s0,0.00,plain,LOS+Sun+rho,sun4,0.05353614315390587,0.01965390145778656,0.04616018012166023,0.02285931259393692,0.037680163979530334,0.018148131668567657,0.03193378448486328,0.012037105858325958,0.02727394737303257,nan,0.143,0.085
100,1,s0,0.00,plain,LOS+Sun+rho,sun15,0.5994678735733032,0.2537505626678467,0.5121440887451172,0.2843492031097412,0.35506007075309753,0.27102309465408325,0.9909259080886841,0.49735432863235474,0.8031100034713745,nan,0.143,0.085
100,1,s0,0.00,plain,LOS+Sun+rho,gc15,0.6375398635864258,0.26719921827316284,0.5467369556427002,0.3035195767879486,0.3895494341850281,0.27720728516578674,1.2504087686538696,0.5983039140701294,1.0313963890075684,nan,0.143,0.085
100,1,s0,0.00,plain,3D,sun4,0.03745175525546074,0.020782431587576866,0.027763966470956802,0.0208214670419693,0.020202791318297386,0.014808611012995243,0.030600979924201965,0.014893610961735249,0.0243860874325037,nan,0.157,0.107
100,1,s0,0.00,plain,3D,sun15,0.5282469987869263,0.2716098427772522,0.4097954034805298,0.26376575231552124,0.2177295684814453,0.32091689109802246,0.836959958076477,0.3943278193473816,0.6680458188056946,nan,0.157,0.107
100,1,s0,0.00,plain,3D,gc15,0.5734052658081055,0.27315884828567505,0.4592929780483246,0.27231037616729736,0.23273760080337524,0.3596457839012146,1.115081548690796,0.4231669306755066,0.9550582766532898,nan,0.157,0.107
100,1,s0.5,0.50,plain,LOS,sun4,0.09007298946380615,0.037271130830049515,0.07558011263608932,0.03581596910953522,0.06313396245241165,0.033213503658771515,0.07470924407243729,0.032114025205373764,0.06175445020198822,0.548,0.262,0.233
100,1,s0.5,0.50,plain,LOS,sun15,6.569908618927002,4.225592136383057,4.381880760192871,2.4190170764923096,2.841118574142456,4.3954572677612305,11.51591968536377,7.68149995803833,7.543760299682617,0.548,0.262,0.233
100,1,s0.5,0.50,plain,LOS,gc15,6.482281684875488,4.128414630889893,4.3685712814331055,2.5017733573913574,2.7890982627868652,4.25653600692749,11.95846939086914,7.507730007171631,8.065714836120605,0.548,0.262,0.233
100,1,s0.5,0.50,plain,LOS+Sun+rho,sun4,0.08931474387645721,0.03635990992188454,0.07584097981452942,0.03749033808708191,0.062488604336977005,0.03040917217731476,0.07421450316905975,0.030949227511882782,0.062313325703144073,0.598,0.265,0.230
100,1,s0.5,0.50,plain,LOS+Sun+rho,sun15,1.8372352123260498,0.9403535723686218,1.455955982208252,0.5597782731056213,0.9805842638015747,1.173777461051941,3.73195481300354,1.8926719427108765,2.98012113571167,0.598,0.265,0.230
100,1,s0.5,0.50,plain,LOS+Sun+rho,gc15,1.8351670503616333,0.8889051079750061,1.4755585193634033,0.5786131620407104,0.9753100275993347,1.1531834602355957,3.835603952407837,1.6869271993637085,3.189903974533081,0.598,0.265,0.230
100,1,s1.7,1.70,plain,LOS,sun4,0.40486228466033936,0.1967887431383133,0.3148955702781677,0.15176227688789368,0.24913589656352997,0.20125366747379303,0.403343141078949,0.1950719952583313,0.3137437105178833,0.549,1.160,1.157
100,1,s1.7,1.70,plain,LOS,sun15,5.145653247833252,1.9416468143463135,4.500757217407227,1.6134084463119507,3.3387911319732666,2.632953643798828,8.826925277709961,3.1666078567504883,7.826253890991211,0.549,1.160,1.157
100,1,s1.7,1.70,plain,LOS,gc15,5.023775577545166,1.929154872894287,4.394524097442627,1.6087578535079956,3.1898622512817383,2.5670368671417236,9.176179885864258,3.3186655044555664,8.200119018554688,0.549,1.160,1.157
100,1,s1.7,1.70,plain,LOS+Sun+rho,sun4,0.3045301139354706,0.1505514532327652,0.23999148607254028,0.12470334768295288,0.19084186851978302,0.13353872299194336,0.3043397068977356,0.14921706914901733,0.24041756987571716,0.516,1.144,1.135
100,1,s1.7,1.70,plain,LOS+Sun+rho,sun15,3.8689277172088623,2.355452299118042,2.756504774093628,1.9603052139282227,2.013094902038574,1.995220422744751,7.036283493041992,3.9112770557403564,5.32753324508667,0.516,1.144,1.135
100,1,s1.7,1.70,plain,LOS+Sun+rho,gc15,4.585182189941406,3.079817771911621,2.9836182594299316,2.5221476554870605,2.2396557331085205,2.2679355144500732,8.996170997619629,5.6384782791137695,6.331156253814697,0.516,1.144,1.135
100,1,s4.3,4.30,plain,LOS,sun4,0.8018454313278198,0.3419715166091919,0.6653228998184204,0.29932957887649536,0.5207699537277222,0.3587944805622101,0.8087085485458374,0.34297850728034973,0.6713187098503113,0.389,2.540,2.513
100,1,s4.3,4.30,plain,LOS,sun15,35.06847381591797,18.539016723632812,26.408042907714844,6.801648139953613,17.28446388244629,25.59783172607422,56.64312744140625,30.286781311035156,42.44172286987305,0.389,2.540,2.513
100,1,s4.3,4.30,plain,LOS,gc15,35.422096252441406,17.55441665649414,27.404136657714844,7.339632034301758,17.51734161376953,25.627429962158203,61.01329040527344,28.874927520751953,48.0214958190918,0.389,2.540,2.513
100,1,s4.3,4.30,plain,LOS+Sun+rho,sun4,0.8073343634605408,0.3297538459300995,0.6776852607727051,0.3132573664188385,0.5304570198059082,0.3289748728275299,0.8151266574859619,0.3308584690093994,0.6847608089447021,0.427,2.324,2.307
100,1,s4.3,4.30,plain,LOS+Sun+rho,sun15,7.570521354675293,5.827201843261719,4.0479607582092285,3.7055745124816895,3.245095729827881,4.540259838104248,10.554706573486328,7.663391590118408,6.193300247192383,0.427,2.324,2.307
100,1,s4.3,4.30,plain,LOS+Sun+rho,gc15,9.744775772094727,7.923925876617432,4.575470924377441,5.786317348480225,3.7034778594970703,4.929593086242676,13.639195442199707,10.113469123840332,7.546848297119141,0.427,2.324,2.307
100,1,het,2.17,plain,LOS,sun4,0.47019127011299133,0.23512187600135803,0.36516350507736206,0.15957075357437134,0.3192828595638275,0.21329271793365479,0.47079581022262573,0.23558005690574646,0.3655659556388855,0.528,1.264,1.261
100,1,het,2.17,plain,LOS,sun15,12.652931213378906,4.97012996673584,10.74072265625,3.349914789199829,8.248740196228027,6.5841064453125,20.673038482666016,8.2352876663208,17.552005767822266,0.528,1.264,1.261
100,1,het,2.17,plain,LOS,gc15,12.474756240844727,4.783018589019775,10.674103736877441,3.4774508476257324,7.8368072509765625,6.65263032913208,20.616092681884766,7.825623989105225,17.78895378112793,0.528,1.264,1.261
100,1,het,2.17,plain,LOS+Sun+rho,sun4,0.41345125436782837,0.21788690984249115,0.31810784339904785,0.1574367731809616,0.2713918685913086,0.1865343451499939,0.4184703230857849,0.21896210312843323,0.3234340250492096,0.607,1.198,1.208
100,1,het,2.17,plain,LOS+Sun+rho,sun15,4.401814937591553,2.5482640266418457,3.089986562728882,1.617784023284912,2.3686306476593018,2.5445754528045654,7.099102973937988,3.691521644592285,5.367133617401123,0.607,1.198,1.208
100,1,het,2.17,plain,LOS+Sun+rho,gc15,5.1229166984558105,3.269469738006592,3.176863670349121,2.3363447189331055,2.4583117961883545,2.6811771392822266,8.114764213562012,4.513050079345703,5.68333625793457,0.607,1.198,1.208
100,1,hetW,2.17,W,LOS,sun4,0.24404290318489075,0.11568363755941391,0.19557617604732513,0.09766700118780136,0.16139763593673706,0.1011120155453682,0.2418789267539978,0.11455091834068298,0.1940423995256424,0.537,0.840,0.848
100,1,hetW,2.17,W,LOS,sun15,5.350003242492676,1.4015848636627197,4.957609176635742,1.8824634552001953,3.822239398956299,1.8598625659942627,9.282313346862793,2.4989025592803955,8.610280990600586,0.537,0.840,0.848
100,1,hetW,2.17,W,LOS,gc15,6.100580215454102,1.5752794742584229,5.69097900390625,2.0819568634033203,4.162168025970459,2.5555202960968018,13.7510404586792,3.4174437522888184,13.012154579162598,0.537,0.840,0.848
100,1,hetW,2.17,W,LOS+Sun+rho,sun4,0.1999759078025818,0.09764814376831055,0.1598568856716156,0.0864889919757843,0.12205739319324493,0.09306041896343231,0.19855639338493347,0.09661755710840225,0.15946610271930695,0.541,0.731,0.737
100,1,hetW,2.17,W,LOS+Sun+rho,sun15,1.6532678604125977,0.6039562821388245,1.4569562673568726,0.6470998525619507,0.9303277730941772,0.9051898717880249,2.814945936203003,1.090120553970337,2.4536774158477783,0.541,0.731,0.737
100,1,hetW,2.17,W,LOS+Sun+rho,gc15,1.8141283988952637,0.6561790108680725,1.6037302017211914,0.6698470711708069,0.9756423234939575,1.0639032125473022,3.410022735595703,1.196022868156433,3.0461065769195557,0.541,0.731,0.737
100,1,hetC,2.17,C,LOS,sun4,0.2454109489917755,0.1222652867436409,0.193161278963089,0.11430739611387253,0.1260155886411667,0.12188310921192169,0.2434971034526825,0.12028123438358307,0.19209414720535278,0.548,0.668,0.648
100,1,hetC,2.17,C,LOS,sun15,2.7662558555603027,1.0266413688659668,2.420769691467285,1.3161675930023193,1.6734380722045898,1.1767337322235107,4.874782562255859,1.7099788188934326,4.345852851867676,0.548,0.668,0.648
100,1,hetC,2.17,C,LOS,gc15,3.086353302001953,1.0800809860229492,2.737760543823242,1.3834795951843262,1.7728955745697021,1.5030982494354248,6.692962646484375,2.07295560836792,6.125444412231445,0.548,0.668,0.648
100,1,hetC,2.17,C,LOS+Sun+rho,sun4,0.16103291511535645,0.07329021394252777,0.131153866648674,0.0968412309885025,0.0805492103099823,0.06402907520532608,0.1508783996105194,0.0696030706167221,0.12212880700826645,0.622,0.519,0.479
100,1,hetC,2.17,C,LOS+Sun+rho,sun15,1.1134953498840332,0.46371787786483765,0.9473556280136108,0.5048304200172424,0.5631504058837891,0.6032785177230835,1.918771743774414,0.8259598612785339,1.62601900100708,0.622,0.519,0.479
100,1,hetC,2.17,C,LOS+Sun+rho,gc15,1.2515686750411987,0.5105918645858765,1.0712127685546875,0.5210705995559692,0.5874875783920288,0.7512257099151611,2.4521684646606445,0.9697248935699463,2.1361637115478516,0.622,0.519,0.479
100,1,s1.7W,1.70,W,LOS,sun4,0.40486228466033936,0.1967887431383133,0.3148955702781677,0.15176227688789368,0.24913589656352997,0.20125366747379303,0.403343141078949,0.1950719952583313,0.3137437105178833,0.549,1.160,1.157
100,1,s1.7W,1.70,W,LOS,sun15,5.145653247833252,1.9416468143463135,4.500757217407227,1.6134084463119507,3.3387911319732666,2.632953643798828,8.826925277709961,3.1666078567504883,7.826253890991211,0.549,1.160,1.157
100,1,s1.7W,1.70,W,LOS,gc15,5.023775577545166,1.929154872894287,4.394524097442627,1.6087578535079956,3.1898622512817383,2.5670368671417236,9.176179885864258,3.3186655044555664,8.200119018554688,0.549,1.160,1.157
100,1,s1.7W,1.70,W,LOS+Sun+rho,sun4,0.3045301139354706,0.1505514532327652,0.23999148607254028,0.12470334768295288,0.19084186851978302,0.13353872299194336,0.3043397068977356,0.14921706914901733,0.24041756987571716,0.516,1.144,1.135
100,1,s1.7W,1.70,W,LOS+Sun+rho,sun15,3.8689277172088623,2.355452299118042,2.756504774093628,1.9603052139282227,2.013094902038574,1.995220422744751,7.036283493041992,3.9112770557403564,5.32753324508667,0.516,1.144,1.135
100,1,s1.7W,1.70,W,LOS+Sun+rho,gc15,4.585182189941406,3.079817771911621,2.9836182594299316,2.5221476554870605,2.2396557331085205,2.2679355144500732,8.996170997619629,5.6384782791137695,6.331156253814697,0.516,1.144,1.135
100,1,s1.7C,1.70,C,LOS,sun4,0.5102470517158508,0.2751579284667969,0.37761610746383667,0.1854238510131836,0.2600976228713989,0.3200126886367798,0.511183500289917,0.27678412199020386,0.3779146671295166,0.415,1.157,1.179
100,1,s1.7C,1.70,C,LOS,sun15,11.458179473876953,5.596139430999756,9.219306945800781,3.3930859565734863,5.15712833404541,8.012955665588379,19.121835708618164,8.851192474365234,15.768993377685547,0.415,1.157,1.179
100,1,s1.7C,1.70,C,LOS,gc15,11.436406135559082,5.5106964111328125,9.218572616577148,3.555140495300293,5.20045280456543,7.711068153381348,20.577749252319336,9.04649543762207,17.20876121520996,0.415,1.157,1.179
100,1,s1.7C,1.70,C,LOS+Sun+rho,sun4,0.3187054395675659,0.13450881838798523,0.2661850154399872,0.11415047943592072,0.21755900979042053,0.14792907238006592,0.31515881419181824,0.13325223326683044,0.2640799880027771,0.826,1.130,1.117
100,1,s1.7C,1.70,C,LOS+Sun+rho,sun15,1.7887837886810303,1.3196872472763062,1.032267689704895,0.7432217597961426,0.7343101501464844,1.2065221071243286,2.5687248706817627,1.919197916984558,1.4807775020599365,0.826,1.130,1.117
100,1,s1.7C,1.70,C,LOS+Sun+rho,gc15,2.090648889541626,1.603406548500061,1.1380078792572021,1.0678530931472778,0.7807689905166626,1.2423049211502075,3.0075840950012207,2.2543509006500244,1.696963906288147,0.826,1.130,1.117
100,2,s0,0.00,plain,LOS,sun4,0.06938457489013672,0.021177496761083603,0.06303101032972336,0.027541447430849075,0.051960255950689316,0.021579375490546227,0.06041448563337326,0.01536839921027422,0.056473735719919205,nan,0.112,0.083
100,2,s0,0.00,plain,LOS,sun15,0.5857593417167664,0.3336751461029053,0.4334217309951782,0.35229822993278503,0.29146668314933777,0.2501583397388458,0.8954735994338989,0.5513986349105835,0.6401964426040649,nan,0.112,0.083
100,2,s0,0.00,plain,LOS,gc15,0.6225121021270752,0.3529004752635956,0.4562223255634308,0.3820122480392456,0.30449241399765015,0.26073122024536133,1.0743257999420166,0.6033512353897095,0.8050985336303711,nan,0.112,0.083
100,2,s0,0.00,plain,LOS+Sun+rho,sun4,0.053364381194114685,0.020854860544204712,0.04570322483778,0.02152721956372261,0.036406099796295166,0.02067125029861927,0.04385048896074295,0.014784108847379684,0.03897794708609581,nan,0.139,0.106
100,2,s0,0.00,plain,LOS+Sun+rho,sun15,0.6302261352539062,0.37838202714920044,0.44604983925819397,0.35859912633895874,0.28577613830566406,0.3131619095802307,0.9150129556655884,0.630021870136261,0.5613624453544617,nan,0.139,0.106
100,2,s0,0.00,plain,LOS+Sun+rho,gc15,0.6297563314437866,0.37979644536972046,0.4432651102542877,0.36522960662841797,0.28175434470176697,0.3067818880081177,0.9484367966651917,0.6434452533721924,0.5749096870422363,nan,0.139,0.106
100,2,s0,0.00,plain,3D,sun4,0.034868597984313965,0.019559752196073532,0.02563387155532837,0.01863742619752884,0.019470427185297012,0.014285829849541187,0.023747626692056656,0.011917293071746826,0.018622756004333496,nan,0.138,0.076
100,2,s0,0.00,plain,3D,sun15,0.5866450071334839,0.32464706897735596,0.43449604511260986,0.33591920137405396,0.3074527680873871,0.23838290572166443,0.8772355914115906,0.5280463695526123,0.6277964115142822,nan,0.138,0.076
100,2,s0,0.00,plain,3D,gc15,0.621096134185791,0.3400039076805115,0.461215615272522,0.358849436044693,0.3288225829601288,0.24709327518939972,1.0545694828033447,0.5718068480491638,0.7947470545768738,nan,0.138,0.076
100,2,s0.5,0.50,plain,LOS,sun4,0.1505737453699112,0.04438357055187225,0.1386243999004364,0.07085275650024414,0.11091011762619019,0.04353305324912071,0.1532410979270935,0.04288042336702347,0.14183500409126282,0.691,0.288,0.308
100,2,s0.5,0.50,plain,LOS,sun15,1.3133940696716309,0.7465778589248657,0.9670658111572266,0.5764591097831726,0.7008901834487915,0.7044042944908142,2.104438543319702,1.2159790992736816,1.5405521392822266,0.691,0.288,0.308
100,2,s0.5,0.50,plain,LOS,gc15,1.39493989944458,0.8007722496986389,1.0222172737121582,0.6413180828094482,0.7387267351150513,0.7178093791007996,2.4469525814056396,1.3998868465423584,1.7953031063079834,0.691,0.288,0.308
100,2,s0.5,0.50,plain,LOS+Sun+rho,sun4,0.10736873000860214,0.03942204266786575,0.09464486688375473,0.042579859495162964,0.07821761816740036,0.04006296768784523,0.10932031273841858,0.03663518279790878,0.09814886748790741,0.663,0.275,0.279
100,2,s0.5,0.50,plain,LOS+Sun+rho,sun15,1.024113416671753,0.6167308688163757,0.7338422536849976,0.4010660946369171,0.4824933111667633,0.6675447225570679,1.5425344705581665,1.0099987983703613,1.033393144607544,0.663,0.275,0.279
100,2,s0.5,0.50,plain,LOS+Sun+rho,gc15,1.132156491279602,0.7025325298309326,0.7823748588562012,0.4928658604621887,0.5157446265220642,0.7117100954055786,1.8268697261810303,1.1547235250473022,1.2355366945266724,0.663,0.275,0.279
100,2,s1.7,1.70,plain,LOS,sun4,0.27406585216522217,0.11162081360816956,0.23142243921756744,0.056875888258218765,0.2079996019601822,0.11927829682826996,0.26541751623153687,0.10937725752592087,0.22360070049762726,0.580,0.872,0.846
100,2,s1.7,1.70,plain,LOS,sun15,5.259834289550781,2.309699058532715,4.327179908752441,1.6505122184753418,2.8274731636047363,3.365025043487549,9.029458045959473,3.919546127319336,7.48770809173584,0.580,0.872,0.846
100,2,s1.7,1.70,plain,LOS,gc15,5.579875469207764,2.4519450664520264,4.64674711227417,1.7838867902755737,3.0383291244506836,3.5103297233581543,9.93949031829834,4.282081604003906,8.373586654663086,0.580,0.872,0.846
100,2,s1.7,1.70,plain,LOS+Sun+rho,sun4,0.333046019077301,0.1424761265516281,0.27832621335983276,0.08783568441867828,0.21601592004299164,0.17461702227592468,0.3275749683380127,0.14190566539764404,0.27352315187454224,0.546,1.110,1.096
100,2,s1.7,1.70,plain,LOS+Sun+rho,sun15,2.9448719024658203,2.2023725509643555,1.6257569789886475,1.0702342987060547,1.091771125793457,2.082345962524414,4.621739387512207,3.321139335632324,2.7105250358581543,0.546,1.110,1.096
100,2,s1.7,1.70,plain,LOS+Sun+rho,gc15,3.336669921875,2.5534119606018066,1.7153598070144653,1.4696208238601685,1.160427451133728,2.1423680782318115,5.402069091796875,3.7688400745391846,3.1732892990112305,0.546,1.110,1.096
100,2,s4.3,4.30,plain,LOS,sun4,1.7159311771392822,0.5938750505447388,1.5235826969146729,0.6287869811058044,1.136891484260559,0.7827935218811035,1.7256923913955688,0.5973209738731384,1.5323375463485718,0.195,3.555,3.590
100,2,s4.3,4.30,plain,LOS,sun15,3.503575563430786,1.4147707223892212,2.9748764038085938,1.3109869956970215,2.25986909866333,1.5805103778839111,5.615825176239014,2.126840829849243,4.866695404052734,0.195,3.555,3.590
100,2,s4.3,4.30,plain,LOS,gc15,3.8085622787475586,1.5272384881973267,3.2563400268554688,1.422882080078125,2.4834179878234863,1.7513456344604492,7.544632911682129,2.7528457641601562,6.6888885498046875,0.195,3.555,3.590
100,2,s4.3,4.30,plain,LOS+Sun+rho,sun4,1.7732181549072266,0.5506023168563843,1.6109156608581543,0.6096714735031128,1.2763254642486572,0.7651968002319336,1.7876708507537842,0.5532670617103577,1.6248676776885986,0.349,3.434,3.462
100,2,s4.3,4.30,plain,LOS+Sun+rho,sun15,8.327622413635254,5.776116847991943,4.810564994812012,3.862942695617676,3.4911341667175293,4.960021018981934,11.79676628112793,7.275493621826172,7.689854621887207,0.349,3.434,3.462
100,2,s4.3,4.30,plain,LOS+Sun+rho,gc15,9.561607360839844,7.016781330108643,4.927214622497559,5.113907814025879,3.6955180168151855,5.117456436157227,13.544629096984863,8.681276321411133,8.286351203918457,0.349,3.434,3.462
100,2,het,1.51,plain,LOS,sun4,0.5794551372528076,0.22561585903167725,0.5008512735366821,0.3377831280231476,0.3013906478881836,0.2366352677345276,0.5849575996398926,0.22783827781677246,0.506338357925415,0.631,1.446,1.475
100,2,het,1.51,plain,LOS,sun15,1.734140157699585,0.8502786159515381,1.3888137340545654,0.996392548084259,1.0109858512878418,0.6044169068336487,2.5791940689086914,1.133491039276123,2.1583666801452637,0.631,1.446,1.475
100,2,het,1.51,plain,LOS,gc15,1.9004048109054565,0.9368864297866821,1.520371675491333,1.0665981769561768,1.1341866254806519,0.6741206645965576,3.3804776668548584,1.4433434009552002,2.8766210079193115,0.631,1.446,1.475
100,2,het,1.51,plain,LOS+Sun+rho,sun4,0.7043118476867676,0.2685009837150574,0.608460545539856,0.4201517701148987,0.3456593453884125,0.3059953451156616,0.7108989953994751,0.2708607614040375,0.6146486401557922,0.628,1.559,1.605
100,2,het,1.51,plain,LOS+Sun+rho,sun15,3.070502281188965,2.115725040435791,1.8986971378326416,1.4130425453186035,1.2761571407318115,1.889492154121399,4.351375579833984,2.8495078086853027,2.848304510116577,0.628,1.559,1.605
100,2,het,1.51,plain,LOS+Sun+rho,gc15,3.8191142082214355,2.822673797607422,2.114748954772949,2.1337454319000244,1.4861797094345093,2.0431463718414307,5.3552093505859375,3.6052937507629395,3.333770275115967,0.628,1.559,1.605
100,2,hetW,1.51,W,LOS,sun4,0.19574818015098572,0.08197901397943497,0.16592006385326385,0.06337542831897736,0.13247957825660706,0.09455998986959457,0.200187548995018,0.08071335405111313,0.17178130149841309,0.632,0.538,0.556
100,2,hetW,1.51,W,LOS,sun15,0.9665844440460205,0.4472857117652893,0.771857500076294,0.44029977917671204,0.5888626575469971,0.39586949348449707,1.5179758071899414,0.7122266292572021,1.215474247932434,0.632,0.538,0.556
100,2,hetW,1.51,W,LOS,gc15,0.9925104379653931,0.4406931400299072,0.8095723986625671,0.45009616017341614,0.6207820177078247,0.3916529715061188,1.675672173500061,0.7462642192840576,1.3789842128753662,0.632,0.538,0.556
100,2,hetW,1.51,W,LOS+Sun+rho,sun4,0.18474911153316498,0.07564019411802292,0.1569305658340454,0.07385905086994171,0.12952874600887299,0.07012437283992767,0.19020381569862366,0.0752512589097023,0.16363488137722015,0.653,0.518,0.531
100,2,hetW,1.51,W,LOS+Sun+rho,sun15,1.2121131420135498,0.7801607847213745,0.8179593086242676,0.46098294854164124,0.5182359218597412,0.8418398499488831,1.8757058382034302,1.2563443183898926,1.2222000360488892,0.653,0.518,0.531
100,2,hetW,1.51,W,LOS+Sun+rho,gc15,1.3584412336349487,0.898558497428894,0.8736487627029419,0.5862410664558411,0.5513641238212585,0.889618456363678,2.1838788986206055,1.4100576639175415,1.435657262802124,0.653,0.518,0.531
100,2,hetC,1.51,C,LOS,sun4,0.2463470846414566,0.09648209810256958,0.21228525042533875,0.08570243418216705,0.15579108893871307,0.11894696950912476,0.24899327754974365,0.0956929475069046,0.21647386252880096,0.568,0.550,0.587
100,2,hetC,1.51,C,LOS,sun15,1.3189377784729004,0.579680860042572,1.0810739994049072,0.5689724087715149,0.5890454649925232,0.8219515681266785,2.0368666648864746,0.9226543307304382,1.6750662326812744,0.568,0.550,0.587
100,2,hetC,1.51,C,LOS,gc15,1.3923325538635254,0.5876614451408386,1.15726637840271,0.5895847082138062,0.6251505613327026,0.8724029660224915,2.409778594970703,1.0201671123504639,2.0174829959869385,0.568,0.550,0.587
100,2,hetC,1.51,C,LOS+Sun+rho,sun4,0.11303042620420456,0.05217909440398216,0.09262089431285858,0.04471419379115105,0.0669105052947998,0.05878336355090141,0.11183038353919983,0.04851246252655983,0.093398317694664,0.713,0.351,0.332
100,2,hetC,1.51,C,LOS+Sun+rho,sun15,0.7714349031448364,0.3736860156059265,0.6225465536117554,0.3557019829750061,0.44647732377052307,0.37610432505607605,1.2358827590942383,0.6367072463035583,0.974030077457428,0.713,0.351,0.332
100,2,hetC,1.51,C,LOS+Sun+rho,gc15,0.8194319605827332,0.3855177164077759,0.6706761717796326,0.3805849552154541,0.4759073555469513,0.3907375633716583,1.4048792123794556,0.648656964302063,1.1480176448822021,0.713,0.351,0.332
100,2,s1.7W,1.70,W,LOS,sun4,0.27406585216522217,0.11162081360816956,0.23142243921756744,0.056875888258218765,0.2079996019601822,0.11927829682826996,0.26541751623153687,0.10937725752592087,0.22360070049762726,0.580,0.872,0.846
100,2,s1.7W,1.70,W,LOS,sun15,5.259834289550781,2.309699058532715,4.327179908752441,1.6505122184753418,2.8274731636047363,3.365025043487549,9.029458045959473,3.919546127319336,7.48770809173584,0.580,0.872,0.846
100,2,s1.7W,1.70,W,LOS,gc15,5.579875469207764,2.4519450664520264,4.64674711227417,1.7838867902755737,3.0383291244506836,3.5103297233581543,9.93949031829834,4.282081604003906,8.373586654663086,0.580,0.872,0.846
100,2,s1.7W,1.70,W,LOS+Sun+rho,sun4,0.32157495617866516,0.1280873417854309,0.2750955820083618,0.07759036123752594,0.21863792836666107,0.16491514444351196,0.3159100413322449,0.1268378496170044,0.27006813883781433,0.555,1.002,0.995
100,2,s1.7W,1.70,W,LOS+Sun+rho,sun15,2.5773329734802246,1.8548805713653564,1.5064982175827026,0.8894792199134827,1.0267843008041382,1.814621925354004,4.096024990081787,2.843080520629883,2.520642042160034,0.555,1.002,0.995
100,2,s1.7W,1.70,W,LOS+Sun+rho,gc15,2.97176194190979,2.1794371604919434,1.6514003276824951,1.262225866317749,1.1079102754592896,1.8878364562988281,4.9618024826049805,3.248190402984619,3.1285042762756348,0.555,1.002,0.995
100,2,s1.7C,1.70,C,LOS,sun4,0.4247545301914215,0.17968668043613434,0.356880247592926,0.11707224696874619,0.3135831952095032,0.17577308416366577,0.4227011203765869,0.1794980764389038,0.3547183573246002,0.471,1.095,1.079
100,2,s1.7C,1.70,C,LOS,sun15,5.984211444854736,2.8813083171844482,4.770111560821533,1.8265972137451172,2.8617541790008545,3.887017250061035,10.018198013305664,4.686304569244385,8.110078811645508,0.471,1.095,1.079
100,2,s1.7C,1.70,C,LOS,gc15,6.131231307983398,2.8435158729553223,4.962890148162842,1.9832311868667603,2.9346656799316406,3.8623757362365723,10.901966094970703,4.578372478485107,9.149296760559082,0.471,1.095,1.079
100,2,s1.7C,1.70,C,LOS+Sun+rho,sun4,0.22067579627037048,0.10467028617858887,0.1760486215353012,0.07500986009836197,0.14181996881961823,0.10770907253026962,0.21441057324409485,0.10391606390476227,0.1694556176662445,0.632,0.810,0.788
100,2,s1.7C,1.70,C,LOS+Sun+rho,sun15,1.6517778635025024,0.9864333271980286,1.1938847303390503,0.5928760766983032,0.9118204116821289,0.9537599086761475,2.53422212600708,1.4910247325897217,1.8744689226150513,0.632,0.810,0.788
100,2,s1.7C,1.70,C,LOS+Sun+rho,gc15,1.75670325756073,1.0825892686843872,1.203639030456543,0.754221498966217,0.916417121887207,0.9151225090026855,2.828850269317627,1.6338691711425781,2.075565814971924,0.632,0.810,0.788
200,0,s0,0.00,plain,LOS,sun4,0.053377650678157806,0.01970367319881916,0.04639448598027229,0.025459975004196167,0.034185077995061874,0.019476575776934624,0.03444898873567581,0.01232616975903511,0.030318040400743484,nan,0.174,0.104
200,0,s0,0.00,plain,LOS,sun15,0.5354247689247131,0.2575150430202484,0.4253716766834259,0.25540006160736084,0.34013479948043823,0.21268653869628906,0.9039314985275269,0.40574201941490173,0.7441929578781128,nan,0.174,0.104
200,0,s0,0.00,plain,LOS,gc15,0.5645436644554138,0.27011141180992126,0.45322591066360474,0.2589690685272217,0.3495975136756897,0.24831834435462952,1.0971752405166626,0.4968474507331848,0.90852952003479,nan,0.174,0.104
200,0,s0,0.00,plain,LOS+Sun+rho,sun4,0.04649634286761284,0.01847253553569317,0.039751265197992325,0.02377292700111866,0.02813730761408806,0.017092661932110786,0.02776579186320305,0.011381957679986954,0.02374873496592045,nan,0.158,0.095
200,0,s0,0.00,plain,LOS+Sun+rho,sun15,0.6593672037124634,0.36248913407325745,0.49355125427246094,0.31122714281082153,0.3440983295440674,0.34711405634880066,1.1210873126983643,0.6722308397293091,0.7953265905380249,nan,0.158,0.095
200,0,s0,0.00,plain,LOS+Sun+rho,gc15,0.680776834487915,0.3645557761192322,0.5187556743621826,0.31123340129852295,0.36079469323158264,0.36234530806541443,1.3229460716247559,0.757695734500885,0.9586294293403625,nan,0.158,0.095
200,0,s0,0.00,plain,3D,sun4,0.03528770059347153,0.018965283408761024,0.02659180387854576,0.019502446055412292,0.019516175612807274,0.014065935276448727,0.021744346246123314,0.011274642311036587,0.0169315617531538,nan,0.179,0.100
200,0,s0,0.00,plain,3D,sun15,0.562916100025177,0.31610608100891113,0.4133449196815491,0.2758227288722992,0.3303065299987793,0.23070311546325684,0.8102694153785706,0.5013251900672913,0.5664926767349243,nan,0.179,0.100
200,0,s0,0.00,plain,3D,gc15,0.5545079708099365,0.31054696440696716,0.40738674998283386,0.28042542934417725,0.32071176171302795,0.22131243348121643,0.8326469659805298,0.4967040419578552,0.5957978367805481,nan,0.179,0.100
200,0,s0.5,0.50,plain,LOS,sun4,0.07227294892072678,0.030537046492099762,0.06065128743648529,0.028987150639295578,0.050463221967220306,0.02608954720199108,0.05800884962081909,0.02478431724011898,0.048737533390522,0.797,0.269,0.213
200,0,s0.5,0.50,plain,LOS,sun15,0.5533065795898438,0.3113301992416382,0.41137346625328064,0.24892973899841309,0.30734625458717346,0.28785020112991333,0.8358961343765259,0.413577139377594,0.6600103378295898,0.797,0.269,0.213
200,0,s0.5,0.50,plain,LOS,gc15,0.5644099712371826,0.3112374246120453,0.42420709133148193,0.250232458114624,0.30054211616516113,0.3105843663215637,0.942838728427887,0.42595234513282776,0.765221893787384,0.797,0.269,0.213
200,0,s0.5,0.50,plain,LOS+Sun+rho,sun4,0.06801050901412964,0.027856094762682915,0.057722240686416626,0.02907923050224781,0.04628220945596695,0.02424275130033493,0.05629808083176613,0.02165403962135315,0.048722509294748306,0.779,0.250,0.179
200,0,s0.5,0.50,plain,LOS+Sun+rho,sun15,0.6644057035446167,0.3197712004184723,0.5346879959106445,0.2785937190055847,0.3311145603656769,0.39536958932876587,1.1000943183898926,0.622607946395874,0.8215964436531067,0.779,0.250,0.179
200,0,s0.5,0.50,plain,LOS+Sun+rho,gc15,0.6752274036407471,0.3135555386543274,0.5525709986686707,0.2755771279335022,0.33382588624954224,0.408733606338501,1.2619088888168335,0.6502282023429871,0.9808361530303955,0.779,0.250,0.179
200,0,s1.7,1.70,plain,LOS,sun4,0.3068646192550659,0.13517554104328156,0.2550804018974304,0.08607905358076096,0.16564472019672394,0.197105273604393,0.3038652539253235,0.1349111646413803,0.2520335614681244,0.620,0.918,0.929
200,0,s1.7,1.70,plain,LOS,sun15,1.3969438076019287,0.6461260914802551,1.1446354389190674,0.6638454794883728,0.8034599423408508,0.627636194229126,2.009124517440796,0.9340903759002686,1.6422947645187378,0.620,0.918,0.929
200,0,s1.7,1.70,plain,LOS,gc15,1.4948210716247559,0.6333566308021545,1.2542837858200073,0.6599220037460327,0.8851178288459778,0.6663275957107544,2.4332971572875977,0.9385503530502319,2.0875468254089355,0.620,0.918,0.929
200,0,s1.7,1.70,plain,LOS+Sun+rho,sun4,0.2771436274051666,0.12064194679260254,0.23038765788078308,0.12880432605743408,0.1256907731294632,0.1625318080186844,0.2770533859729767,0.12062150239944458,0.2301763892173767,0.680,0.823,0.836
200,0,s1.7,1.70,plain,LOS+Sun+rho,sun15,1.20301353931427,0.7460583448410034,0.8226265907287598,0.5861252546310425,0.4874809682369232,0.767911970615387,1.7047964334487915,1.0758355855941772,1.1647465229034424,0.680,0.823,0.836
200,0,s1.7,1.70,plain,LOS+Sun+rho,gc15,1.42124342918396,0.9385486245155334,0.872238278388977,0.7785948514938354,0.5344712138175964,0.828834593296051,2.1189002990722656,1.287348985671997,1.3876453638076782,0.680,0.823,0.836
200,0,s4.3,4.30,plain,LOS,sun4,0.7560785412788391,0.33184272050857544,0.612833559513092,0.4010116159915924,0.3399229645729065,0.38111037015914917,0.7600655555725098,0.3319219648838043,0.617050290107727,0.548,1.983,1.987
200,0,s4.3,4.30,plain,LOS,sun15,10.037476539611816,3.165964126586914,8.927694320678711,2.1194581985473633,7.5081329345703125,4.228376865386963,15.185466766357422,5.001064777374268,13.467820167541504,0.548,1.983,1.987
200,0,s4.3,4.30,plain,LOS,gc15,10.611747741699219,3.0531086921691895,9.54711627960205,2.2977447509765625,8.029638290405273,4.125720977783203,16.045204162597656,4.690174102783203,14.463031768798828,0.548,1.983,1.987
200,0,s4.3,4.30,plain,LOS+Sun+rho,sun4,0.6626360416412354,0.2867913246154785,0.552996814250946,0.27890124917030334,0.4606936573982239,0.23822170495986938,0.6624645590782166,0.2869473099708557,0.5524910688400269,0.536,2.072,2.089
200,0,s4.3,4.30,plain,LOS+Sun+rho,sun15,3.82847261428833,2.9314284324645996,1.881483554840088,1.9665755033493042,1.4722859859466553,2.238581418991089,5.076771259307861,3.6885018348693848,2.737706422805786,0.536,2.072,2.089
200,0,s4.3,4.30,plain,LOS+Sun+rho,gc15,4.723270416259766,3.780221939086914,1.9768184423446655,2.784839153289795,1.6348398923873901,2.400176525115967,6.474778175354004,4.648263931274414,3.2394676208496094,0.536,2.072,2.089
200,0,het,1.64,plain,LOS,sun4,0.22423146665096283,0.14722394943237305,0.14002805948257446,0.09657730162143707,0.1378665566444397,0.09506350010633469,0.2167671173810959,0.14496241509914398,0.13304542005062103,1.070,1.175,1.122
200,0,het,1.64,plain,LOS,sun15,3.9055514335632324,2.418952226638794,2.6299819946289062,1.994490146636963,1.9092481136322021,2.0151968002319336,5.643385887145996,3.1253061294555664,4.097921371459961,1.070,1.175,1.122
200,0,het,1.64,plain,LOS,gc15,4.328524589538574,2.6992650032043457,2.9471609592437744,2.403242588043213,1.9714362621307373,2.1427416801452637,6.187136650085449,3.425159215927124,4.547421932220459,1.070,1.175,1.122
200,0,het,1.64,plain,LOS+Sun+rho,sun4,0.20218771696090698,0.1180620938539505,0.14186403155326843,0.08971083164215088,0.11053913831710815,0.10103471577167511,0.1976989358663559,0.11606157571077347,0.1386227160692215,0.781,0.801,0.754
200,0,het,1.64,plain,LOS+Sun+rho,sun15,3.957439422607422,2.793227434158325,2.4046473503112793,1.4792141914367676,1.5875329971313477,2.6176202297210693,5.991955757141113,4.104795455932617,3.793093204498291,0.781,0.801,0.754
200,0,het,1.64,plain,LOS+Sun+rho,gc15,4.250722885131836,3.130556583404541,2.3293871879577637,1.9000067710876465,1.550742745399475,2.628542184829712,6.353002071380615,4.4379496574401855,3.8141446113586426,0.781,0.801,0.754
200,0,hetW,1.64,W,LOS,sun4,0.12218141555786133,0.055744338780641556,0.09697176516056061,0.04809768870472908,0.07755273580551147,0.054431986063718796,0.1086779534816742,0.05151902511715889,0.08498597145080566,0.736,0.431,0.374
200,0,hetW,1.64,W,LOS,sun15,0.8856726884841919,0.5040915608406067,0.6431959271430969,0.3221965432167053,0.38125839829444885,0.6174017190933228,1.4123464822769165,0.8733879923820496,0.9687007665634155,0.736,0.431,0.374
200,0,hetW,1.64,W,LOS,gc15,0.9072598814964294,0.5070688128471375,0.6642651557922363,0.34423908591270447,0.3792760670185089,0.6280418038368225,1.6211636066436768,0.9094074368476868,1.1763585805892944,0.736,0.431,0.374
200,0,hetW,1.64,W,LOS+Sun+rho,sun4,0.11769544333219528,0.05730552226305008,0.0925731509923935,0.04525119066238403,0.07696683704853058,0.04944085702300072,0.10514314472675323,0.05284097045660019,0.08164826035499573,0.765,0.457,0.392
200,0,hetW,1.64,W,LOS+Sun+rho,sun15,0.8991965055465698,0.543382465839386,0.6372659802436829,0.33593446016311646,0.4023754894733429,0.6096540689468384,1.4366505146026611,0.9527599811553955,0.94248366355896,0.765,0.457,0.392
200,0,hetW,1.64,W,LOS+Sun+rho,gc15,0.9264572858810425,0.5669522285461426,0.6430372595787048,0.3752686381340027,0.40833914279937744,0.6145415902137756,1.6135611534118652,1.0291491746902466,1.0833512544631958,0.765,0.457,0.392
200,0,hetC,1.64,C,LOS,sun4,0.12192103266716003,0.0574980229139328,0.09724690020084381,0.04763547703623772,0.08632952719926834,0.0453619584441185,0.10999943315982819,0.05367418751120567,0.08691714704036713,0.723,0.433,0.374
200,0,hetC,1.64,C,LOS,sun15,1.5495665073394775,0.83644700050354,1.1719415187835693,0.5732857584953308,0.7784207463264465,1.0030945539474487,3.0253167152404785,1.6774511337280273,2.2659263610839844,0.723,0.433,0.374
200,0,hetC,1.64,C,LOS,gc15,1.7257416248321533,0.8544309735298157,1.3448697328567505,0.6093674302101135,0.9591605067253113,1.0183937549591064,3.9013915061950684,1.891836404800415,3.03857421875,0.723,0.433,0.374
200,0,hetC,1.64,C,LOS+Sun+rho,sun4,0.11613671481609344,0.0474969781935215,0.09687794744968414,0.04754955321550369,0.08145027607679367,0.042451098561286926,0.10245876759290695,0.0429503470659256,0.08506281673908234,0.750,0.372,0.318
200,0,hetC,1.64,C,LOS+Sun+rho,sun15,1.041321873664856,0.6493296027183533,0.7129219770431519,0.3881220817565918,0.453485369682312,0.7065369486808777,1.7527401447296143,1.174316644668579,1.137128233909607,0.750,0.372,0.318
200,0,hetC,1.64,C,LOS+Sun+rho,gc15,1.0966836214065552,0.6698464155197144,0.7529933452606201,0.4262232184410095,0.49244043231010437,0.7082551717758179,1.9610342979431152,1.2259759902954102,1.3115464448928833,0.750,0.372,0.318
200,0,s1.7W,1.70,W,LOS,sun4,0.3068646192550659,0.13517554104328156,0.2550804018974304,0.08607905358076096,0.16564472019672394,0.197105273604393,0.3038652539253235,0.1349111646413803,0.2520335614681244,0.620,0.918,0.929
200,0,s1.7W,1.70,W,LOS,sun15,1.3969438076019287,0.6461260914802551,1.1446354389190674,0.6638454794883728,0.8034599423408508,0.627636194229126,2.009124517440796,0.9340903759002686,1.6422947645187378,0.620,0.918,0.929
200,0,s1.7W,1.70,W,LOS,gc15,1.4948210716247559,0.6333566308021545,1.2542837858200073,0.6599220037460327,0.8851178288459778,0.6663275957107544,2.4332971572875977,0.9385503530502319,2.0875468254089355,0.620,0.918,0.929
200,0,s1.7W,1.70,W,LOS+Sun+rho,sun4,0.2771436274051666,0.12064194679260254,0.23038765788078308,0.12880432605743408,0.1256907731294632,0.1625318080186844,0.2770533859729767,0.12062150239944458,0.2301763892173767,0.680,0.823,0.836
200,0,s1.7W,1.70,W,LOS+Sun+rho,sun15,1.20301353931427,0.7460583448410034,0.8226265907287598,0.5861252546310425,0.4874809682369232,0.767911970615387,1.7047964334487915,1.0758355855941772,1.1647465229034424,0.680,0.823,0.836
200,0,s1.7W,1.70,W,LOS+Sun+rho,gc15,1.42124342918396,0.9385486245155334,0.872238278388977,0.7785948514938354,0.5344712138175964,0.828834593296051,2.1189002990722656,1.287348985671997,1.3876453638076782,0.680,0.823,0.836
200,0,s1.7C,1.70,C,LOS,sun4,0.43205180764198303,0.17650367319583893,0.36673474311828613,0.16920438408851624,0.23133106529712677,0.25144654512405396,0.43294966220855713,0.1767076551914215,0.36765551567077637,0.536,0.903,0.914
200,0,s1.7C,1.70,C,LOS,sun15,2.967841863632202,1.116878628730774,2.570791721343994,0.884690523147583,1.821427822113037,1.6044691801071167,4.581477642059326,1.7913734912872314,3.9405412673950195,0.536,0.903,0.914
200,0,s1.7C,1.70,C,LOS,gc15,3.163238525390625,1.0666733980178833,2.8069698810577393,0.9398777484893799,1.9202467203140259,1.7116553783416748,5.466969966888428,1.6759815216064453,4.917169570922852,0.536,0.903,0.914
200,0,s1.7C,1.70,C,LOS+Sun+rho,sun4,0.17970871925354004,0.08336278051137924,0.14652091264724731,0.07969406247138977,0.1046740785241127,0.08792465925216675,0.17345097661018372,0.0807206928730011,0.1412612646818161,0.732,0.563,0.540
200,0,s1.7C,1.70,C,LOS+Sun+rho,sun15,1.0819567441940308,0.5961403250694275,0.8030222654342651,0.5521807074546814,0.5384566783905029,0.5485021471977234,1.5852397680282593,0.9050711393356323,1.1641846895217896,0.732,0.563,0.540
200,0,s1.7C,1.70,C,LOS+Sun+rho,gc15,1.178666114807129,0.677693784236908,0.8466413021087646,0.6470208168029785,0.57274329662323,0.5619091987609863,1.756181001663208,1.0152941942214966,1.27305006980896,0.732,0.563,0.540
200,1,s0,0.00,plain,LOS,sun4,0.05086854472756386,0.018442578613758087,0.04472094401717186,0.024094941094517708,0.03370969742536545,0.017109323292970657,0.036965686827898026,0.01179406326264143,0.033648040145635605,nan,0.157,0.086
200,1,s0,0.00,plain,LOS,sun15,0.7288028597831726,0.3465791344642639,0.5860031247138977,0.2931239902973175,0.4269011318683624,0.37679362297058105,1.2707912921905518,0.6553047895431519,0.9883629083633423,nan,0.157,0.086
200,1,s0,0.00,plain,LOS,gc15,0.7276841402053833,0.3477020859718323,0.585674524307251,0.3046618103981018,0.42033541202545166,0.3747280538082123,1.3623504638671875,0.69416344165802,1.065137505531311,nan,0.157,0.086
200,1,s0,0.00,plain,LOS+Sun+rho,sun4,0.04615703597664833,0.020362529903650284,0.03832407295703888,0.02626340463757515,0.026318540796637535,0.01603497564792633,0.034916914999485016,0.014276618137955666,0.0298567246645689,nan,0.163,0.115
200,1,s0,0.00,plain,LOS+Sun+rho,sun15,1.1043038368225098,0.6450570821762085,0.7667811512947083,0.3835921287536621,0.4314962923526764,0.7868580222129822,2.1224608421325684,1.3140424489974976,1.4013967514038086,nan,0.163,0.115
200,1,s0,0.00,plain,LOS+Sun+rho,gc15,1.1732150316238403,0.6618953943252563,0.8302103281021118,0.4005938768386841,0.45932453870773315,0.8410287499427795,2.4775519371032715,1.4687058925628662,1.66400146484375,nan,0.163,0.115
200,1,s0,0.00,plain,3D,sun4,0.03545628488063812,0.01989109069108963,0.025998281314969063,0.020705878734588623,0.01844739355146885,0.013943304307758808,0.021954528987407684,0.012104188092052937,0.016418032348155975,nan,0.182,0.097
200,1,s0,0.00,plain,3D,sun15,0.7850291132926941,0.3552710711956024,0.6379150748252869,0.31981125473976135,0.45236736536026,0.41993921995162964,1.2816612720489502,0.5821079015731812,1.0435967445373535,nan,0.182,0.097
200,1,s0,0.00,plain,3D,gc15,0.8329254388809204,0.3518276512622833,0.6869035363197327,0.33531028032302856,0.44610005617141724,0.471591591835022,1.6162391901016235,0.5732972621917725,1.3927198648452759,nan,0.182,0.097
200,1,s0.5,0.50,plain,LOS,sun4,0.08134479820728302,0.032858509570360184,0.06920970976352692,0.03920918330550194,0.053570378571748734,0.027280116453766823,0.06856773793697357,0.028387296944856644,0.05815819650888443,0.866,0.279,0.216
200,1,s0.5,0.50,plain,LOS,sun15,0.9683997631072998,0.5587042570114136,0.6838650703430176,0.3742504119873047,0.4842993915081024,0.573409914970398,1.5834898948669434,1.0011522769927979,1.0541043281555176,0.866,0.279,0.216
200,1,s0.5,0.50,plain,LOS,gc15,0.9923449754714966,0.5470762252807617,0.7203699946403503,0.39469051361083984,0.5271495580673218,0.5485013127326965,1.7663708925247192,1.0174003839492798,1.2421934604644775,0.866,0.279,0.216
200,1,s0.5,0.50,plain,LOS+Sun+rho,sun4,0.07111389935016632,0.03283066302537918,0.05792265012860298,0.033059075474739075,0.04631812497973442,0.026742974296212196,0.057294055819511414,0.027497509494423866,0.04602326825261116,0.864,0.277,0.231
200,1,s0.5,0.50,plain,LOS+Sun+rho,sun15,1.1729003190994263,0.71062171459198,0.8050060868263245,0.3932437300682068,0.45455437898635864,0.8423810005187988,2.1609694957733154,1.3954124450683594,1.4122698307037354,0.864,0.277,0.231
200,1,s0.5,0.50,plain,LOS+Sun+rho,gc15,1.2365524768829346,0.7079588174819946,0.8823816776275635,0.4229142665863037,0.5328015685081482,0.8491772413253784,2.486093044281006,1.4776508808135986,1.7100785970687866,0.864,0.277,0.231
200,1,s1.7,1.70,plain,LOS,sun4,0.2138221263885498,0.09261810779571533,0.1793636828660965,0.1064678281545639,0.12611764669418335,0.07837699353694916,0.21691778302192688,0.09236380457878113,0.18319720029830933,0.640,0.659,0.671
200,1,s1.7,1.70,plain,LOS,sun15,2.4717788696289062,0.9792059063911438,2.1374247074127197,1.3685461282730103,1.7131611108779907,0.5321107506752014,4.653148174285889,1.7196695804595947,4.137076377868652,0.640,0.659,0.671
200,1,s1.7,1.70,plain,LOS,gc15,2.5148770809173584,0.9762285947799683,2.1781845092773438,1.3710615634918213,1.7306678295135498,0.6013652682304382,4.934640407562256,1.7368122339248657,4.395423412322998,0.640,0.659,0.671
200,1,s1.7,1.70,plain,LOS+Sun+rho,sun4,0.2289574295282364,0.09540536254644394,0.1937880963087082,0.12137280404567719,0.13229691982269287,0.0900728851556778,0.23290477693080902,0.09547224640846252,0.19847123324871063,0.637,0.742,0.752
200,1,s1.7,1.70,plain,LOS+Sun+rho,sun15,1.6126638650894165,0.9094792008399963,1.1523032188415527,0.7014420032501221,0.6751960515975952,1.0379782915115356,2.7189443111419678,1.5381920337677002,1.9300405979156494,0.637,0.742,0.752
200,1,s1.7,1.70,plain,LOS+Sun+rho,gc15,2.003779172897339,1.2058777809143066,1.3317525386810303,0.9137776494026184,0.7929748296737671,1.282884955406189,3.6462624073028564,2.1131584644317627,2.5043468475341797,0.637,0.742,0.752
200,1,s4.3,4.30,plain,LOS,sun4,0.9181032776832581,0.40655139088630676,0.7554754018783569,0.3710705637931824,0.5988867282867432,0.385871559381485,0.9287916421890259,0.409881591796875,0.7655308246612549,0.503,2.214,2.225
200,1,s4.3,4.30,plain,LOS,sun15,3.2097952365875244,1.0638688802719116,2.880981206893921,1.4940310716629028,2.1183128356933594,1.1389366388320923,5.17275333404541,1.7288539409637451,4.6576714515686035,0.503,2.214,2.225
200,1,s4.3,4.30,plain,LOS,gc15,3.393270254135132,1.1183204650878906,3.0510244369506836,1.5821003913879395,2.243788480758667,1.2132139205932617,6.441074371337891,2.04494309425354,5.8426899909973145,0.503,2.214,2.225
200,1,s4.3,4.30,plain,LOS+Sun+rho,sun4,0.6878888607025146,0.32775264978408813,0.5491638779640198,0.35025715827941895,0.3944742679595947,0.3061111569404602,0.6956163048744202,0.3306097090244293,0.5559223890304565,0.571,2.277,2.274
200,1,s4.3,4.30,plain,LOS+Sun+rho,sun15,6.086818218231201,4.695557117462158,3.1846725940704346,2.698150396347046,2.146757125854492,4.04570198059082,8.946887969970703,6.4869303703308105,5.176990032196045,0.571,2.277,2.274
200,1,s4.3,4.30,plain,LOS+Sun+rho,gc15,8.005943298339844,6.4573774337768555,3.5322678089141846,4.3609137535095215,2.478572130203247,4.735160827636719,11.620199203491211,8.321260452270508,6.343857765197754,0.571,2.277,2.274
200,1,het,1.46,plain,LOS,sun4,0.140747532248497,0.07373519241809845,0.10658920556306839,0.05109095573425293,0.08032547682523727,0.07915375381708145,0.13138385117053986,0.07045332342386246,0.09789242595434189,0.789,0.585,0.542
200,1,het,1.46,plain,LOS,sun15,1.3554191589355469,0.5912408828735352,1.1284246444702148,0.6538996696472168,0.8997313976287842,0.48714861273765564,2.2663302421569824,0.970535159111023,1.9250068664550781,0.789,0.585,0.542
200,1,het,1.46,plain,LOS,gc15,1.4029781818389893,0.5760788917541504,1.1882433891296387,0.6613563895225525,0.9604503512382507,0.461965948343277,2.593366861343384,1.0000742673873901,2.259955644607544,0.789,0.585,0.542
200,1,het,1.46,plain,LOS+Sun+rho,sun4,0.13391660153865814,0.06905902922153473,0.10299120098352432,0.049275875091552734,0.08482831716537476,0.06326442956924438,0.12075087428092957,0.06482896208763123,0.09098353236913681,0.777,0.547,0.507
200,1,het,1.46,plain,LOS+Sun+rho,sun15,1.4323945045471191,0.7687228322029114,1.113213062286377,0.6145584583282471,0.6791973114013672,0.8799713253974915,2.3562307357788086,1.2680944204330444,1.8266687393188477,0.777,0.547,0.507
200,1,het,1.46,plain,LOS+Sun+rho,gc15,1.6298226118087769,0.8344926238059998,1.2738091945648193,0.7026126384735107,0.8173436522483826,0.9206854701042175,2.9929018020629883,1.404090404510498,2.415588140487671,0.777,0.547,0.507
200,1,hetW,1.46,W,LOS,sun4,0.09999868273735046,0.05609491094946861,0.07342097908258438,0.041219763457775116,0.05731950327754021,0.052560508251190186,0.08906032890081406,0.05165107548236847,0.06398256123065948,0.716,0.404,0.364
200,1,hetW,1.46,W,LOS,sun15,1.2365822792053223,0.6869055032730103,0.9157256484031677,0.5901257395744324,0.648966372013092,0.5893813371658325,2.0342533588409424,1.1614633798599243,1.5128159523010254,0.716,0.404,0.364
200,1,hetW,1.46,W,LOS,gc15,1.2683875560760498,0.6894966959953308,0.944652795791626,0.6245676875114441,0.6676559448242188,0.585257887840271,2.3018670082092285,1.1785979270935059,1.7902204990386963,0.716,0.404,0.364
200,1,hetW,1.46,W,LOS+Sun+rho,sun4,0.08809297531843185,0.04991739243268967,0.0644644945859909,0.04200010001659393,0.05013106390833855,0.0408015102148056,0.07831795513629913,0.045375481247901917,0.05645599588751793,0.719,0.354,0.322
200,1,hetW,1.46,W,LOS+Sun+rho,sun15,0.9975503087043762,0.5351917743682861,0.7585605382919312,0.4883832335472107,0.5033052563667297,0.5330271124839783,1.6018191576004028,0.9277559518814087,1.1914727687835693,0.719,0.354,0.322
200,1,hetW,1.46,W,LOS+Sun+rho,gc15,1.0132052898406982,0.5269131064414978,0.781796395778656,0.5007174611091614,0.5080279111862183,0.5366066694259644,1.7488881349563599,0.930116593837738,1.3485034704208374,0.719,0.354,0.322
200,1,hetC,1.46,C,LOS,sun4,0.09338664263486862,0.05330955237150192,0.06796896457672119,0.03452950716018677,0.0567050501704216,0.050180885940790176,0.08459898829460144,0.04914611950516701,0.06087805703282356,0.758,0.369,0.333
200,1,hetC,1.46,C,LOS,sun15,1.210461974143982,0.6805049777030945,0.8892347812652588,0.4888477027416229,0.6726804375648499,0.647127091884613,1.9596030712127686,1.1535141468048096,1.417525291442871,0.758,0.369,0.333
200,1,hetC,1.46,C,LOS,gc15,1.2227981090545654,0.6662266254425049,0.9137975573539734,0.5088459849357605,0.6925786733627319,0.6325407028198242,2.1302716732025146,1.16207754611969,1.601628303527832,0.758,0.369,0.333
200,1,hetC,1.46,C,LOS+Sun+rho,sun4,0.07982483506202698,0.04160953685641289,0.061583731323480606,0.032131750136613846,0.04863520711660385,0.03739765286445618,0.06777936220169067,0.0368461050093174,0.05113879591226578,0.812,0.325,0.278
200,1,hetC,1.46,C,LOS+Sun+rho,sun15,1.0522195100784302,0.6675576567649841,0.6962045431137085,0.48491552472114563,0.4261295795440674,0.663594126701355,1.6853575706481934,1.1789989471435547,1.0263996124267578,0.812,0.325,0.278
200,1,hetC,1.46,C,LOS+Sun+rho,gc15,1.0382864475250244,0.641558051109314,0.7004157900810242,0.4897478222846985,0.43004509806632996,0.6349048614501953,1.762277603149414,1.1637755632400513,1.114715576171875,0.812,0.325,0.278
200,1,s1.7W,1.70,W,LOS,sun4,0.2138221263885498,0.09261810779571533,0.1793636828660965,0.1064678281545639,0.12611764669418335,0.07837699353694916,0.21691778302192688,0.09236380457878113,0.18319720029830933,0.640,0.659,0.671
200,1,s1.7W,1.70,W,LOS,sun15,2.4717788696289062,0.9792059063911438,2.1374247074127197,1.3685461282730103,1.7131611108779907,0.5321107506752014,4.653148174285889,1.7196695804595947,4.137076377868652,0.640,0.659,0.671
200,1,s1.7W,1.70,W,LOS,gc15,2.5148770809173584,0.9762285947799683,2.1781845092773438,1.3710615634918213,1.7306678295135498,0.6013652682304382,4.934640407562256,1.7368122339248657,4.395423412322998,0.640,0.659,0.671
200,1,s1.7W,1.70,W,LOS+Sun+rho,sun4,0.2289574295282364,0.09540536254644394,0.1937880963087082,0.12137280404567719,0.13229691982269287,0.0900728851556778,0.23290477693080902,0.09547224640846252,0.19847123324871063,0.637,0.742,0.752
200,1,s1.7W,1.70,W,LOS+Sun+rho,sun15,1.6126638650894165,0.9094792008399963,1.1523032188415527,0.7014420032501221,0.6751960515975952,1.0379782915115356,2.7189443111419678,1.5381920337677002,1.9300405979156494,0.637,0.742,0.752
200,1,s1.7W,1.70,W,LOS+Sun+rho,gc15,2.003779172897339,1.2058777809143066,1.3317525386810303,0.9137776494026184,0.7929748296737671,1.282884955406189,3.6462624073028564,2.1131584644317627,2.5043468475341797,0.637,0.742,0.752
200,1,s1.7C,1.70,C,LOS,sun4,0.2037525773048401,0.09041350334882736,0.17031653225421906,0.10364978015422821,0.11486680060625076,0.09441529214382172,0.20525112748146057,0.08940080553293228,0.17265868186950684,0.696,0.795,0.794
200,1,s1.7C,1.70,C,LOS,sun15,3.0826215744018555,1.4343711137771606,2.4616599082946777,1.2354525327682495,1.722226858139038,1.7174961566925049,5.120918273925781,2.3055105209350586,4.212916374206543,0.696,0.795,0.794
200,1,s1.7C,1.70,C,LOS,gc15,3.434448003768921,1.5371073484420776,2.8042845726013184,1.3877614736557007,1.8181700706481934,1.9776768684387207,6.223272323608398,2.610434055328369,5.251385688781738,0.696,0.795,0.794
200,1,s1.7C,1.70,C,LOS+Sun+rho,sun4,0.34533339738845825,0.16983488202095032,0.27681225538253784,0.2725007236003876,0.11222422122955322,0.12353541702032089,0.33856329321861267,0.16814064979553223,0.2712266445159912,1.000,1.344,1.323
200,1,s1.7C,1.70,C,LOS+Sun+rho,sun15,1.1973893642425537,0.5853135585784912,0.9468132257461548,0.47656452655792236,0.6370419859886169,0.6918610334396362,1.9417884349822998,0.9823721647262573,1.5254437923431396,1.000,1.344,1.323
200,1,s1.7C,1.70,C,LOS+Sun+rho,gc15,1.3455448150634766,0.6580992341041565,1.040312647819519,0.5438029766082764,0.6877374649047852,0.7737296223640442,2.479111671447754,1.0987825393676758,1.9896184206008911,1.000,1.344,1.323
200,2,s0,0.00,plain,LOS,sun4,0.05080155283212662,0.018540034070611,0.04456660896539688,0.02748754620552063,0.030837681144475937,0.01623951643705368,0.037772297859191895,0.012235229834914207,0.0341692715883255,nan,0.154,0.097
200,2,s0,0.00,plain,LOS,sun15,0.650280773639679,0.4013952314853668,0.4488798975944519,0.3082231879234314,0.2661471962928772,0.3903389275074005,1.0985170602798462,0.7457992434501648,0.6900659799575806,nan,0.154,0.097
200,2,s0,0.00,plain,LOS,gc15,0.6774021983146667,0.40992608666419983,0.4741629362106323,0.3133288621902466,0.2755430042743683,0.4107345938682556,1.2722690105438232,0.8126287460327148,0.8354097604751587,nan,0.154,0.097
200,2,s0,0.00,plain,LOS+Sun+rho,sun4,0.05038236826658249,0.023015830665826797,0.04117054492235184,0.031062541529536247,0.028234243392944336,0.01603880152106285,0.03313182666897774,0.017613058909773827,0.0249878391623497,nan,0.199,0.161
200,2,s0,0.00,plain,LOS+Sun+rho,sun15,0.6807261109352112,0.415350079536438,0.4728326201438904,0.36586642265319824,0.2869809865951538,0.3730892539024353,1.0989285707473755,0.7413665652275085,0.6977003812789917,nan,0.199,0.161
200,2,s0,0.00,plain,LOS+Sun+rho,gc15,0.696913480758667,0.4166112542152405,0.4937158226966858,0.36501622200012207,0.30034661293029785,0.38061967492103577,1.2449880838394165,0.7942967414855957,0.8234609961509705,nan,0.199,0.161
200,2,s0,0.00,plain,3D,sun4,0.03477121889591217,0.01879192143678665,0.026383083313703537,0.01914972998201847,0.019133025780320168,0.01383807323873043,0.024464309215545654,0.011677774600684643,0.019829656928777695,nan,0.179,0.105
200,2,s0,0.00,plain,3D,sun15,0.6153604984283447,0.3775581121444702,0.4205828905105591,0.3504968285560608,0.3024486303329468,0.2737760543823242,0.9390566349029541,0.6173257827758789,0.6144762635231018,nan,0.179,0.105
200,2,s0,0.00,plain,3D,gc15,0.63079434633255,0.3846217095851898,0.43100231885910034,0.3646480441093445,0.31388258934020996,0.27237460017204285,1.0538201332092285,0.6463928818702698,0.7160015106201172,nan,0.179,0.105
200,2,s0.5,0.50,plain,LOS,sun4,0.07185697555541992,0.02868470549583435,0.06081312149763107,0.029489533975720406,0.05249781534075737,0.021829117089509964,0.05892153084278107,0.022966429591178894,0.05005841329693794,0.794,0.232,0.177
200,2,s0.5,0.50,plain,LOS,sun15,0.6779399514198303,0.3550959527492523,0.5198354721069336,0.37166714668273926,0.2880813181400299,0.36632609367370605,0.9742418527603149,0.5250928997993469,0.7367712259292603,0.794,0.232,0.177
200,2,s0.5,0.50,plain,LOS,gc15,0.7226834297180176,0.3585330545902252,0.5618651509284973,0.38422685861587524,0.30292871594429016,0.40143126249313354,1.2580366134643555,0.5647151470184326,1.0056060552597046,0.794,0.232,0.177
200,2,s0.5,0.50,plain,LOS+Sun+rho,sun4,0.06794840842485428,0.029392030090093613,0.056713756173849106,0.028722599148750305,0.045851752161979675,0.024274710565805435,0.05283305048942566,0.023408660665154457,0.04370875284075737,0.795,0.273,0.210
200,2,s0.5,0.50,plain,LOS+Sun+rho,sun15,0.8785017728805542,0.466387003660202,0.6713770031929016,0.39981645345687866,0.3539453148841858,0.5619310140609741,1.3697031736373901,0.7495870590209961,1.0392435789108276,0.795,0.273,0.210
200,2,s0.5,0.50,plain,LOS+Sun+rho,gc15,0.9400739669799805,0.4689367413520813,0.7327074408531189,0.4156847596168518,0.3706638813018799,0.6167418956756592,1.7626729011535645,0.790424108505249,1.4162094593048096,0.795,0.273,0.210
200,2,s1.7,1.70,plain,LOS,sun4,0.21339166164398193,0.08925603330135345,0.17879417538642883,0.09709975123405457,0.14235131442546844,0.0837472602725029,0.21729692816734314,0.08713532984256744,0.1842423677444458,0.699,0.785,0.755
200,2,s1.7,1.70,plain,LOS,sun15,5.0426788330078125,2.1927807331085205,4.206205368041992,1.1797326803207397,3.196798801422119,2.917940139770508,7.9981231689453125,3.552220344543457,6.652142524719238,0.699,0.785,0.755
200,2,s1.7,1.70,plain,LOS,gc15,5.480093002319336,2.27349591255188,4.6661529541015625,1.3934204578399658,3.587515354156494,2.9959702491760254,9.921602249145508,4.016086578369141,8.575571060180664,0.699,0.785,0.755
200,2,s1.7,1.70,plain,LOS+Sun+rho,sun4,0.2063549906015396,0.09540516138076782,0.1678810864686966,0.08803420513868332,0.13341814279556274,0.09013713896274567,0.2057424783706665,0.09246091544628143,0.16939397156238556,0.678,0.796,0.774
200,2,s1.7,1.70,plain,LOS+Sun+rho,sun15,1.6225091218948364,0.7933143377304077,1.2888514995574951,0.5733942985534668,1.0714019536972046,0.7730662822723389,2.6043179035186768,1.3013700246810913,2.057560682296753,0.678,0.796,0.774
200,2,s1.7,1.70,plain,LOS+Sun+rho,gc15,1.828519582748413,1.009629249572754,1.3307095766067505,0.7684423923492432,1.1075823307037354,0.8485530614852905,2.9900596141815186,1.648422360420227,2.1805710792541504,0.678,0.796,0.774
200,2,s4.3,4.30,plain,LOS,sun4,1.0950740575790405,0.3790104389190674,0.9748762249946594,0.44995397329330444,0.6455267667770386,0.5146414041519165,1.0996781587600708,0.38017088174819946,0.9792608022689819,0.543,2.383,2.369
200,2,s4.3,4.30,plain,LOS,sun15,6.989109992980957,2.969207286834717,5.91143274307251,2.3840723037719727,4.217962265014648,3.850919246673584,11.205949783325195,4.538315296173096,9.697296142578125,0.543,2.383,2.369
200,2,s4.3,4.30,plain,LOS,gc15,6.946287155151367,2.8279378414154053,5.949062824249268,2.3437371253967285,4.124689102172852,3.8775641918182373,11.377829551696777,4.306397914886475,10.0029878616333,0.543,2.383,2.369
200,2,s4.3,4.30,plain,LOS+Sun+rho,sun4,0.812372624874115,0.3184489905834198,0.7013351917266846,0.34751489758491516,0.5212551951408386,0.32285523414611816,0.8133327960968018,0.3185807466506958,0.7022646069526672,0.635,2.395,2.393
200,2,s4.3,4.30,plain,LOS+Sun+rho,sun15,3.862790584564209,2.2329189777374268,2.5579299926757812,1.8128321170806885,1.88690185546875,2.0827465057373047,5.9226226806640625,3.02409029006958,4.3165283203125,0.635,2.395,2.393
200,2,s4.3,4.30,plain,LOS+Sun+rho,gc15,4.636206150054932,3.0356671810150146,2.611751079559326,2.553436517715454,1.9145314693450928,2.2648324966430664,6.955235958099365,3.8738460540771484,4.593352317810059,0.635,2.395,2.393
200,2,het,1.69,plain,LOS,sun4,0.24452504515647888,0.10766571760177612,0.19905692338943481,0.12196766585111618,0.15735751390457153,0.08501137793064117,0.2386784553527832,0.10546289384365082,0.19408686459064484,0.811,0.860,0.827
200,2,het,1.69,plain,LOS,sun15,7.898803234100342,4.531453609466553,5.907106399536133,2.488593816757202,5.231873512268066,4.240948677062988,10.752896308898926,5.983492374420166,8.197990417480469,0.811,0.860,0.827
200,2,het,1.69,plain,LOS,gc15,9.269696235656738,5.41980504989624,6.914190292358398,3.413281202316284,6.269146919250488,4.544893264770508,12.949458122253418,7.1193718910217285,9.966020584106445,0.811,0.860,0.827
200,2,het,1.69,plain,LOS+Sun+rho,sun4,0.4200255572795868,0.18020674586296082,0.3515316843986511,0.1572367250919342,0.3207516074180603,0.12507416307926178,0.42633458971977234,0.17942267656326294,0.3585895001888275,0.900,1.091,1.070
200,2,het,1.69,plain,LOS+Sun+rho,sun15,2.9715752601623535,1.7454675436019897,2.0409374237060547,1.3048295974731445,1.7590808868408203,1.3532168865203857,4.623621463775635,2.4561948776245117,3.4401676654815674,0.900,1.091,1.070
200,2,het,1.69,plain,LOS+Sun+rho,gc15,3.6828455924987793,2.2536540031433105,2.4048359394073486,1.8288137912750244,2.1186463832855225,1.5122289657592773,5.967927932739258,3.06921124458313,4.412972450256348,0.900,1.091,1.070
200,2,hetW,1.69,W,LOS,sun4,0.12532824277877808,0.04977579787373543,0.10743476450443268,0.044673435389995575,0.08939540386199951,0.050238825380802155,0.11432039737701416,0.046602748334407806,0.09742458909749985,0.689,0.402,0.371
200,2,hetW,1.69,W,LOS,sun15,1.2198467254638672,0.5765491724014282,0.9884566068649292,0.4476219117641449,0.5573243498802185,0.7958849668502808,2.1515538692474365,0.998968243598938,1.7638943195343018,0.689,0.402,0.371
200,2,hetW,1.69,W,LOS,gc15,1.3087207078933716,0.6037666201591492,1.0738654136657715,0.481942355632782,0.5840558409690857,0.8667622208595276,2.667147159576416,1.1069755554199219,2.274855613708496,0.689,0.402,0.371
200,2,hetW,1.69,W,LOS+Sun+rho,sun4,0.1236574575304985,0.0484086349606514,0.10567659139633179,0.0525641143321991,0.0833815336227417,0.04430343583226204,0.11112337559461594,0.044953979551792145,0.0943744033575058,0.737,0.414,0.394
200,2,hetW,1.69,W,LOS+Sun+rho,sun15,0.8246044516563416,0.37137964367866516,0.6782255172729492,0.366949200630188,0.3851333558559418,0.4914364218711853,1.344549298286438,0.6556298136711121,1.0790235996246338,0.737,0.414,0.394
200,2,hetW,1.69,W,LOS+Sun+rho,gc15,0.8844362497329712,0.4004054069519043,0.7242450714111328,0.39385879039764404,0.4049949049949646,0.5327368974685669,1.6704432964324951,0.7463061809539795,1.3806977272033691,0.737,0.414,0.394
200,2,hetC,1.69,C,LOS,sun4,0.12477457523345947,0.04932919889688492,0.10721077024936676,0.04011392965912819,0.09499628841876984,0.04601496458053589,0.11114974319934845,0.04452833905816078,0.09529551863670349,0.708,0.407,0.367
200,2,hetC,1.69,C,LOS,sun15,1.0503054857254028,0.4094141125679016,0.9073584079742432,0.43263888359069824,0.6281733512878418,0.5041440725326538,1.8019442558288574,0.7184958457946777,1.5593422651290894,0.708,0.407,0.367
200,2,hetC,1.69,C,LOS,gc15,1.091069221496582,0.41323399543762207,0.9532812237739563,0.43578454852104187,0.6262398958206177,0.5550045967102051,2.109999179840088,0.7798332571983337,1.8623698949813843,0.708,0.407,0.367
200,2,hetC,1.69,C,LOS+Sun+rho,sun4,0.10334619879722595,0.03943871706724167,0.08880697935819626,0.03680812940001488,0.07948372513055801,0.031121596693992615,0.08725306391716003,0.03409791365265846,0.07463757693767548,0.748,0.346,0.295
200,2,hetC,1.69,C,LOS+Sun+rho,sun15,0.7516765594482422,0.3859724998474121,0.5791605114936829,0.3971426784992218,0.3816550076007843,0.37118983268737793,1.2122554779052734,0.6672924160957336,0.9163323640823364,0.748,0.346,0.295
200,2,hetC,1.69,C,LOS+Sun+rho,gc15,0.7663900852203369,0.3846997916698456,0.597091555595398,0.40325307846069336,0.3994300365447998,0.3676857650279999,1.3983659744262695,0.7184939384460449,1.0936025381088257,0.748,0.346,0.295
200,2,s1.7W,1.70,W,LOS,sun4,0.21339166164398193,0.08925603330135345,0.17879417538642883,0.09709975123405457,0.14235131442546844,0.0837472602725029,0.21729692816734314,0.08713532984256744,0.1842423677444458,0.699,0.785,0.755
200,2,s1.7W,1.70,W,LOS,sun15,5.0426788330078125,2.1927807331085205,4.206205368041992,1.1797326803207397,3.196798801422119,2.917940139770508,7.9981231689453125,3.552220344543457,6.652142524719238,0.699,0.785,0.755
200,2,s1.7W,1.70,W,LOS,gc15,5.480093002319336,2.27349591255188,4.6661529541015625,1.3934204578399658,3.587515354156494,2.9959702491760254,9.921602249145508,4.016086578369141,8.575571060180664,0.699,0.785,0.755
200,2,s1.7W,1.70,W,LOS+Sun+rho,sun4,0.20664004981517792,0.09985438734292984,0.16542398929595947,0.09230609238147736,0.1346021294593811,0.08513237535953522,0.20475374162197113,0.0964808389544487,0.1660248041152954,0.680,0.858,0.831
200,2,s1.7W,1.70,W,LOS+Sun+rho,sun15,1.775804042816162,0.8757272362709045,1.413023591041565,0.6094907522201538,1.150850534439087,0.8872805833816528,2.9344871044158936,1.4771450757980347,2.322160005569458,0.680,0.858,0.831
200,2,s1.7W,1.70,W,LOS+Sun+rho,gc15,1.9694530963897705,1.0798656940460205,1.443763017654419,0.7897244095802307,1.1597473621368408,0.987113893032074,3.366684675216675,1.8460426330566406,2.473618507385254,0.680,0.858,0.831
200,2,s1.7C,1.70,C,LOS,sun4,0.41003355383872986,0.12350907921791077,0.36940476298332214,0.13968917727470398,0.32379087805747986,0.11440469324588776,0.41410619020462036,0.12305636703968048,0.37367087602615356,0.676,0.891,0.881
200,2,s1.7C,1.70,C,LOS,sun15,4.900857448577881,1.8784210681915283,4.265661239624023,1.1673927307128906,3.472330331802368,2.2959530353546143,7.664116382598877,2.844390392303467,6.697719573974609,0.676,0.891,0.881
200,2,s1.7C,1.70,C,LOS,gc15,5.299624443054199,1.986351490020752,4.652678489685059,1.3622456789016724,3.744433641433716,2.4143548011779785,9.018266677856445,3.1519222259521484,8.028587341308594,0.676,0.891,0.881
200,2,s1.7C,1.70,C,LOS+Sun+rho,sun4,0.28965839743614197,0.09823031723499298,0.25743797421455383,0.1058606281876564,0.21989445388317108,0.08413363993167877,0.29455649852752686,0.09727836400270462,0.263240784406662,0.738,0.755,0.753
200,2,s1.7C,1.70,C,LOS+Sun+rho,sun15,2.3583500385284424,1.361846685409546,1.7183871269226074,0.7034974098205566,1.2654404640197754,1.463194489479065,3.977118968963623,2.2883965969085693,2.9399073123931885,0.738,0.755,0.753
200,2,s1.7C,1.70,C,LOS+Sun+rho,gc15,2.5194144248962402,1.5145668983459473,1.7253029346466064,0.9385582208633423,1.276440978050232,1.4252091646194458,4.159933090209961,2.3601651191711426,3.01942777633667,0.738,0.755,0.753
500,0,s0,0.00,plain,LOS,sun4,0.05234832689166069,0.01843617856502533,0.04629764333367348,0.024896161630749702,0.035438939929008484,0.016629068180918694,0.03491050750017166,0.01145948190242052,0.03146040439605713,nan,0.170,0.091
500,0,s0,0.00,plain,LOS,sun15,0.5580368041992188,0.25201934576034546,0.45453786849975586,0.2609221041202545,0.3284628987312317,0.2623251676559448,0.9906718730926514,0.44266220927238464,0.8125981688499451,nan,0.170,0.091
500,0,s0,0.00,plain,LOS,gc15,0.5999712944030762,0.2671383023262024,0.49339109659194946,0.26875728368759155,0.3346410095691681,0.3023763597011566,1.2526501417160034,0.5252335667610168,1.052680253982544,nan,0.170,0.091
500,0,s0,0.00,plain,LOS+Sun+rho,sun4,0.054021287709474564,0.01860681176185608,0.0481833852827549,0.027268938720226288,0.035687848925590515,0.015970654785633087,0.04002592712640762,0.012112525291740894,0.03678300231695175,nan,0.169,0.104
500,0,s0,0.00,plain,LOS+Sun+rho,sun15,0.5840356945991516,0.337647944688797,0.424690306186676,0.283726304769516,0.2675434648990631,0.3285805881023407,0.9480340480804443,0.6146348714828491,0.626901388168335,nan,0.169,0.104
500,0,s0,0.00,plain,LOS+Sun+rho,gc15,0.5879692435264587,0.33382123708724976,0.4333280026912689,0.2880541682243347,0.26678600907325745,0.3321003317832947,1.055996298789978,0.6508144736289978,0.7167236804962158,nan,0.169,0.104
500,0,s0,0.00,plain,3D,sun4,0.03438199684023857,0.019198808819055557,0.025442717596888542,0.018590951338410378,0.01802235096693039,0.014980735257267952,0.02627423033118248,0.012642464600503445,0.021235737949609756,nan,0.178,0.106
500,0,s0,0.00,plain,3D,sun15,0.5629820227622986,0.35322725772857666,0.3805391490459442,0.3252839148044586,0.24310407042503357,0.28164932131767273,0.8079250454902649,0.5537819266319275,0.4972909092903137,nan,0.178,0.106
500,0,s0,0.00,plain,3D,gc15,0.5677046775817871,0.352331280708313,0.3880385458469391,0.3291688859462738,0.24775058031082153,0.2805529832839966,0.8756606578826904,0.5610387921333313,0.5627321600914001,nan,0.178,0.106
500,0,s0.5,0.50,plain,LOS,sun4,0.08882477879524231,0.02893863059580326,0.07941070944070816,0.029811417683959007,0.07073187083005905,0.024219363927841187,0.07947993278503418,0.02389971911907196,0.07193566858768463,0.828,0.232,0.177
500,0,s0.5,0.50,plain,LOS,sun15,0.7515480518341064,0.4918254017829895,0.487123042345047,0.44567546248435974,0.2886728048324585,0.3972077965736389,1.155393362045288,0.7925561666488647,0.711300790309906,0.828,0.232,0.177
500,0,s0.5,0.50,plain,LOS,gc15,0.7801977396011353,0.5051411986351013,0.5090656280517578,0.4592967927455902,0.3021114766597748,0.40348905324935913,1.2729257345199585,0.8272737860679626,0.8069111108779907,0.828,0.232,0.177
500,0,s0.5,0.50,plain,LOS+Sun+rho,sun4,0.07640860974788666,0.028015371412038803,0.06621192395687103,0.02762456052005291,0.055277399718761444,0.027322059497237206,0.0645403116941452,0.02222529612481594,0.05679066479206085,0.837,0.223,0.163
500,0,s0.5,0.50,plain,LOS+Sun+rho,sun15,0.7153167724609375,0.43630316853523254,0.5006700754165649,0.43243172764778137,0.29368314146995544,0.3545801043510437,1.1153063774108887,0.7209669351577759,0.7409586310386658,0.837,0.223,0.163
500,0,s0.5,0.50,plain,LOS+Sun+rho,gc15,0.7098691463470459,0.4234061539173126,0.5046625733375549,0.4263163208961487,0.29263168573379517,0.3516286015510559,1.1850248575210571,0.7176660299301147,0.8085630536079407,0.837,0.223,0.163
500,0,s1.7,1.70,plain,LOS,sun4,0.16693522036075592,0.06379210948944092,0.1446535587310791,0.056696247309446335,0.1155661791563034,0.07574991881847382,0.16220125555992126,0.061931729316711426,0.1405917853116989,0.753,0.527,0.507
500,0,s1.7,1.70,plain,LOS,sun15,1.7761411666870117,0.8147383332252502,1.4303476810455322,0.7078821063041687,1.1577270030975342,0.8266788721084595,2.7996487617492676,1.3345162868499756,2.2467169761657715,0.753,0.527,0.507
500,0,s1.7,1.70,plain,LOS,gc15,1.910538673400879,0.8394491076469421,1.5724338293075562,0.7461045980453491,1.2714241743087769,0.8764499425888062,3.3072845935821533,1.454646110534668,2.7484021186828613,0.753,0.527,0.507
500,0,s1.7,1.70,plain,LOS+Sun+rho,sun4,0.12046049535274506,0.05072888731956482,0.10087248682975769,0.03685507923364639,0.07817458361387253,0.06201719492673874,0.11328694224357605,0.04753981903195381,0.09485456347465515,0.780,0.442,0.412
500,0,s1.7,1.70,plain,LOS+Sun+rho,sun15,1.0267342329025269,0.5884820222854614,0.7375930547714233,0.4982983469963074,0.5257170796394348,0.5697138905525208,1.5604932308197021,0.9356376528739929,1.1094131469726562,0.780,0.442,0.412
500,0,s1.7,1.70,plain,LOS+Sun+rho,gc15,1.132479190826416,0.6608222723007202,0.7980873584747314,0.5747019648551941,0.5808241963386536,0.5999340415000916,1.925824522972107,1.0855140686035156,1.4121806621551514,0.780,0.442,0.412
500,0,s4.3,4.30,plain,LOS,sun4,0.5148396492004395,0.22382314503192902,0.4256027340888977,0.2674468159675598,0.3244117796421051,0.18563614785671234,0.5157570838928223,0.22497442364692688,0.42610660195350647,0.727,1.610,1.596
500,0,s4.3,4.30,plain,LOS,sun15,4.1814422607421875,1.8405629396438599,3.461021661758423,1.9955947399139404,2.5823545455932617,1.6400049924850464,6.449802875518799,2.771911382675171,5.432031154632568,0.727,1.610,1.596
500,0,s4.3,4.30,plain,LOS,gc15,4.651796340942383,2.1587984561920166,3.7199888229370117,2.396688222885132,2.793444871902466,1.664404273033142,8.115793228149414,3.406503915786743,6.860243797302246,0.727,1.610,1.596
500,0,s4.3,4.30,plain,LOS+Sun+rho,sun4,0.3222811222076416,0.1496170461177826,0.26206350326538086,0.17227251827716827,0.18376144766807556,0.10807225108146667,0.3163910210132599,0.14885342121124268,0.256295770406723,0.798,1.084,1.043
500,0,s4.3,4.30,plain,LOS+Sun+rho,sun15,5.081754207611084,2.7668912410736084,3.8799960613250732,1.9885878562927246,2.0726609230041504,3.5031285285949707,8.719467163085938,5.168120384216309,6.385572910308838,0.798,1.084,1.043
500,0,s4.3,4.30,plain,LOS+Sun+rho,gc15,5.411029815673828,2.8659675121307373,4.151854991912842,2.113023519515991,2.1499998569488525,3.7569620609283447,10.302435874938965,5.4904937744140625,7.747180461883545,0.798,1.084,1.043
500,0,het,1.69,plain,LOS,sun4,0.15640856325626373,0.06352637708187103,0.13104091584682465,0.06373316049575806,0.09389813989400864,0.07493800669908524,0.15340331196784973,0.06124555692076683,0.128671333193779,0.893,0.557,0.532
500,0,het,1.69,plain,LOS,sun15,5.45860481262207,1.7186802625656128,4.918238639831543,3.0065689086914062,3.610015392303467,1.6266332864761353,11.09736442565918,2.882906198501587,10.29737377166748,0.893,0.557,0.532
500,0,het,1.69,plain,LOS,gc15,5.756165981292725,1.787094235420227,5.185678482055664,3.1246213912963867,3.808239698410034,1.6583607196807861,13.01142692565918,3.2368059158325195,12.071971893310547,0.893,0.557,0.532
500,0,het,1.69,plain,LOS+Sun+rho,sun4,0.10747922956943512,0.04606814309954643,0.0893242210149765,0.030634133145213127,0.07717205584049225,0.047393232583999634,0.09309098869562149,0.041346192359924316,0.07622572034597397,0.948,0.395,0.331
500,0,het,1.69,plain,LOS+Sun+rho,sun15,0.9902046918869019,0.5972580313682556,0.7134690284729004,0.33747005462646484,0.48168936371803284,0.6674383282661438,1.597697138786316,1.0016398429870605,1.1110197305679321,0.948,0.395,0.331
500,0,het,1.69,plain,LOS+Sun+rho,gc15,1.0270483493804932,0.6388851404190063,0.7137276530265808,0.39538395404815674,0.47522011399269104,0.6798057556152344,1.736459493637085,1.1059621572494507,1.1781708002090454,0.948,0.395,0.331
500,0,hetW,1.69,W,LOS,sun4,0.08346442878246307,0.03222348913550377,0.07172176986932755,0.02520286664366722,0.06400157511234283,0.031431932002305984,0.06891088932752609,0.02768741548061371,0.058778759092092514,0.836,0.273,0.216
500,0,hetW,1.69,W,LOS,sun15,0.5381935834884644,0.3276413381099701,0.38286662101745605,0.2791389226913452,0.2673678398132324,0.2868637144565582,0.7521612644195557,0.4498617351055145,0.5468811988830566,0.836,0.273,0.216
500,0,hetW,1.69,W,LOS,gc15,0.5470526814460754,0.3218718469142914,0.395893931388855,0.2783578038215637,0.2629010081291199,0.3000265061855316,0.8365098834037781,0.44418200850486755,0.6406377553939819,0.836,0.273,0.216
500,0,hetW,1.69,W,LOS+Sun+rho,sun4,0.08246707916259766,0.03145914152264595,0.07138024270534515,0.027479924261569977,0.06265191733837128,0.029116390272974968,0.06875137239694595,0.02610090933740139,0.05961745232343674,0.860,0.265,0.202
500,0,hetW,1.69,W,LOS+Sun+rho,sun15,0.5526365637779236,0.23805676400661469,0.4568279981613159,0.28285694122314453,0.36452174186706543,0.15452799201011658,0.7575861215591431,0.320859432220459,0.6275516748428345,0.860,0.265,0.202
500,0,hetW,1.69,W,LOS+Sun+rho,gc15,0.5712644457817078,0.26042264699935913,0.45716917514801025,0.3052384555339813,0.3582770824432373,0.16398531198501587,0.8370473384857178,0.3536681532859802,0.6889492273330688,0.860,0.265,0.202
500,0,hetC,1.69,C,LOS,sun4,0.07845478504896164,0.031005339697003365,0.06678073853254318,0.02893148362636566,0.058098677545785904,0.028573041781783104,0.06307311356067657,0.02619413658976555,0.052957721054553986,0.832,0.271,0.215
500,0,hetC,1.69,C,LOS,sun15,0.8486330509185791,0.36314693093299866,0.7108719944953918,0.3797976076602936,0.6001882553100586,0.2503526210784912,1.246157169342041,0.48904454708099365,1.0759608745574951,0.832,0.271,0.215
500,0,hetC,1.69,C,LOS,gc15,0.884212851524353,0.3614961504936218,0.7517200708389282,0.38425755500793457,0.6279662251472473,0.2725731134414673,1.4345943927764893,0.529257595539093,1.2644634246826172,0.832,0.271,0.215
500,0,hetC,1.69,C,LOS+Sun+rho,sun4,0.08594566583633423,0.030481167137622833,0.07550869882106781,0.02712729200720787,0.06716349720954895,0.029808130115270615,0.07063698768615723,0.025732841342687607,0.06203112751245499,0.842,0.255,0.200
500,0,hetC,1.69,C,LOS+Sun+rho,sun15,0.5209407210350037,0.247792586684227,0.41636234521865845,0.3055189251899719,0.31029820442199707,0.15591435134410858,0.6419762372970581,0.3120611608028412,0.5084066987037659,0.842,0.255,0.200
500,0,hetC,1.69,C,LOS+Sun+rho,gc15,0.532402753829956,0.25115060806274414,0.4275696873664856,0.31159278750419617,0.3103479743003845,0.17004966735839844,0.755314826965332,0.3397960662841797,0.6194597482681274,0.842,0.255,0.200
500,0,s1.7W,1.70,W,LOS,sun4,0.16693522036075592,0.06379210948944092,0.1446535587310791,0.056696247309446335,0.1155661791563034,0.07574991881847382,0.16220125555992126,0.061931729316711426,0.1405917853116989,0.753,0.527,0.507
500,0,s1.7W,1.70,W,LOS,sun15,1.7761411666870117,0.8147383332252502,1.4303476810455322,0.7078821063041687,1.1577270030975342,0.8266788721084595,2.7996487617492676,1.3345162868499756,2.2467169761657715,0.753,0.527,0.507
500,0,s1.7W,1.70,W,LOS,gc15,1.910538673400879,0.8394491076469421,1.5724338293075562,0.7461045980453491,1.2714241743087769,0.8764499425888062,3.3072845935821533,1.454646110534668,2.7484021186828613,0.753,0.527,0.507
500,0,s1.7W,1.70,W,LOS+Sun+rho,sun4,0.12046049535274506,0.05072888731956482,0.10087248682975769,0.03685507923364639,0.07817458361387253,0.06201719492673874,0.11328694224357605,0.04753981903195381,0.09485456347465515,0.780,0.442,0.412
500,0,s1.7W,1.70,W,LOS+Sun+rho,sun15,1.0267342329025269,0.5884820222854614,0.7375930547714233,0.4982983469963074,0.5257170796394348,0.5697138905525208,1.5604932308197021,0.9356376528739929,1.1094131469726562,0.780,0.442,0.412
500,0,s1.7W,1.70,W,LOS+Sun+rho,gc15,1.132479190826416,0.6608222723007202,0.7980873584747314,0.5747019648551941,0.5808241963386536,0.5999340415000916,1.925824522972107,1.0855140686035156,1.4121806621551514,0.780,0.442,0.412
500,0,s1.7C,1.70,C,LOS,sun4,0.15365760028362274,0.05707237869501114,0.13317425549030304,0.052729710936546326,0.10638783872127533,0.07102370262145996,0.14995954930782318,0.053907133638858795,0.1311805099248886,0.765,0.453,0.425
500,0,s1.7C,1.70,C,LOS,sun15,1.403275966644287,0.586445152759552,1.180306077003479,0.5321934223175049,0.8275442123413086,0.7251281142234802,2.3069114685058594,0.9559774994850159,1.949252724647522,0.765,0.453,0.425
500,0,s1.7C,1.70,C,LOS,gc15,1.4796550273895264,0.6277598142623901,1.2307792901992798,0.5947103500366211,0.8531211018562317,0.750373363494873,2.5791189670562744,1.0612306594848633,2.170421600341797,0.765,0.453,0.425
500,0,s1.7C,1.70,C,LOS+Sun+rho,sun4,0.10214191675186157,0.04445171356201172,0.08470110595226288,0.036812711507081985,0.06518804281949997,0.053063154220581055,0.09397316724061966,0.04109527915716171,0.07792162895202637,0.796,0.405,0.371
500,0,s1.7C,1.70,C,LOS+Sun+rho,sun15,0.8049831986427307,0.4330021142959595,0.6013377904891968,0.42295247316360474,0.406225323677063,0.4033009111881256,1.22031569480896,0.7038785219192505,0.8877406716346741,0.796,0.405,0.371
500,0,s1.7C,1.70,C,LOS+Sun+rho,gc15,0.8546709418296814,0.462540864944458,0.6356569528579712,0.44858527183532715,0.43455082178115845,0.4235561490058899,1.4682084321975708,0.8043954372406006,1.090847373008728,0.796,0.405,0.371
500,1,s0,0.00,plain,LOS,sun4,0.04610119014978409,0.016976669430732727,0.04020833969116211,0.021347152069211006,0.02989090047776699,0.017087073996663094,0.027805505320429802,0.008832680061459541,0.02517245151102543,nan,0.144,0.070
500,1,s0,0.00,plain,LOS,sun15,0.5023727416992188,0.2963329553604126,0.35849374532699585,0.3037472367286682,0.22305908799171448,0.23398754000663757,0.7245845198631287,0.4822152853012085,0.4639977216720581,nan,0.144,0.070
500,1,s0,0.00,plain,LOS,gc15,0.5047256350517273,0.2982897162437439,0.3561374247074127,0.3104780614376068,0.2241828888654709,0.22771376371383667,0.7782729864120483,0.512411892414093,0.4884823262691498,nan,0.144,0.070
500,1,s0,0.00,plain,LOS+Sun+rho,sun4,0.043801866471767426,0.01729889214038849,0.03730214387178421,0.021597344428300858,0.027409721165895462,0.015915390104055405,0.025618677958846092,0.009716831147670746,0.02234596386551857,nan,0.145,0.080
500,1,s0,0.00,plain,LOS+Sun+rho,sun15,0.5889782905578613,0.3428741991519928,0.42374706268310547,0.32993394136428833,0.27081161737442017,0.30312618613243103,0.8997620344161987,0.6046115756034851,0.5736606121063232,nan,0.145,0.080
500,1,s0,0.00,plain,LOS+Sun+rho,gc15,0.5929389595985413,0.33935460448265076,0.4300329089164734,0.3313157558441162,0.2809317409992218,0.29380887746810913,1.0017472505569458,0.6360027194023132,0.6579710841178894,nan,0.145,0.080
500,1,s0,0.00,plain,3D,sun4,0.034462086856365204,0.018980327993631363,0.02548053488135338,0.01950911618769169,0.01846083626151085,0.013758661225438118,0.02231324464082718,0.011086520738899708,0.017609452828764915,nan,0.175,0.099
500,1,s0,0.00,plain,3D,sun15,0.5786721706390381,0.29452306032180786,0.4508324861526489,0.2775614559650421,0.2901758551597595,0.3061850070953369,0.871972918510437,0.41706424951553345,0.6904985904693604,nan,0.175,0.099
500,1,s0,0.00,plain,3D,gc15,0.6201496124267578,0.29259464144706726,0.49699851870536804,0.28499820828437805,0.2989689111709595,0.35048606991767883,1.1434036493301392,0.43327635526657104,0.9722468852996826,nan,0.175,0.099
500,1,s0.5,0.50,plain,LOS,sun4,0.05967026948928833,0.024745147675275803,0.050468090921640396,0.02891383320093155,0.037286482751369476,0.02176872454583645,0.04316042363643646,0.01863621547818184,0.03622201830148697,0.837,0.219,0.168
500,1,s0.5,0.50,plain,LOS,sun15,0.963516354560852,0.47793206572532654,0.7577008008956909,0.4031732976436615,0.4720807671546936,0.5697363615036011,1.7677823305130005,0.8955158591270447,1.3765370845794678,0.837,0.219,0.168
500,1,s0.5,0.50,plain,LOS,gc15,1.0898898839950562,0.5087029933929443,0.8857113122940063,0.4212283194065094,0.5308881998062134,0.6798461675643921,2.4516072273254395,1.0997695922851562,2.032080888748169,0.837,0.219,0.168
500,1,s0.5,0.50,plain,LOS+Sun+rho,sun4,0.05954830348491669,0.024911578744649887,0.049761779606342316,0.028975969180464745,0.0356578454375267,0.02415952831506729,0.0457809716463089,0.018917303532361984,0.038652390241622925,0.804,0.201,0.157
500,1,s0.5,0.50,plain,LOS+Sun+rho,sun15,0.922836422920227,0.48553675413131714,0.6993661522865295,0.3737786114215851,0.4023231267929077,0.596804141998291,1.5909348726272583,0.9159951210021973,1.1389797925949097,0.804,0.201,0.157
500,1,s0.5,0.50,plain,LOS+Sun+rho,gc15,1.0149145126342773,0.5290051698684692,0.76849365234375,0.40009424090385437,0.43830564618110657,0.6638694405555725,1.9764070510864258,1.066737413406372,1.4631590843200684,0.804,0.201,0.157
500,1,s1.7,1.70,plain,LOS,sun4,0.17664048075675964,0.07457656413316727,0.1491980403661728,0.06107287108898163,0.11258359253406525,0.08806664496660233,0.1733219176530838,0.07222392410039902,0.14719730615615845,0.738,0.630,0.598
500,1,s1.7,1.70,plain,LOS,sun15,4.974239349365234,2.9615354537963867,3.4136061668395996,1.3389480113983154,2.132441282272339,3.586081027984619,8.008926391601562,4.762260437011719,5.511991500854492,0.738,0.630,0.598
500,1,s1.7,1.70,plain,LOS,gc15,5.174599647521973,2.9046521186828613,3.728794813156128,1.5183377265930176,2.19520902633667,3.7068371772766113,9.191568374633789,4.798553466796875,6.903608322143555,0.738,0.630,0.598
500,1,s1.7,1.70,plain,LOS+Sun+rho,sun4,0.17058338224887848,0.07116299867630005,0.14461225271224976,0.060602135956287384,0.11196105927228928,0.0768779069185257,0.16724525392055511,0.06849735975265503,0.14271610975265503,0.745,0.620,0.593
500,1,s1.7,1.70,plain,LOS+Sun+rho,sun15,1.828669548034668,1.210348129272461,1.2006871700286865,0.8511886596679688,0.7450845241546631,1.191230058670044,2.8874361515045166,1.8586171865463257,1.9789857864379883,0.745,0.620,0.593
500,1,s1.7,1.70,plain,LOS+Sun+rho,gc15,2.2180299758911133,1.5261954069137573,1.3351101875305176,1.1806153059005737,0.8375903367996216,1.3132154941558838,3.629974842071533,2.264516830444336,2.436004638671875,0.745,0.620,0.593
500,1,s4.3,4.30,plain,LOS,sun4,0.605815052986145,0.2521362602710724,0.5100696086883545,0.21532580256462097,0.3754829466342926,0.29988500475883484,0.6043527722358704,0.25241804122924805,0.5086692571640015,0.594,1.794,1.786
500,1,s4.3,4.30,plain,LOS,sun15,2.4627392292022705,0.8570103645324707,2.195608139038086,0.9486322999000549,1.7170013189315796,0.9533366560935974,4.232719421386719,1.3130171298980713,3.867260456085205,0.594,1.794,1.786
500,1,s4.3,4.30,plain,LOS,gc15,2.4878146648406982,0.8926809430122375,2.2076547145843506,0.9330880045890808,1.7198894023895264,1.019256591796875,4.530291557312012,1.4702231884002686,4.118274211883545,0.594,1.794,1.786
500,1,s4.3,4.30,plain,LOS+Sun+rho,sun4,0.4936687648296356,0.19223958253860474,0.4285266697406769,0.15583938360214233,0.2991834878921509,0.2623928189277649,0.49532952904701233,0.19336965680122375,0.4299886226654053,0.662,1.588,1.587
500,1,s4.3,4.30,plain,LOS+Sun+rho,sun15,1.8774168491363525,1.229758620262146,1.2009685039520264,0.9690203070640564,0.7830184698104858,1.081646203994751,2.6071910858154297,1.6243000030517578,1.752828598022461,0.662,1.588,1.587
500,1,s4.3,4.30,plain,LOS+Sun+rho,gc15,2.3559818267822266,1.6680384874343872,1.2926452159881592,1.4097063541412354,0.8791763186454773,1.1769647598266602,3.3674700260162354,2.139516592025757,2.1118993759155273,0.662,1.588,1.587
500,1,het,1.68,plain,LOS,sun4,0.1751980185508728,0.06813646107912064,0.15107010304927826,0.08436259627342224,0.10406379401683807,0.07778617739677429,0.16567295789718628,0.06551188975572586,0.1427379846572876,0.911,0.529,0.517
500,1,het,1.68,plain,LOS,sun15,3.39738392829895,1.420098066329956,2.862255334854126,1.2064380645751953,2.1517605781555176,1.821824073791504,5.736638069152832,2.3931941986083984,4.8532490730285645,0.911,0.529,0.517
500,1,het,1.68,plain,LOS,gc15,3.7960989475250244,1.5618505477905273,3.24246883392334,1.3446693420410156,2.3724606037139893,2.1066858768463135,8.489336013793945,3.440032720565796,7.370804786682129,0.911,0.529,0.517
500,1,het,1.68,plain,LOS+Sun+rho,sun4,0.12206389009952545,0.0516330860555172,0.1021440178155899,0.050569258630275726,0.07262971252202988,0.05893825367093086,0.11173895001411438,0.04778839647769928,0.09314912557601929,0.859,0.405,0.381
500,1,het,1.68,plain,LOS+Sun+rho,sun15,1.1740931272506714,0.6697520017623901,0.87959223985672,0.4967159032821655,0.544706404209137,0.7407428622245789,1.8599809408187866,1.1382266283035278,1.343864917755127,0.859,0.405,0.381
500,1,het,1.68,plain,LOS+Sun+rho,gc15,1.3153488636016846,0.7940317392349243,0.9329684972763062,0.6142579317092896,0.5733810663223267,0.8033959865570068,2.1853535175323486,1.356011152267456,1.5292510986328125,0.859,0.405,0.381
500,1,hetW,1.68,W,LOS,sun4,0.07080654799938202,0.030866412445902824,0.05813641846179962,0.027610618621110916,0.04822990670800209,0.02749081701040268,0.053813256323337555,0.0247636791318655,0.04328025132417679,0.810,0.252,0.201
500,1,hetW,1.68,W,LOS,sun15,1.0408381223678589,0.4752523899078369,0.8546290397644043,0.486263632774353,0.6450734734535217,0.41703641414642334,1.7675487995147705,0.860389769077301,1.426517367362976,0.810,0.252,0.201
500,1,hetW,1.68,W,LOS,gc15,1.0956109762191772,0.5010595321655273,0.9081874489784241,0.5190915465354919,0.6926449537277222,0.41264745593070984,2.2037887573242188,1.0642093420028687,1.8190068006515503,0.810,0.252,0.201
500,1,hetW,1.68,W,LOS+Sun+rho,sun4,0.075465127825737,0.03294837474822998,0.062417007982730865,0.03583977743983269,0.046341076493263245,0.0301241185516119,0.06047035753726959,0.028032809495925903,0.04923492297530174,0.810,0.272,0.234
500,1,hetW,1.68,W,LOS+Sun+rho,sun15,0.9159618020057678,0.478702187538147,0.7133550047874451,0.3408091068267822,0.5045751333236694,0.5425540804862976,1.5244481563568115,0.9022168517112732,1.1151500940322876,0.810,0.272,0.234
500,1,hetW,1.68,W,LOS+Sun+rho,gc15,0.9568629264831543,0.4834807813167572,0.7580521702766418,0.3512739837169647,0.5402894616127014,0.5506259202957153,1.7422993183135986,0.9550192356109619,1.3253364562988281,0.810,0.272,0.234
500,1,hetC,1.68,C,LOS,sun4,0.07542546093463898,0.03132234886288643,0.06367307901382446,0.036074329167604446,0.0461033433675766,0.030212540179491043,0.06043408811092377,0.026618916541337967,0.050275854766368866,0.828,0.258,0.222
500,1,hetC,1.68,C,LOS,sun15,1.0980134010314941,0.45135781168937683,0.9257770776748657,0.4458089768886566,0.6844357252120972,0.48319223523139954,1.9343148469924927,0.8480702042579651,1.6108899116516113,0.828,0.258,0.222
500,1,hetC,1.68,C,LOS,gc15,1.124402403831482,0.44974443316459656,0.9644709825515747,0.4663189649581909,0.6933126449584961,0.4957844316959381,2.239630699157715,0.9393264055252075,1.92408287525177,0.828,0.258,0.222
500,1,hetC,1.68,C,LOS+Sun+rho,sun4,0.07369710505008698,0.032507434487342834,0.06038706377148628,0.03338249772787094,0.047897279262542725,0.026683203876018524,0.05668393149971962,0.02713167294859886,0.04532180353999138,0.819,0.254,0.207
500,1,hetC,1.68,C,LOS+Sun+rho,sun15,0.7702533602714539,0.40471935272216797,0.5903096199035645,0.3086088299751282,0.4045744240283966,0.4463101327419281,1.249251127243042,0.7458052635192871,0.8895694017410278,0.819,0.254,0.207
500,1,hetC,1.68,C,LOS+Sun+rho,gc15,0.77739417552948,0.40869027376174927,0.599851131439209,0.31803297996520996,0.40928658843040466,0.45009610056877136,1.376624345779419,0.8081583380699158,1.0046395063400269,0.819,0.254,0.207
500,1,s1.7W,1.70,W,LOS,sun4,0.17664048075675964,0.07457656413316727,0.1491980403661728,0.06107287108898163,0.11258359253406525,0.08806664496660233,0.1733219176530838,0.07222392410039902,0.14719730615615845,0.738,0.630,0.598
500,1,s1.7W,1.70,W,LOS,sun15,4.974239349365234,2.9615354537963867,3.4136061668395996,1.3389480113983154,2.132441282272339,3.586081027984619,8.008926391601562,4.762260437011719,5.511991500854492,0.738,0.630,0.598
500,1,s1.7W,1.70,W,LOS,gc15,5.174599647521973,2.9046521186828613,3.728794813156128,1.5183377265930176,2.19520902633667,3.7068371772766113,9.191568374633789,4.798553466796875,6.903608322143555,0.738,0.630,0.598
500,1,s1.7W,1.70,W,LOS+Sun+rho,sun4,0.17058338224887848,0.07116299867630005,0.14461225271224976,0.060602135956287384,0.11196105927228928,0.0768779069185257,0.16724525392055511,0.06849735975265503,0.14271610975265503,0.745,0.620,0.593
500,1,s1.7W,1.70,W,LOS+Sun+rho,sun15,1.828669548034668,1.210348129272461,1.2006871700286865,0.8511886596679688,0.7450845241546631,1.191230058670044,2.8874361515045166,1.8586171865463257,1.9789857864379883,0.745,0.620,0.593
500,1,s1.7W,1.70,W,LOS+Sun+rho,gc15,2.2180299758911133,1.5261954069137573,1.3351101875305176,1.1806153059005737,0.8375903367996216,1.3132154941558838,3.629974842071533,2.264516830444336,2.436004638671875,0.745,0.620,0.593
500,1,s1.7C,1.70,C,LOS,sun4,0.11711639165878296,0.05135557800531387,0.09462936967611313,0.0388018935918808,0.08053528517484665,0.04814121127128601,0.1095367893576622,0.04750208184123039,0.08871380984783173,0.763,0.424,0.385
500,1,s1.7C,1.70,C,LOS,sun15,5.599565505981445,3.744046211242676,3.5264179706573486,1.4351270198822021,1.6215791702270508,4.628567218780518,8.732287406921387,5.836421966552734,5.497040748596191,0.763,0.424,0.385
500,1,s1.7C,1.70,C,LOS,gc15,5.95728063583374,3.7821640968322754,3.942028522491455,1.6168744564056396,1.7062339782714844,4.9113850593566895,10.909619331359863,6.226473331451416,7.661759376525879,0.763,0.424,0.385
500,1,s1.7C,1.70,C,LOS+Sun+rho,sun4,0.09616522490978241,0.043639421463012695,0.07775726169347763,0.03657837584614754,0.06221036985516548,0.04176488518714905,0.0875098928809166,0.03901410102844238,0.07100001722574234,0.780,0.372,0.329
500,1,s1.7C,1.70,C,LOS+Sun+rho,sun15,1.1584312915802002,0.749427318572998,0.7310339212417603,0.5534549951553345,0.43060407042503357,0.7700199484825134,1.7016193866729736,1.1658827066421509,1.0460823774337769,0.780,0.372,0.329
500,1,s1.7C,1.70,C,LOS+Sun+rho,gc15,1.3675382137298584,0.939497709274292,0.7727283835411072,0.7565385699272156,0.46179071068763733,0.8131251335144043,2.1108758449554443,1.4107493162155151,1.27993643283844,0.780,0.372,0.329
500,2,s0,0.00,plain,LOS,sun4,0.047359466552734375,0.018322134390473366,0.04101911187171936,0.023536240682005882,0.027532387524843216,0.02013304829597473,0.035219062119722366,0.012533465400338173,0.0314398854970932,nan,0.159,0.104
500,2,s0,0.00,plain,LOS,sun15,0.48159271478652954,0.25657641887664795,0.36440229415893555,0.25586920976638794,0.22701042890548706,0.24882616102695465,0.805507481098175,0.46169236302375793,0.5916904211044312,nan,0.159,0.104
500,2,s0,0.00,plain,LOS,gc15,0.5096290707588196,0.2724461853504181,0.3842191696166992,0.26633769273757935,0.2271171510219574,0.2758145332336426,0.9795887470245361,0.5336852669715881,0.7329887747764587,nan,0.159,0.104
500,2,s0,0.00,plain,LOS+Sun+rho,sun4,0.04665813595056534,0.020253527909517288,0.038931455463171005,0.031052401289343834,0.02141159400343895,0.016432862728834152,0.03845905512571335,0.015021596103906631,0.033378228545188904,nan,0.178,0.128
500,2,s0,0.00,plain,LOS+Sun+rho,sun15,0.5690016150474548,0.3288029730319977,0.4175669550895691,0.2884862422943115,0.2686060667037964,0.30205392837524414,0.9422622919082642,0.5954577922821045,0.6431580781936646,nan,0.178,0.128
500,2,s0,0.00,plain,LOS+Sun+rho,gc15,0.5866775512695312,0.3339354991912842,0.4353013336658478,0.29165881872177124,0.2803347408771515,0.31683963537216187,1.098176121711731,0.660270631313324,0.7704144716262817,nan,0.178,0.128
500,2,s0,0.00,plain,3D,sun4,0.03480338677763939,0.019070569425821304,0.026056502014398575,0.017839502543210983,0.020320702344179153,0.013786129653453827,0.02372838743031025,0.011831727810204029,0.01879778318107128,nan,0.168,0.098
500,2,s0,0.00,plain,3D,sun15,0.6286327838897705,0.40115779638290405,0.4147840440273285,0.36203277111053467,0.2749655246734619,0.3028419315814972,0.9650984406471252,0.6783866882324219,0.5815306305885315,nan,0.168,0.098
500,2,s0,0.00,plain,3D,gc15,0.6380327343940735,0.4088418781757355,0.42040324211120605,0.3747464716434479,0.2861800491809845,0.2943648099899292,1.0251071453094482,0.6956371068954468,0.6259571313858032,nan,0.168,0.098
500,2,s0.5,0.50,plain,LOS,sun4,0.05790424346923828,0.024645328521728516,0.04853268340229988,0.028651749715209007,0.036595188081264496,0.02019856870174408,0.040906235575675964,0.018886428326368332,0.03358246386051178,0.856,0.204,0.151
500,2,s0.5,0.50,plain,LOS,sun15,0.8857839107513428,0.42639702558517456,0.6969742774963379,0.3849441111087799,0.4422207474708557,0.5139127969741821,1.6011533737182617,0.7651288509368896,1.2597943544387817,0.856,0.204,0.151
500,2,s0.5,0.50,plain,LOS,gc15,0.9599194526672363,0.45666781067848206,0.7655178904533386,0.41227948665618896,0.4883255660533905,0.5630466341972351,2.114722967147827,0.9709653258323669,1.7203197479248047,0.856,0.204,0.151
500,2,s0.5,0.50,plain,LOS+Sun+rho,sun4,0.05399420112371445,0.022669663652777672,0.04566323384642601,0.0280627254396677,0.03181593120098114,0.02002260461449623,0.04152537137269974,0.017047127708792686,0.03559716045856476,0.835,0.188,0.136
500,2,s0.5,0.50,plain,LOS+Sun+rho,sun15,0.6946132183074951,0.3448236286640167,0.5468371510505676,0.3340744972229004,0.3507271707057953,0.3673090636730194,1.1444599628448486,0.6340599060058594,0.8545071482658386,0.835,0.188,0.136
500,2,s0.5,0.50,plain,LOS+Sun+rho,gc15,0.715990424156189,0.34372079372406006,0.5766525864601135,0.3370222747325897,0.3750596046447754,0.37551093101501465,1.3691189289093018,0.7019359469413757,1.068411111831665,0.835,0.188,0.136
500,2,s1.7,1.70,plain,LOS,sun4,0.1524394005537033,0.06020532548427582,0.13099780678749084,0.04284234344959259,0.09990818053483963,0.07631746679544449,0.14378798007965088,0.05655050277709961,0.1240045428276062,0.739,0.535,0.505
500,2,s1.7,1.70,plain,LOS,sun15,0.9254667162895203,0.5967734456062317,0.6250836253166199,0.5902028679847717,0.39809608459472656,0.41283130645751953,1.311811923980713,0.7967029809951782,0.9355978965759277,0.739,0.535,0.505
500,2,s1.7,1.70,plain,LOS,gc15,0.9778589010238647,0.6233856081962585,0.6592443585395813,0.6173780560493469,0.4128647446632385,0.44348204135894775,1.5141264200210571,0.8584814071655273,1.1113454103469849,0.739,0.535,0.505
500,2,s1.7,1.70,plain,LOS+Sun+rho,sun4,0.14641526341438293,0.05907946825027466,0.1253114640712738,0.038712166249752045,0.10341323167085648,0.06919712573289871,0.13898980617523193,0.055952757596969604,0.119083933532238,0.740,0.539,0.514
500,2,s1.7,1.70,plain,LOS+Sun+rho,sun15,0.8515087366104126,0.41849449276924133,0.6607143878936768,0.44117897748947144,0.33968955278396606,0.49740704894065857,1.3482307195663452,0.7566127181053162,0.9874153733253479,0.740,0.539,0.514
500,2,s1.7,1.70,plain,LOS+Sun+rho,gc15,0.8944827914237976,0.4383154809474945,0.6845649480819702,0.4549029767513275,0.34630951285362244,0.5298774242401123,1.5106254816055298,0.8132925629615784,1.0846554040908813,0.740,0.539,0.514
500,2,s4.3,4.30,plain,LOS,sun4,0.37419700622558594,0.1765967756509781,0.29838600754737854,0.18572184443473816,0.2429170459508896,0.13862212002277374,0.3712048828601837,0.17744377255439758,0.29393285512924194,0.660,1.228,1.222
500,2,s4.3,4.30,plain,LOS,sun15,13.856752395629883,7.3036627769470215,10.80551528930664,4.298714637756348,7.324655532836914,8.843413352966309,23.653303146362305,11.931502342224121,18.87948226928711,0.660,1.228,1.222
500,2,s4.3,4.30,plain,LOS,gc15,14.303689002990723,7.469001293182373,11.1180419921875,4.5849385261535645,6.8562331199646,9.332764625549316,27.3091983795166,12.445380210876465,22.3160457611084,0.660,1.228,1.222
500,2,s4.3,4.30,plain,LOS+Sun+rho,sun4,0.5422072410583496,0.19296783208847046,0.4760863780975342,0.2662070095539093,0.33126088976860046,0.23316000401973724,0.54209303855896,0.1932162642478943,0.4758513867855072,0.631,1.560,1.550
500,2,s4.3,4.30,plain,LOS+Sun+rho,sun15,4.273076057434082,2.60042142868042,2.8333847522735596,1.8120148181915283,2.2518131732940674,2.24601411819458,6.788329124450684,3.7827887535095215,4.916319847106934,0.631,1.560,1.550
500,2,s4.3,4.30,plain,LOS+Sun+rho,gc15,4.870689392089844,3.1326074600219727,3.020742893218994,2.359649181365967,2.238006114959717,2.4271128177642822,7.897817611694336,4.420304298400879,5.607471466064453,0.631,1.560,1.550
500,2,het,1.88,plain,LOS,sun4,0.22814542055130005,0.11697650700807571,0.1747034639120102,0.11039622128009796,0.14172936975955963,0.07653243839740753,0.22655263543128967,0.1150251254439354,0.17404691874980927,0.850,0.693,0.664
500,2,het,1.88,plain,LOS,sun15,1.8839083909988403,1.0286080837249756,1.4422571659088135,0.7354316711425781,1.0756852626800537,1.0343914031982422,2.707151412963867,1.4312705993652344,2.108732223510742,0.850,0.693,0.664
500,2,het,1.88,plain,LOS,gc15,1.9616835117340088,1.0382273197174072,1.5270476341247559,0.7591713666915894,1.124518632888794,1.0842232704162598,3.179150342941284,1.5488468408584595,2.5619988441467285,0.850,0.693,0.664
500,2,het,1.88,plain,LOS+Sun+rho,sun4,0.1525554358959198,0.06821045279502869,0.12575748562812805,0.07997432351112366,0.0844300389289856,0.059054844081401825,0.1534574031829834,0.06632018089294434,0.12807972729206085,0.812,0.523,0.492
500,2,het,1.88,plain,LOS+Sun+rho,sun15,1.205622673034668,0.772930383682251,0.8026735782623291,0.5128889083862305,0.5880236625671387,0.6947391629219055,1.7223371267318726,1.1668353080749512,1.0943868160247803,0.812,0.523,0.492
500,2,het,1.88,plain,LOS+Sun+rho,gc15,1.3218817710876465,0.8992676734924316,0.817878782749176,0.6592090725898743,0.6247570514678955,0.6931692361831665,1.8645961284637451,1.29564368724823,1.1365211009979248,0.812,0.523,0.492
500,2,hetW,1.88,W,LOS,sun4,0.06607278436422348,0.03516918793320656,0.04966272786259651,0.02658892050385475,0.04207221046090126,0.02997535653412342,0.05663568153977394,0.02972956746816635,0.04353255406022072,0.738,0.307,0.250
500,2,hetW,1.88,W,LOS,sun15,1.0267670154571533,0.4934423863887787,0.8175591230392456,0.4024357497692108,0.6004139184951782,0.5755397081375122,1.7162590026855469,0.8904691934585571,1.3405449390411377,0.738,0.307,0.250
500,2,hetW,1.88,W,LOS,gc15,1.0953904390335083,0.4956030249595642,0.8888630867004395,0.4162681996822357,0.6656439304351807,0.58714759349823,2.012053966522217,0.9895876049995422,1.6006348133087158,0.738,0.307,0.250
500,2,hetW,1.88,W,LOS+Sun+rho,sun4,0.06193758547306061,0.03294776380062103,0.046364981681108475,0.028831232339143753,0.0386606827378273,0.025028591975569725,0.04566815495491028,0.026670970022678375,0.0324024073779583,0.738,0.284,0.226
500,2,hetW,1.88,W,LOS+Sun+rho,sun15,0.73787522315979,0.4005279541015625,0.5509911179542542,0.36116158962249756,0.3258814513683319,0.4200204908847809,1.1398102045059204,0.689781665802002,0.807445764541626,0.738,0.284,0.226
500,2,hetW,1.88,W,LOS+Sun+rho,gc15,0.7725775241851807,0.41659823060035706,0.5813046097755432,0.3812517821788788,0.35645848512649536,0.42642056941986084,1.3104612827301025,0.7462207674980164,0.9604202508926392,0.738,0.284,0.226
500,2,hetC,1.88,C,LOS,sun4,0.05280796438455582,0.02900865115225315,0.039088137447834015,0.024129843339323997,0.03517765924334526,0.019367914646863937,0.038423486053943634,0.022320395335555077,0.0279439315199852,0.757,0.251,0.183
500,2,hetC,1.88,C,LOS,sun15,0.8426050543785095,0.438129723072052,0.6343335509300232,0.41885846853256226,0.44433051347732544,0.4149913489818573,1.3473169803619385,0.7605770826339722,0.9942057728767395,0.757,0.251,0.183
500,2,hetC,1.88,C,LOS,gc15,0.8800278902053833,0.44746702909469604,0.6706677079200745,0.44167327880859375,0.4762284755706787,0.4187379479408264,1.6231640577316284,0.8409529328346252,1.2523397207260132,0.757,0.251,0.183
500,2,hetC,1.88,C,LOS+Sun+rho,sun4,0.06596056371927261,0.031152717769145966,0.052139073610305786,0.02717413194477558,0.04805324226617813,0.020852968096733093,0.04875008389353752,0.024074198678135872,0.037856314331293106,0.765,0.259,0.189
500,2,hetC,1.88,C,LOS+Sun+rho,sun15,0.7092467546463013,0.38857513666152954,0.5141969919204712,0.3990974724292755,0.34698161482810974,0.32494229078292847,1.0755800008773804,0.637452244758606,0.757559597492218,0.765,0.259,0.189
500,2,hetC,1.88,C,LOS+Sun+rho,gc15,0.7081327438354492,0.3704146444797516,0.5298575758934021,0.38992825150489807,0.3618345260620117,0.3211974501609802,1.1971787214279175,0.6446553468704224,0.8963214159011841,0.765,0.259,0.189
500,2,s1.7W,1.70,W,LOS,sun4,0.1524394005537033,0.06020532548427582,0.13099780678749084,0.04284234344959259,0.09990818053483963,0.07631746679544449,0.14378798007965088,0.05655050277709961,0.1240045428276062,0.739,0.535,0.505
500,2,s1.7W,1.70,W,LOS,sun15,0.9254667162895203,0.5967734456062317,0.6250836253166199,0.5902028679847717,0.39809608459472656,0.41283130645751953,1.311811923980713,0.7967029809951782,0.9355978965759277,0.739,0.535,0.505
500,2,s1.7W,1.70,W,LOS,gc15,0.9778589010238647,0.6233856081962585,0.6592443585395813,0.6173780560493469,0.4128647446632385,0.44348204135894775,1.5141264200210571,0.8584814071655273,1.1113454103469849,0.739,0.535,0.505
500,2,s1.7W,1.70,W,LOS+Sun+rho,sun4,0.14013108611106873,0.05759051442146301,0.11948812007904053,0.038416363298892975,0.10124422609806061,0.06283074617385864,0.13274896144866943,0.0545111708343029,0.11318012326955795,0.740,0.524,0.499
500,2,s1.7W,1.70,W,LOS+Sun+rho,sun15,0.849960446357727,0.42077866196632385,0.6564850211143494,0.44070330262184143,0.3334161341190338,0.5004024505615234,1.3424177169799805,0.7594327330589294,0.9779842495918274,0.740,0.524,0.499
500,2,s1.7W,1.70,W,LOS+Sun+rho,gc15,0.898667573928833,0.446159303188324,0.6818572282791138,0.45942842960357666,0.34404295682907104,0.534039318561554,1.5192662477493286,0.8277344703674316,1.0803724527359009,0.740,0.524,0.499
500,2,s1.7C,1.70,C,LOS,sun4,0.14045220613479614,0.058350831270217896,0.11899368464946747,0.03757069259881973,0.09706521034240723,0.06913118064403534,0.1311749964952469,0.055669039487838745,0.1105755865573883,0.748,0.509,0.485
500,2,s1.7C,1.70,C,LOS,sun15,2.6394786834716797,1.5833908319473267,1.8310831785202026,0.9403766393661499,0.8918851613998413,1.9985072612762451,4.117539882659912,2.349257469177246,2.985750198364258,0.748,0.509,0.485
500,2,s1.7C,1.70,C,LOS,gc15,2.8902058601379395,1.5751560926437378,2.1132354736328125,1.016483187675476,0.9793718457221985,2.2058145999908447,5.568696022033691,2.440905809402466,4.455175399780273,0.748,0.509,0.485
500,2,s1.7C,1.70,C,LOS+Sun+rho,sun4,0.11610491573810577,0.04983958974480629,0.09715726971626282,0.034416478127241135,0.0828913152217865,0.05200299620628357,0.10420988500118256,0.04632153734564781,0.08654972910881042,0.754,0.451,0.420
500,2,s1.7C,1.70,C,LOS+Sun+rho,sun15,0.7512766122817993,0.38419950008392334,0.57813560962677,0.36044633388519287,0.4016072452068329,0.3675774931907654,1.06389319896698,0.6210546493530273,0.7523608207702637,0.754,0.451,0.420
500,2,s1.7C,1.70,C,LOS+Sun+rho,gc15,0.8014930486679077,0.42217496037483215,0.6079689860343933,0.39688989520072937,0.4348303973674774,0.385120153427124,1.198085069656372,0.6772592067718506,0.8501294851303101,0.754,0.451,0.420
