label,n,trial,crossed,ckpt,rec4,rec15,sun4_mean,sun4_median,sun15_mean,sun15_median,gc15_mean,gc15_median,acc_b0.5_mean,acc_b0.5_median,acc_b2.0_mean,acc_b2.0_median,acc_b4.0_mean,acc_b4.0_median,rho_gauss_b0.5,rho_gauss_b2.0,rho_gauss_b4.0,rho_sun,dex_b0.5,negfrac_b0.5,dex_b2.0,negfrac_b2.0,dex_b4.0,negfrac_b4.0,rhotot_err_b0.5,rhodm_err_b0.5,rhotot_err_b2.0,rhodm_err_b2.0,rhotot_err_b4.0,rhodm_err_b4.0,sun_off_mmsyr,sun_off_rel,grec4,grec15,gsun4_mean,gsun4_median,gsun15_mean,gsun15_median,ggc15_mean,ggc15_median,gacc_b0.5_mean,gacc_b0.5_median,gacc_b2.0_mean,gacc_b2.0_median,gacc_b4.0_mean,gacc_b4.0_median,e_chi
nfw_a_uniform_abs,50,0,True,experiments/fire_los_recovery/results_val_split_check_rho_nfw/checkpoints/IV_nfw_LOSSunrho_n50_t0.pkl,0.10288501966021134,0.6617248117113494,0.1054878452810306,0.10299944157447173,0.6945180951887016,0.6397964386239272,0.7058165678424717,0.636799576368539,0.08337261276167195,0.08231670649532392,0.0992208912966529,0.09606186180516774,0.10758932858801383,0.10740407577399375,0.021641156726451213,0.022281109984341928,0.024244800196317386,0.02160068228840828,0.14814337477312217,0.0,0.19863062951172483,0.0,0.16705787061332703,0.0,-29.26750425274664,-84.3489845482305,-28.172569718262064,-87.47586857302126,2.7179409072518967,6.546927388182998,0.5741418339789156,0.07914251472778232,0.11580552251986262,0.6648085734514005,0.11857340046891769,0.12028353574717826,0.6979747869051752,0.6410500951932927,0.7093053335596144,0.6367269615227911,0.040270158875947024,0.036600211969259555,0.09556105850002464,0.08181000285065135,0.11305554976004356,0.1063594095251526,55
nfw_a_uniform_abs,50,1,True,experiments/fire_los_recovery/results_val_split_check_rho_nfw/checkpoints/IV_nfw_LOSSunrho_n50_t1.pkl,0.14277829661627936,0.6744232980202631,0.14298403733000087,0.14108326383307584,0.6965309716855114,0.7006636997880455,0.692404743087286,0.6992201425862643,0.1966122095038178,0.1929384197630242,0.1758366318001714,0.1744847079046109,0.16409836411538362,0.16903940317365024,0.030730412014785997,0.031123165044927473,0.03225958297477633,0.030706502497196198,0.07497379771092366,0.0,0.13790306056541562,0.0,0.12535279909792177,0.0,0.44004415394455854,1.268207812359844,0.3314901718338501,1.0292774494684764,36.674169754510196,88.34008339329267,1.3655184757782788,0.18822973642486748,0.1379587265488872,0.7050669453886973,0.1379456970378815,0.14051070479593525,0.7246387239127703,0.7134681806441754,0.7172573931365653,0.7076171601356727,0.04128735627924342,0.03719860213129507,0.08777931071525245,0.07453749904989224,0.11945480186225012,0.11913370223931405,31
nfw_a_uniform_abs,50,2,True,experiments/fire_los_recovery/results_val_split_check_rho_nfw/checkpoints/IV_nfw_LOSSunrho_n50_t2.pkl,0.14481180043252806,0.8069423413615961,0.14412971527330762,0.14020060807169749,0.8310964039382938,0.752033349267384,0.8338011874295368,0.7454820185392863,0.09553915985124395,0.09134013131001678,0.12826161309527798,0.11021621331104604,0.13638034892809703,0.12950867220181078,0.021923322794050962,0.022932261483026524,0.026181457494252984,0.02185925282537937,0.14532666938247613,0.0,0.19403755540137171,0.0,0.16965931444224092,0.0,-28.34526564836908,-81.69109171532438,-26.07345800850052,-80.95812376381546,10.922976555149827,26.311070332171575,0.520779034456181,0.07178672579689106,0.14453146960995217,0.8196808357400087,0.14531670192385843,0.14649129289096138,0.8432932889600753,0.7571327939413885,0.8417743616976467,0.7486733567740631,0.0457365801669417,0.042479452067140586,0.11448355807264102,0.09595753055117506,0.1472612488149853,0.14956451879173888,40
nfw_a_uniform_abs,50,3,True,experiments/fire_los_recovery/results_val_split_check_rho_nfw/checkpoints/IV_nfw_LOSSunrho_n50_t3.pkl,0.12778927933999662,0.7102178781531197,0.1286832861978477,0.13170123589570504,0.7382650301520404,0.7050482616987811,0.7440015452031412,0.7072735016138582,0.0782978625627255,0.08048842139799701,0.1299629156543307,0.1333101259672242,0.1429838696472896,0.14483548734835666,0.01413504579067424,0.015273421804981398,0.018792717303010697,0.014061467722058296,0.3436087596872406,0.0,0.4053908717206456,0.0,0.36308035185840504,0.0,-53.80066421985343,-155.0535828328812,-50.763196239692235,-157.61979567420653,-20.380897768316135,-49.093141590800386,0.43740034175914816,0.0602933995415524,0.1337957239106563,0.713888515646563,0.13549561830301227,0.12685802630046178,0.7420328416881372,0.7088950946585509,0.7479572180049887,0.7076363573255906,0.04761613127117577,0.043973866057986755,0.1268519979722909,0.09893300092003394,0.1472555988543297,0.13450095756187022,35
nfw_a_uniform_abs,50,4,True,experiments/fire_los_recovery/results_val_split_check_rho_nfw/checkpoints/IV_nfw_LOSSunrho_n50_t4.pkl,0.15668325516687998,0.657348195665657,0.15821060182378277,0.15581890149665234,0.67655455656117,0.6889443327744845,0.673658304184767,0.6860695644600028,0.16417271700356845,0.16180837866897774,0.16861575917949623,0.16292273449961298,0.16996670977905476,0.17240483030890674,0.024274316912395344,0.024702937199623246,0.026047497695743178,0.02424878440797329,0.10562552699002102,0.0,0.16917661580213028,0.0,0.15715727185894765,0.0,-20.66121790639421,-59.54565633215953,-20.365345321350038,-63.234425847203354,10.35542909937134,24.943972183563684,1.0680488431697102,0.14722506930866458,0.1522835075417411,0.6726244229782177,0.15220881867610705,0.15212486028572314,0.6917164027340453,0.6960290689265507,0.686260170517427,0.6919209583471482,0.04961303787500997,0.04588800117105404,0.108735209132834,0.08332519725193782,0.11603112482582306,0.10010657109248086,30
nfw_a_uniform_abs,50,5,True,experiments/fire_los_recovery/results_val_split_check_rho_nfw/checkpoints/IV_nfw_LOSSunrho_n50_t5.pkl,0.13605663117555772,0.6095700550254429,0.13491660726078153,0.1346674643797158,0.6324102963803282,0.6158825169072077,0.6295667431410041,0.6088955438419561,0.1333867494730339,0.13738824682308942,0.14294956432058212,0.14913288706991068,0.14126688386495428,0.1450625265564987,0.01840837335388476,0.01900545230812858,0.020895367032393253,0.018371334299445152,0.2156603816975491,0.0,0.2745190701142395,0.0,0.2555795186735222,0.0,-39.833613959459385,-114.80052618601064,-38.73228032201558,-120.26378483982552,-11.472602014071382,-27.63499829567327,0.847805550799045,0.11686565813435058,0.13574648757405755,0.6150582626082252,0.1361974496683744,0.13287143974065177,0.6383488154534858,0.6196547362234225,0.633990284781999,0.6093959146389711,0.04583344572994602,0.041657321441924314,0.1164755828226402,0.08902217098924534,0.13634478217900847,0.11613600496648002,50
nfw_a_uniform_abs,200,0,True,experiments/fire_los_recovery/results_val_split_check_rho_nfw/checkpoints/IV_nfw_LOSSunrho_n200_t0.pkl,0.08801541483133313,0.5105780823233436,0.09047836490802744,0.08865519277490316,0.5351611007953045,0.4806518954483166,0.5375985176824446,0.48085841909191795,0.10315377520928662,0.10355289777499535,0.09738858621803959,0.09893391104737342,0.08935795432022167,0.0906657636806824,0.026673343906139575,0.0270229017519538,0.028218799012468914,0.026653224602341652,0.08715318566629311,0.0,0.14092286068650145,0.0,0.14218113091378723,0.0,-12.82017831791626,-36.947770247338276,-12.886494749913938,-40.01258431103244,19.554581022147314,47.102724609190375,0.6373217462389077,0.08785154242897583,0.0926041386409151,0.5142290021795439,0.09339896138146754,0.08671829684155305,0.5380468719935997,0.48220621126921936,0.5434810030461741,0.48374108243410774,0.04125411782610502,0.03748393669474591,0.080039763062003,0.05942676081317613,0.08738964499258264,0.0819957937205328,102
nfw_a_uniform_abs,200,1,True,experiments/fire_los_recovery/results_val_split_check_rho_nfw/checkpoints/IV_nfw_LOSSunrho_n200_t1.pkl,0.07223938962440056,0.6812777680058535,0.07338871281571975,0.06952218422864415,0.7155488763301872,0.6047142502254781,0.7264289319758921,0.5964466807979849,0.06596128590162445,0.06685294310370771,0.06992787417252037,0.06544764364867052,0.07397741371169278,0.07121579038650497,0.03143517541676489,0.029178185142196503,0.024962183003770635,0.03160901740193367,0.07721219726746119,0.0,0.12808356884313404,0.0,0.14246619818299253,0.0,2.7435104133225656,7.906800506897916,-5.938525480930599,-18.43912996515496,5.757276526732646,13.868024604081516,0.4334480700303219,0.05974859910201795,0.0849295319752655,0.684533595659893,0.08678996056829663,0.08106954791609532,0.7193475641951124,0.6068756403875348,0.7311352634385229,0.6021756076892273,0.0323088967800856,0.02880381724024005,0.07378781309587792,0.07110764295972727,0.09849508392817688,0.09317944612273606,465
nfw_a_uniform_abs,200,2,True,experiments/fire_los_recovery/results_val_split_check_rho_nfw/checkpoints/IV_nfw_LOSSunrho_n200_t2.pkl,0.11658225818915455,0.7201297463642913,0.11753479305493718,0.11047597153999525,0.7398637449629266,0.6753902338261814,0.7450767215843199,0.6738415884577753,0.16899912155270203,0.1710435032891071,0.13621308060942494,0.1467192550809907,0.11362836119857106,0.11018010381311633,0.022626837014781874,0.023404150463228263,0.025840727863753188,0.022577226161956787,0.1321358376741964,0.0,0.179772400642636,0.0,0.15355159278307207,0.0,-26.0458822441003,-75.06426581441337,-24.55223339940428,-76.23471921442184,9.479407387013561,22.83382676944687,1.178582932746823,0.1624616281074786,0.12247492303228039,0.745023462694925,0.12329916694211397,0.12148431662033266,0.7632800994710323,0.6892621267756573,0.7675215124711152,0.6827060511491907,0.04361520334079777,0.04039732133978115,0.10239592038476077,0.07578808997321465,0.13781728653623077,0.13245811304333738,71
nfw_a_uniform_abs,200,3,True,experiments/fire_los_recovery/results_val_split_check_rho_nfw/checkpoints/IV_nfw_LOSSunrho_n200_t3.pkl,0.08711586106960223,0.6692670208178377,0.08747497001286111,0.08370261472474622,0.6979247696201989,0.6115835953566968,0.7064183216009479,0.6050873284561717,0.1075838889889584,0.10630938854614347,0.09501605254028911,0.0938090522379599,0.08837265163311525,0.08604031406188047,0.024966420978801196,0.024829651111797364,0.024759307865889726,0.024979744106531143,0.09715127120389017,0.0,0.14612909004991206,0.0,0.14359397324606463,0.0,-18.399127734759638,-53.026309575218264,-19.956858728949175,-61.96607440365234,4.8977554642506735,11.79762565991425,0.7347058834234081,0.10127544756050773,0.099536257069745,0.6825961992583756,0.10113511209023006,0.09165450266634753,0.7106655788771025,0.613638868043799,0.7181701143036149,0.6026479288149641,0.039100533954120456,0.03583436802255885,0.09285234624223329,0.07158638163124673,0.12630705021600597,0.1185719620410921,330
nfw_a_uniform_abs,200,4,True,experiments/fire_los_recovery/results_val_split_check_rho_nfw/checkpoints/IV_nfw_LOSSunrho_n200_t4.pkl,0.08264498544957832,0.5961694718783466,0.08265762985870244,0.07940438107612224,0.6244577654654192,0.5860372083850625,0.6210632719737501,0.580851592289201,0.07293205110401059,0.07278328782513707,0.09066032192800719,0.08714024375502682,0.07392667483589223,0.06934346777429581,0.02308114980402775,0.023317254424394578,0.024214690511085827,0.023068832233548164,0.12634420685099113,0.0,0.17909681805454636,0.0,0.16163153686158113,0.0,-24.560995006350222,-70.78481890321692,-24.832359442293168,-77.10451097132162,2.590375208903884,6.239649418276094,0.4116730585354956,0.0567470251599418,0.09568449421692597,0.6034347790055766,0.09589012198886415,0.08792435302551652,0.6314452515503663,0.5892070609039395,0.6267324440695782,0.5800944774908234,0.04194426423718674,0.03870973246449434,0.09227141317459556,0.07027035261734957,0.10001248870743921,0.08516577312287574,82
nfw_a_uniform_abs,200,5,True,experiments/fire_los_recovery/results_val_split_check_rho_nfw/checkpoints/IV_nfw_LOSSunrho_n200_t5.pkl,0.08804030421179748,0.7341292038530893,0.08853329429391976,0.07836303926803243,0.7762356883960155,0.6189682972063337,0.7836015798994479,0.6205480371025727,0.09898151691168325,0.09895676059953774,0.08065972236534255,0.07621217280637069,0.08123054664336854,0.07222122820118758,0.030434560262403564,0.028407467784754805,0.024546226561821184,0.030591528862714767,0.07696218094287188,0.0,0.13497263742184162,0.0,0.1289188992382527,0.0,-0.5269250835006123,-1.5185987620416128,-8.423080662313943,-26.15367729550462,3.994993939200979,9.623069863805506,0.6431899058955332,0.08866043821842028,0.09625442503587284,0.7433247589659968,0.09688502863642239,0.08283687931517397,0.785341519391069,0.6235124181568132,0.791682144235573,0.6207082692562234,0.03718600527962471,0.03458432326045423,0.09094984849258263,0.08069407108114646,0.12670287151098603,0.12472980560139113,546
nfw_a_uniform_abs,500,0,False,experiments/fire_los_recovery/results_val_split_check_rho_nfw/checkpoints/IV_nfw_LOSSunrho_n500_t0.pkl,0.06437959112945303,0.5163728793730298,0.06673749411188992,0.06022007465856806,0.5403818462885986,0.5007812753332562,0.5434660271073553,0.5008107218580364,0.09899025779548865,0.09166549468236344,0.066070322062315,0.06077725640343336,0.0722940899890137,0.06493670652041678,0.04434046390407265,0.034357282169249714,0.02594646959963021,0.045266278088092804,0.17749875105348473,0.0,0.16816007075093967,0.0,0.17587933306227999,0.0,44.92347678868098,129.4695173451845,10.757286841455716,33.40139076257187,9.927403381589585,23.912951499075955,0.6781325189678071,0.09347709867762172,0.07602010773257267,0.5303498899197541,0.07815645402985276,0.06952703547174693,0.55540752390935,0.5168984086799107,0.5612337817666914,0.5202347955366802,0.031959558997621144,0.02764702198383254,0.06897321694356517,0.06270291765309803,0.09824604957340129,0.08472654459767928,1499
nfw_a_uniform_abs,500,1,True,experiments/fire_los_recovery/results_val_split_check_rho_nfw/checkpoints/IV_nfw_LOSSunrho_n500_t1.pkl,0.06916439500704141,0.8362332606713501,0.0719495411887395,0.06777875539548535,0.8828798443267682,0.6965046479764634,0.8819959590992053,0.6869951683081734,0.06400157146343889,0.05902294355074477,0.06401147814599503,0.060913151803193094,0.08163307884441454,0.07657861626013579,0.03648688126579566,0.0335886675639663,0.027977143470604312,0.03670872747898102,0.1040427855834734,0.0,0.13541530500455717,0.0,0.1670926790871099,0.0,19.25463165326095,55.491872958397565,8.27951028484264,25.707891071661557,18.53075902864091,44.636560524450054,0.47254902791987075,0.06513846612180675,0.07426609658287282,0.8390565695462022,0.07706898157160014,0.07297125390645263,0.8847626726328955,0.6980319913272264,0.8838558132609284,0.6882071841302102,0.035619217124760884,0.032686437587174086,0.05937069038992017,0.05652228808752082,0.08254415973952413,0.07623916969403557,1213
nfw_a_uniform_abs,500,2,True,experiments/fire_los_recovery/results_val_split_check_rho_nfw/checkpoints/IV_nfw_LOSSunrho_n500_t2.pkl,0.07596387819227915,0.7826834970415796,0.07673379724724523,0.07023347416225631,0.8151503877277763,0.7446985021185637,0.8130080580235738,0.7377364349432506,0.07787266983092869,0.07796191511272507,0.08071313118822271,0.07961605469464654,0.07743562907178525,0.07149280824065782,0.025508113951844002,0.02606198517790037,0.027910341078298644,0.025474296882748604,0.09207145736125014,0.0,0.15587531468472277,0.0,0.13819181829534505,0.0,-16.628644927561268,-47.923775868974126,-15.984193575416489,-49.63094351817329,18.247737344413586,43.95482295945236,0.44769169836602557,0.06171201040323465,0.08631052183143517,0.78909522858289,0.086959280305067,0.07897675219256184,0.8204875135269902,0.7484084166343241,0.8173634271996907,0.7393454192701323,0.03774547816592914,0.034799228484734906,0.08173034284328803,0.06764803244593576,0.10426537190220188,0.10096696531049107,58
nfw_a_uniform_abs,500,3,False,experiments/fire_los_recovery/results_val_split_check_rho_nfw/checkpoints/IV_nfw_LOSSunrho_n500_t3.pkl,0.08343074094800704,0.8639041166118557,0.08333961983218342,0.0791145569966598,0.9463491257243659,0.6784746956779513,0.9775456044940718,0.667135579074152,0.06213752302216875,0.06250930914558893,0.08111486860737588,0.07833345014933375,0.07900917264576425,0.07531924144629931,0.02902478473233966,0.02714480559298829,0.02371143553496467,0.029166623950004578,0.07245814271303724,0.0,0.14813985705348115,0.0,0.1626759591031927,0.0,-5.134670544857884,-14.79812705273041,-12.493514344129203,-38.79237959871915,0.4582349363540036,1.1037881092388144,0.37306328600963523,0.05142486552982427,0.08657558705925023,0.8606759468637712,0.08639665786154896,0.08351871832027832,0.942860889089381,0.6739594836776518,0.975642873199166,0.6666907146338126,0.0402567711508717,0.0363541210104156,0.07995157059728938,0.0680735178523926,0.07874248387539304,0.0756570276471615,1499
nfw_a_uniform_abs,500,4,True,experiments/fire_los_recovery/results_val_split_check_rho_nfw/checkpoints/IV_nfw_LOSSunrho_n500_t4.pkl,0.07062803862182593,0.7259875375372467,0.07235033113569861,0.06821545087285699,0.7773709679743781,0.5865548757523091,0.8237312159364036,0.5843674758451077,0.11585575503280758,0.10957137710777101,0.08821382785006965,0.08368030234253002,0.08181241896366745,0.08247456006937191,0.03926288925364683,0.032292611738760475,0.020587684629659483,0.039826516062021255,0.12707954193185078,0.0,0.1550011779330112,0.0,0.1544962492233491,0.0,28.327805313845715,81.64077100898056,4.101425822639795,12.734932944035544,-12.776159997898741,-30.774985424765394,0.8425767009385196,0.11614488792983838,0.09111011134191502,0.742472329044183,0.09335294003414482,0.08929757220992025,0.7928161488760124,0.5964219792193814,0.839236499121477,0.5898583449890415,0.03582616387723681,0.03180319825771005,0.07625718576769747,0.07469580769558509,0.10384624407937607,0.09921251977758329,1282
nfw_a_uniform_abs,500,5,True,experiments/fire_los_recovery/results_val_split_check_rho_nfw/checkpoints/IV_nfw_LOSSunrho_n500_t5.pkl,0.05957374825055275,0.600602869422737,0.060746596972128766,0.05366616959775336,0.6230297492356828,0.5653967400054014,0.6310832718991761,0.5605159193017535,0.08178344045049882,0.07563425587964304,0.05673305777890011,0.0499191515965339,0.06386408718047036,0.05404468782703281,0.035817773838438,0.02891385700036977,0.02159444779353598,0.03644353523850441,0.09794829124324178,0.0,0.14036824868711695,0.0,0.14120538294045087,0.0,17.067704269560394,49.189145452052394,-6.790637929184001,-21.08494031466426,-8.510806671111103,-20.500678709370995,0.5261638616996196,0.07252899668571824,0.06600909472873885,0.6069170762753733,0.06687052672936092,0.06236966839660689,0.627997818195718,0.5680058973513702,0.6363645580459619,0.5619287195018092,0.03125135179749678,0.027810379617845063,0.06045646936184203,0.055330021692371015,0.07033497559362122,0.06847393074307076,1027
nfw_c_abs,50,0,True,clean_experiments/fire_sims_v2/results_nfw_ablation_abs_LOSSunrho/checkpoints/IV_nfw_LOSSunrho_n50_t0.pkl,0.19660779600763648,0.7643348946475994,0.19783897058940272,0.19423300522178832,0.7818159930525138,0.7772466644543403,0.7853526387222514,0.7771528976736943,0.1072042060161899,0.10225118720070789,0.11711190408667832,0.11602065889065777,0.148302027235633,0.13550638656041225,0.040571488595848505,0.040168633215653955,0.03879070010756366,0.040600746870040894,0.1299735639788976,0.0,0.1515463375488489,0.0,0.13974061393908083,0.0,32.60486400239563,93.96725959908697,29.491291225512157,91.57050070655532,64.34455261070252,154.992006133541,0.6081842799036403,0.08383509175059896,0.22015616958465595,0.7772130441662892,0.22124347203214692,0.2259422640377243,0.7938236802785672,0.7812869841925402,0.793667567488179,0.7806407997639927,0.04677955230817382,0.04114610083778075,0.10983233788957969,0.10503809282734011,0.16661037075871454,0.1569196287553425,64
nfw_c_abs,50,1,True,clean_experiments/fire_sims_v2/results_nfw_ablation_abs_LOSSunrho/checkpoints/IV_nfw_LOSSunrho_n50_t1.pkl,0.2572997544863341,0.7670575570957195,0.2609290070504676,0.2543249102147007,0.7819517453966844,0.8048213046035159,0.7801471794421828,0.8040771494380585,0.09512848960575317,0.09620559908800558,0.14031364804697138,0.13994801443644223,0.21508442096596084,0.19922271505671746,0.04073489690260985,0.0407196899205147,0.040643845273931216,0.04073850437998772,0.13271743901946648,0.0,0.14855798502861098,0.0,0.17300249784226324,0.0,33.138951782876205,95.50650126295132,31.267728174904946,97.0863399312822,72.1957724248553,173.90388383285912,0.5689639376921118,0.07842876821274898,0.26099029350481107,0.770372731701185,0.26493869010315996,0.2660926299498275,0.7856745534739078,0.8078003573288399,0.7861127470788505,0.8066854966097591,0.06015710077599243,0.05768965774715151,0.14391722948123328,0.1349177690120396,0.23224454655243443,0.22611832765256715,28
nfw_c_abs,50,2,True,clean_experiments/fire_sims_v2/results_nfw_ablation_abs_LOSSunrho/checkpoints/IV_nfw_LOSSunrho_n50_t2.pkl,0.18637146214351624,0.8273260123083169,0.18568237964615997,0.16975356927249607,0.8678317437541195,0.776408438918707,0.8743628432556317,0.7765827342817695,0.09104262894213665,0.0894519382406901,0.11130370022574938,0.10541736068747382,0.15843015274981836,0.14539961652377975,0.033225200688810644,0.03322198972023677,0.03344757536910079,0.0332295224070549,0.082516996266433,0.0,0.1382421000202204,0.0,0.12822058166267836,0.0,8.594073603768752,24.768131076383682,7.097453947665127,22.03760448329187,41.7073369314053,100.4638863618552,0.6062545302105772,0.08356908562725872,0.18254235412024117,0.8264625096167226,0.18130153697204593,0.17343533641231818,0.8674209079906607,0.7785902528750529,0.8762413710779517,0.778112443878147,0.044569893800503385,0.04348370588197321,0.10802985958969283,0.10242383332264882,0.17103343726350814,0.16481937922711595,156
nfw_c_abs,50,3,True,clean_experiments/fire_sims_v2/results_nfw_ablation_abs_LOSSunrho/checkpoints/IV_nfw_LOSSunrho_n50_t3.pkl,0.16980239652591606,0.6830121848957635,0.16982961852526968,0.16495082756853005,0.7019265495947039,0.7226540350094661,0.7064290287635137,0.7227536418746507,0.0833238344551325,0.08181656041511867,0.12690970254256123,0.11603487526065819,0.14402185474292228,0.13815727680311898,0.02561842859777011,0.025984418011721463,0.027011986439106895,0.02559634856879711,0.09609174610244725,0.0,0.15214538094606408,0.0,0.1393285495875192,0.0,-16.268089790769938,-46.8846555053325,-16.234246208556527,-50.407357295533366,14.441678395894394,34.7868563180092,0.3856400426625669,0.05315850709663776,0.16552572427068535,0.682231322700896,0.16476105501137356,0.1672763622313406,0.7008397128213615,0.7217235557405953,0.7048751139490694,0.7217899946796691,0.049808133421651496,0.04626668340364643,0.10832776506898452,0.08584588425479936,0.12314808925279178,0.11284095694120293,37
nfw_c_abs,50,4,True,clean_experiments/fire_sims_v2/results_nfw_ablation_abs_LOSSunrho/checkpoints/IV_nfw_LOSSunrho_n50_t4.pkl,0.2380491728207118,0.7550973243134336,0.23954533636556288,0.23145304168717612,0.7775590616716439,0.7907718705691035,0.7696950453092906,0.7891590401227956,0.14567647100728362,0.14891422901427018,0.1426392340465611,0.15519055862360154,0.18846448485472778,0.18343471116214466,0.04071734546097064,0.04029771286832352,0.0389596734354945,0.040747784078121185,0.13225427589179123,0.0,0.14705638636491647,0.0,0.1422528345735949,0.0,33.08158621379892,95.34117361977701,29.9074042360143,92.86253218903009,65.06044188068044,156.71642738788816,0.9947844891987235,0.1371259529056902,0.24067712326532784,0.7592542682704251,0.24345072269049806,0.2474436997635297,0.7818147908181642,0.7908557723616811,0.7725094813607579,0.789729613710733,0.0511309566576438,0.048015386203843435,0.12427805965382836,0.11764109196133402,0.1929661327290856,0.1965021570888245,27
nfw_c_abs,50,5,True,clean_experiments/fire_sims_v2/results_nfw_ablation_abs_LOSSunrho/checkpoints/IV_nfw_LOSSunrho_n50_t5.pkl,0.22056184348005048,0.6615842295261263,0.2244975340904997,0.22716886210181603,0.6734889958249513,0.6983744786077328,0.6706033658626255,0.7047560935545194,0.12135829662375193,0.1133181557843877,0.1675159570736308,0.12592751480236947,0.19845374427289475,0.1804927813764391,0.028144731607583955,0.028328669681833486,0.02884128734606191,0.02813522331416607,0.07920765587450945,0.0,0.13646441483189525,0.0,0.1372642466021494,0.0,-8.011058100799197,-23.087879653963814,-8.677101456066664,-26.942412217144504,22.191877240211056,53.4553965141328,0.7336914243766904,0.10113560957049543,0.20875329917638763,0.6676403101555387,0.21080904023652236,0.21632437602411056,0.6792624643440728,0.7024140547689025,0.6749921478186469,0.705537716722195,0.057820015601633606,0.0545500721542976,0.12977547066153233,0.10774282311881543,0.16014279198979686,0.14385215852855596,31
nfw_c_abs,200,0,False,clean_experiments/fire_sims_v2/results_nfw_ablation_abs_LOSSunrho/checkpoints/IV_nfw_LOSSunrho_n200_t0.pkl,0.08995562262567847,0.7870100603364959,0.0909472428696819,0.07613824609506001,0.8251416105590319,0.6906899921061046,0.8542852227947546,0.6870721400455531,0.06461513073515435,0.0616734168183189,0.0688187182153481,0.06176680814542479,0.12042285243686969,0.10481451157768952,0.036347288178065956,0.03492139263253626,0.032132123234869234,0.03645531088113785,0.10044678689001976,0.0,0.1387650399523782,0.0,0.14105111136921744,0.0,18.798382127923933,54.17696124503622,12.575805084101074,39.047892461995126,36.13416109591875,87.03932020622143,0.3901796778066995,0.05378427257824951,0.09644729167217347,0.7967249339409074,0.09796732065154541,0.0819643751526751,0.8337538649173168,0.6966941518253148,0.8621334640620146,0.6917200054032646,0.03298138931806918,0.030472753058585794,0.08101015602114683,0.07043668212249227,0.14553063904278768,0.1371177801921119,1499
nfw_c_abs,200,1,True,clean_experiments/fire_sims_v2/results_nfw_ablation_abs_LOSSunrho/checkpoints/IV_nfw_LOSSunrho_n200_t1.pkl,0.117458532608193,1.0689169159615086,0.11662396264060365,0.10366573580379865,1.1073645289634286,0.7725409342343348,1.128988697805332,0.7530818145760159,0.051612273638134545,0.050456568925816805,0.07242663532714887,0.06621673005502615,0.11021746149561702,0.09691430694159042,0.030508573714918965,0.029656897431152435,0.027424162411030125,0.030570128932595253,0.09045593409245896,0.0,0.14523032261142016,0.0,0.2240504381688388,0.0,-0.2850176715513045,-0.8214212925722201,-4.395304627743428,-13.647427046942276,16.18794426670286,38.993230277848035,0.3605768010585098,0.049703667455309866,0.12619082077244906,1.0669616111307787,0.1256628558331604,0.11230661537408729,1.1051470694721919,0.7690660000458193,1.1261182906604825,0.7530151999678234,0.040228592584492295,0.03654032719114611,0.07635694606307648,0.06828464378412304,0.13175807067481804,0.11970462769816018,320
nfw_c_abs,200,2,True,clean_experiments/fire_sims_v2/results_nfw_ablation_abs_LOSSunrho/checkpoints/IV_nfw_LOSSunrho_n200_t2.pkl,0.12932706701367586,0.735552468934096,0.13094175009398706,0.11580864951845934,0.7783078343622076,0.7405574405289026,0.7793402879125912,0.7359216127624992,0.05374990934983401,0.04589747883161783,0.05822416978613669,0.053564236281152255,0.10715141211047857,0.08431719732820503,0.04131739866596865,0.03963676054260375,0.03537476925268796,0.041439708322286606,0.14061706197731993,0.0,0.15662414619383225,0.0,0.15591897265860213,0.0,35.042815056930536,100.99343764462387,27.776697681064746,86.24668534110754,49.87227893332752,120.13145244936024,0.26772556522467633,0.03690459958640795,0.13915037165196303,0.7358257031594756,0.140114206660511,0.125552291304999,0.778409213930154,0.737641701152427,0.7782185305954599,0.7336859525063608,0.03831852768952104,0.03379135081315868,0.06526113364072847,0.06111190015799023,0.11598138125233698,0.09934610067164054,562
nfw_c_abs,200,3,True,clean_experiments/fire_sims_v2/results_nfw_ablation_abs_LOSSunrho/checkpoints/IV_nfw_LOSSunrho_n200_t3.pkl,0.1521357313625376,0.831900895524387,0.153373965623118,0.135202148599213,0.874557475673885,0.840061153530355,0.8824913330521309,0.8445780858120324,0.0679749313380631,0.06492839091013394,0.06989528720608282,0.06648279345931134,0.11554369642175508,0.10202441080060826,0.034087249240862115,0.03411255317973878,0.03384975464496171,0.03408611938357353,0.08400577498213416,0.0,0.14637847743977658,0.0,0.14538866981555273,0.0,11.411614565771918,32.888287718906696,9.968356018692859,30.95175944901534,43.4112498016907,104.56824117243427,0.45602294118548775,0.06286042960650111,0.16327442231242523,0.8361769750762968,0.16582364745392192,0.1559072650764095,0.8788231000954259,0.8411973317360926,0.8855466825948755,0.8452795934121224,0.03495780553716033,0.03138557717327223,0.0854749737674659,0.08004910243587923,0.15213607969338364,0.14758168166123908,216
nfw_c_abs,200,4,True,clean_experiments/fire_sims_v2/results_nfw_ablation_abs_LOSSunrho/checkpoints/IV_nfw_LOSSunrho_n200_t4.pkl,0.11105165808317186,0.82609551358735,0.11004294616968519,0.09764035483917413,0.8771640495140256,0.7641192672855924,0.8966292302836901,0.7593699285202868,0.0887692364539541,0.08423612197060229,0.07154938773378597,0.06438602906321651,0.10296407217200636,0.08813570176576427,0.03496490893209537,0.034204467455997575,0.03253748635665232,0.0350223071873188,0.08893552360194719,0.0,0.13544457299472454,0.0,0.13611094379436392,0.0,14.280179363965667,41.15549512234409,10.264659312133551,31.871781591616337,37.851562965686234,91.1761670772102,0.6355409839109429,0.08760607345175303,0.11303223462756387,0.8313011710116365,0.11316348986200815,0.10462426793087298,0.883396483571346,0.7640098183443675,0.9034593222473768,0.7649033832337112,0.03378969677571001,0.029879836489867112,0.07455025784138254,0.06938801243276571,0.1279774558887487,0.11306583081314836,314
nfw_c_abs,200,5,True,clean_experiments/fire_sims_v2/results_nfw_ablation_abs_LOSSunrho/checkpoints/IV_nfw_LOSSunrho_n200_t5.pkl,0.10958159095368263,0.8426470435468824,0.113044526983691,0.09300977031035461,0.875415237015271,0.697375923168148,0.8580607705733667,0.6816921881930671,0.05065491088695362,0.04656681090882833,0.06930200534517589,0.06273568402617327,0.1381330525692261,0.10544923442340132,0.038848533289528156,0.0374633294307563,0.03396791914096751,0.03894764930009842,0.12571325414554999,0.0,0.13925140009073816,0.0,0.18269282613672772,0.0,26.97351395870524,77.7377015978665,20.770225751789663,64.49158015279608,43.91187730201146,105.77414373064752,0.2594769142649129,0.03576756524849314,0.1087564359435843,0.8399422911831003,0.11245467541871028,0.09666587697660231,0.8723231053005744,0.6949447679279002,0.8552655693627315,0.6801061877765,0.034416555518273585,0.02991906407381906,0.07422214764905719,0.0714060500981879,0.14227661659607843,0.11781289289055948,582
nfw_c_abs,500,0,False,clean_experiments/fire_sims_v2/results_nfw_ablation_abs_LOSSunrho/checkpoints/IV_nfw_LOSSunrho_n500_t0.pkl,0.1297863592306463,0.8793754105951666,0.13333438469695244,0.11960012170169965,0.9232064779421854,0.7597505552546826,0.9098817322111592,0.7569693476797797,0.043360550979515834,0.038778853049785275,0.05141576351631415,0.04820724478332259,0.11569751240889947,0.11017354965613183,0.050252656295587894,0.03282894972672746,0.024756221452427583,0.05202902480959892,0.2349017406156153,0.0,0.19056741870738203,0.0,0.21191520622651602,0.0,64.24703367964256,185.1600329264579,5.830414165914379,18.10344418007423,4.884679256855579,11.76612792569196,0.27291477424821503,0.037619905504328637,0.129469626232309,0.8768187196690151,0.13280716153553335,0.11846054061906836,0.9200202323400317,0.7539003730181029,0.90582882063151,0.754291395729549,0.033427359537945324,0.028964642853366328,0.06272753682852963,0.06313861253684044,0.12243965470251508,0.11106711881764333,1499
nfw_c_abs,500,1,False,clean_experiments/fire_sims_v2/results_nfw_ablation_abs_LOSSunrho/checkpoints/IV_nfw_LOSSunrho_n500_t1.pkl,0.1266533344389493,0.8876537651345808,0.1309723767275648,0.1150931309721347,0.9293988850487223,0.8127183669136366,0.939995785403837,0.8043383750167112,0.03985822023295147,0.03228370090990271,0.06458215865889172,0.05413314133143629,0.15075153711751385,0.12152189474103293,0.040771808601262255,0.03208102011710461,0.0301171891096082,0.0415622815489769,0.1485664035064425,0.0,0.1582443998555766,0.0,0.1907666794550116,0.0,33.259594898258484,95.85419487520304,3.4193196590165815,10.616992347254484,27.597490026878333,66.47633979826288,0.18615197307123735,0.025660097206811738,0.12665777216833318,0.8906704701290942,0.13148090986787414,0.11404216074374268,0.9319547980422955,0.8130206262494108,0.9431197541081634,0.805690861589903,0.03559271728088648,0.030956489979010075,0.0692868989584516,0.058820299346413876,0.14996104335982158,0.11818044878946382,1499
nfw_c_abs,500,2,True,clean_experiments/fire_sims_v2/results_nfw_ablation_abs_LOSSunrho/checkpoints/IV_nfw_LOSSunrho_n500_t2.pkl,0.12287284633534387,0.7990197467030518,0.12322239365512588,0.11317873819799507,0.8324238263013228,0.7804510415723593,0.8302598260970553,0.7775751865086329,0.0394784764834397,0.033201547472905685,0.06582006240345613,0.06391381368252003,0.11995428998702039,0.10011233893336391,0.037659526603388206,0.03744124550114765,0.037010488830411394,0.037678055465221405,0.10567725109414927,0.0,0.14040320827317992,0.0,0.14852931745503603,0.0,23.087334886398274,66.5377285598199,20.69903397025692,64.27052957107364,56.80233179270111,136.82443968301672,0.2079353839337965,0.02866282895876196,0.12958926024586423,0.8013110943221868,0.12996802597209492,0.11821739565339864,0.834493291587497,0.7804331024465703,0.8316964910941769,0.7777582424363884,0.03379501688198784,0.029397160299530805,0.07629853531289543,0.0751933296896774,0.13301835864265676,0.11314161344955495,113
nfw_c_abs,500,3,False,clean_experiments/fire_sims_v2/results_nfw_ablation_abs_LOSSunrho/checkpoints/IV_nfw_LOSSunrho_n500_t3.pkl,0.11568392485567341,1.1408270328405528,0.12091460561767178,0.07752635924771162,1.2506294943176988,0.8355119738124919,1.2973992334529114,0.8288714752729287,0.049837835266605235,0.03999310230266239,0.05443510731622266,0.05025967470009906,0.08167597933930523,0.06437872002268827,0.04613870940414405,0.035556709598348085,0.022625334423912697,0.04694685712456703,0.18287103510464492,0.0,0.16858377008810246,0.0,0.19224087773652307,0.0,50.80090717718017,146.40827921369245,14.623871140986155,45.40714044727253,-4.143249457866024,-9.98018510240672,0.22976769437822922,0.03167230126792221,0.11178509220847652,1.142711564281756,0.1162214195311493,0.07557382162019469,1.2524213806159592,0.8367034748222144,1.2983938945676703,0.8278175287314069,0.03721938093902974,0.03233782910588949,0.05309741441174035,0.05051313638059312,0.07757134528009209,0.06257408067909981,1499
nfw_c_abs,500,4,False,clean_experiments/fire_sims_v2/results_nfw_ablation_abs_LOSSunrho/checkpoints/IV_nfw_LOSSunrho_n500_t4.pkl,0.10447052364294143,1.012096319980078,0.10738656017108537,0.06749436771538014,1.0806040037016267,0.803375908388635,1.0836463159793404,0.7994756629715327,0.059934321701935425,0.05481982406119748,0.05009476247408694,0.04636628343524136,0.1039148586326894,0.08098341810734852,0.039854649235721434,0.03154959865875235,0.015238209986927,0.04036581888794899,0.12754176504789483,0.0,0.1481117439397425,0.0,0.13669671544935397,0.0,30.261928380582113,87.21491615171901,1.706180691665263,5.297693445734548,-35.44027831554529,-85.36790778997103,0.34157493003934863,0.04708435674149658,0.10783476083478405,1.0163428991022077,0.10969723850776836,0.07288316777824914,1.0838489075738964,0.8056180309875567,1.0867738087075933,0.8035487800337917,0.03316572275319837,0.02885715853950195,0.05025169772953352,0.0446912722833511,0.09678557956075046,0.07453763124003299,1499
nfw_c_abs,500,5,True,clean_experiments/fire_sims_v2/results_nfw_ablation_abs_LOSSunrho/checkpoints/IV_nfw_LOSSunrho_n500_t5.pkl,0.08785156922483596,1.0311747525986437,0.08756111506734146,0.0706883608318603,1.0925597256878026,0.7799640285866289,1.093570271344759,0.7739763234289787,0.05245905856359021,0.04211013251636187,0.05103016316893936,0.045247134672983004,0.10097801234648418,0.07915383423926228,0.0431541307399627,0.03255905479326635,0.01578241467328122,0.04402080550789833,0.1660745602201591,0.0,0.167772036116138,0.0,0.17347507101635642,0.0,41.046035922376944,118.29472782797231,4.960356097434156,15.401912654537279,-33.134646412549735,-79.81414294816939,0.3458810871543237,0.047677938471171716,0.09147747169137874,1.0317184241433894,0.09019925979130491,0.07648369318988474,1.0926593850232773,0.7802682427668082,1.0933720534989766,0.7743589352963087,0.03733321918377018,0.03249381600069464,0.05390574507903515,0.05083839040289,0.10180253046369629,0.08224338470805513,663
nfw_d_rel,50,0,True,clean_experiments/fire_sims_v2/results_nfw_LOSSunrho/checkpoints/IV_nfw_LOSSunrho_n50_t0.pkl,0.16228253889507005,0.7261862103538087,0.16479616802617425,0.16787412662002504,0.7491074257416687,0.7184161106868144,0.7457994310749164,0.7176603317768506,0.060334826783142684,0.05348603803475706,0.0995616821290983,0.08443326236142996,0.12524900869492347,0.1176949217923605,0.03360895086440742,0.03389312437189452,0.03471485511009626,0.033592309802770615,0.08337143084237092,0.0,0.14099174407856266,0.0,0.1365643595260221,0.0,9.848332237283937,28.382906056314827,9.260985182665623,28.755372008909156,47.07642079658404,113.39683943401417,0.22052602628249443,0.030398384597703013,0.1654923439091746,0.7312196551828355,0.16806832496702384,0.16979335334200074,0.753790702373988,0.7207910721529993,0.7496851760856083,0.720059078673334,0.045744550912061706,0.0397623929475337,0.09721814250167793,0.08473911958790217,0.12736445156442058,0.11873660916238093,94
nfw_d_rel,50,1,True,clean_experiments/fire_sims_v2/results_nfw_LOSSunrho/checkpoints/IV_nfw_LOSSunrho_n50_t1.pkl,0.4792438523040138,0.7887513467870331,0.476281410442123,0.49340474238599896,0.7979105149823142,0.8308744456632702,0.7941644689813326,0.8320532310356312,0.38706930338432566,0.38722943414005007,0.3958020201404524,0.38726082910920323,0.3803213829665397,0.37182544617571156,0.03493697792787733,0.03472795764351295,0.03398800481260129,0.03495234251022339,0.09274841817131865,0.0,0.12808684955591884,0.0,0.1516768642434823,0.0,14.18888897399062,40.892396102116415,11.95223030717637,37.11169190318144,43.996974263638485,105.97912376801357,2.8332966944090368,0.3905554552808963,0.25597080098410596,0.7693244037976931,0.2608229949768668,0.2597883737070378,0.7857822081107508,0.8410338738619472,0.7998597898229308,0.8476417721768621,0.060951717864632604,0.059272705430741555,0.14763470271904922,0.1392488926972755,0.2262030435211884,0.21876310536563853,16
nfw_d_rel,50,2,True,clean_experiments/fire_sims_v2/results_nfw_LOSSunrho/checkpoints/IV_nfw_LOSSunrho_n50_t2.pkl,0.30599510637484156,0.8895220947609684,0.3072881232479225,0.2870934089425742,0.9348853040566645,0.8185865448672116,0.9430380091273667,0.8173623492180364,0.06250885660210583,0.06100451806317367,0.1535884531278058,0.14442682329011297,0.26663258144653934,0.25464197571405817,0.043915307079791244,0.042933609878937844,0.040405857228971276,0.04398698732256889,0.16442072574385613,0.0,0.16032932053366344,0.0,0.16184497282020674,0.0,43.53388363312457,125.46470810029119,38.40472366457031,119.24672095806226,71.18748851486703,171.4751476054623,0.28916662521826353,0.03986014002240422,0.30261921409328674,0.8875289326597128,0.30361520279462834,0.290152242481196,0.9330688805060673,0.8179929564182638,0.9420619829525942,0.8168284576168257,0.05393467886995527,0.053618200426837945,0.15585451510153886,0.1513846652210267,0.2740565906220115,0.26153324686507307,96
nfw_d_rel,50,3,True,clean_experiments/fire_sims_v2/results_nfw_LOSSunrho/checkpoints/IV_nfw_LOSSunrho_n50_t3.pkl,0.19784335880071313,0.6904975482992688,0.1973712759487394,0.1838954700224829,0.7087807542421245,0.7445458085992249,0.7107805018051938,0.741607251287995,0.05737578697978883,0.0572722161701888,0.12249178901189625,0.11394173665450663,0.1486074359395927,0.14006529390814923,0.029069837862307123,0.02907006658592978,0.029009973482508562,0.02907242625951767,0.07570022393756695,0.0,0.13075699847249023,0.0,0.12704220963500293,0.0,-4.987417772554403,-14.373744375326517,-6.287066378034369,-19.52134994055212,22.90654976607629,55.176886897049116,0.22429134658035474,0.030917414738849583,0.18563898941874246,0.6878627013543954,0.18540920744253248,0.1742142886613384,0.7063369645738253,0.7426345410318651,0.7099447451396957,0.7410074535895579,0.05082104196547459,0.047796272159551643,0.11112082095231815,0.09951054799757901,0.14078183960168414,0.1359804639261486,21
nfw_d_rel,50,4,True,clean_experiments/fire_sims_v2/results_nfw_LOSSunrho/checkpoints/IV_nfw_LOSSunrho_n50_t4.pkl,0.211035931097967,0.7923372565856364,0.21519638055392254,0.21522084810008818,0.8216704361960407,0.8011870969135915,0.8108943619079101,0.7966922902049189,0.10860732781412738,0.10282520010126742,0.14112626505859352,0.1321276844368014,0.1943612455907453,0.1949812737782347,0.03778428068506467,0.03737434075221903,0.036137812418626535,0.0378144234418869,0.11750332589672974,0.0,0.14406039468075632,0.0,0.1557798649468068,0.0,23.49508423469662,67.71286270115824,20.48335368356722,63.600841977753745,53.10506378591072,127.91852671392898,0.7500225678682364,0.10338677415702975,0.19508186268630082,0.7986918780805585,0.1982127755882423,0.19201075560902983,0.8265503069867972,0.8043740083422812,0.8153338094712226,0.8004982292223355,0.046779595311868066,0.04213420279552364,0.09483585284429237,0.08672206255889109,0.14988438503610468,0.14180316434793694,28
nfw_d_rel,50,5,True,clean_experiments/fire_sims_v2/results_nfw_LOSSunrho/checkpoints/IV_nfw_LOSSunrho_n50_t5.pkl,0.18460957391926003,0.7141853548721868,0.1838948267060343,0.18546445914281212,0.7322837432049036,0.7552102576489372,0.732649188492043,0.7557640490433202,0.06774464107520779,0.06979166309848636,0.11549279291217361,0.11089011338374172,0.12116998690261598,0.10696520150631711,0.030010817376541057,0.030056875960711497,0.030099953525992297,0.030009819194674492,0.07679837965464684,0.0,0.1354413324428792,0.0,0.12285686892287426,0.0,-1.9118968875060978,-5.51008926587678,-3.105897144620495,-9.643814999525189,27.524468032676488,66.30044572620848,0.43144254384115144,0.05947214757633239,0.162087114843468,0.7099170255862421,0.16308495723720173,0.16503561799991728,0.7284834160625683,0.7541919979403623,0.7317024057356101,0.7540151245353657,0.0480372218805228,0.044842307176279045,0.09741400407654696,0.08227355970076146,0.1163941293412867,0.1071498290195786,23
nfw_d_rel,200,0,True,clean_experiments/fire_sims_v2/results_nfw_LOSSunrho/checkpoints/IV_nfw_LOSSunrho_n200_t0.pkl,0.11843298317484774,1.1634601219587841,0.12403182300556684,0.10804281214850912,1.2420005770340787,1.0546809536520243,1.3424412928042018,1.0809754413826833,0.05579464976440031,0.05229626913360947,0.08317340670411086,0.08141351222232238,0.16996620216744246,0.12932913646098082,0.04009589049834631,0.03257990782803721,0.041858487042737806,0.040340110659599304,0.11889584428177948,0.0,0.1876094919387427,0.0,0.26041363855048866,0.0,31.050407332902616,89.48731349696398,5.02757985344179,15.610642511427008,77.34184500212926,186.29965130809722,0.24019993733585843,0.033110332592335846,0.11680129322623627,1.1699537660695472,0.1221180245672229,0.103438574922829,1.2480174172882665,1.0659420117720568,1.3500162888683647,1.0896172095394365,0.036553227149023516,0.03292826112323875,0.07993146929400227,0.07385614605431959,0.17335098694469883,0.13875817309455213,1339
nfw_d_rel,200,1,True,clean_experiments/fire_sims_v2/results_nfw_LOSSunrho/checkpoints/IV_nfw_LOSSunrho_n200_t1.pkl,0.15101666209030243,0.9646616549660143,0.15146852346411505,0.10858796677171567,0.9994479151115471,0.7954930605578308,1.0559585348446971,0.8031198850851623,0.059760491633674265,0.059691956228514274,0.0767213024391186,0.06997077152676588,0.18839585047464003,0.1566272506749954,0.032857720192659284,0.03199888609614334,0.030691391726360574,0.03292447701096535,0.0846388685717959,0.0,0.15227475704184157,0.0,0.26833261064270947,0.0,7.392991195846698,21.306610046367556,3.1545448938230867,9.794866329175807,30.03021415653804,72.33624211985763,0.3337842746814989,0.04601045475437829,0.14358375977110416,0.9584087936544352,0.14401667045886624,0.10425103787388154,0.9937061451214191,0.7906309907834854,1.0489466131151377,0.7951433506405117,0.036781368040610225,0.03413388387534354,0.07493687217143588,0.07008828805791718,0.1850062471457001,0.15541972940787332,205
nfw_d_rel,200,2,True,clean_experiments/fire_sims_v2/results_nfw_LOSSunrho/checkpoints/IV_nfw_LOSSunrho_n200_t2.pkl,0.13891639879616935,0.7838532666393153,0.141020219653414,0.12279705369683161,0.8348341244481365,0.758870273758538,0.8293802883726533,0.7454126618659201,0.039971771863931735,0.03748917119322524,0.06281887146500205,0.0584810275921281,0.12267764172934151,0.08649784467351071,0.03979088439648264,0.03799549666285396,0.033319406807909596,0.039919257164001465,0.12404461319826958,0.0,0.15352123441652893,0.0,0.16538228766692964,0.0,30.0535177915691,86.61427656863272,22.485768863806175,69.81834392688057,41.16432520979893,99.1558894503684,0.1055146694527958,0.014544657412077102,0.13298997942970525,0.7813543687929634,0.13498156638605263,0.11787226662014161,0.8323566527732871,0.7572766009472336,0.8272115471271777,0.744278614884652,0.03959735065897269,0.034737787244468146,0.05883332143834488,0.05343106965786127,0.11625365390688948,0.07975684758898838,189
nfw_d_rel,200,3,True,clean_experiments/fire_sims_v2/results_nfw_LOSSunrho/checkpoints/IV_nfw_LOSSunrho_n200_t3.pkl,0.11417050765258008,0.8653374109373795,0.11749963325378193,0.08942681644389638,0.9190593318605809,0.8457612063914919,0.9130019664495074,0.8464925208395304,0.03404842858326146,0.02835550483797253,0.05871800861177118,0.05024280289232623,0.09741772992992706,0.06775723364906336,0.03214941898159172,0.03279161485124104,0.03374134706449245,0.032101187855005264,0.07560119794128123,0.0,0.1456610473790788,0.0,0.14182503649987757,0.0,5.077961873112955,14.634692588504931,5.710058036082306,17.729738227779674,42.95195942377985,103.46191073447278,0.1484865719918911,0.02046811434955933,0.11951310014634894,0.8683085458405456,0.12280316864855798,0.09463217751562314,0.9218448654366769,0.8460250691618552,0.9154204994078082,0.8474294389540274,0.03419524875198028,0.03114883674425324,0.062300128032532334,0.056799657071532436,0.10042084498385079,0.06869326189364469,91
nfw_d_rel,200,4,True,clean_experiments/fire_sims_v2/results_nfw_LOSSunrho/checkpoints/IV_nfw_LOSSunrho_n200_t4.pkl,0.13813698037096636,0.9679947363227959,0.1398717052345243,0.12838297104098434,1.0087256470679744,0.850027541067425,1.0428715911388116,0.8422405790698021,0.03390230484334859,0.030654144004086867,0.06225108918920193,0.056620400388872734,0.11328928529699275,0.09675475162254049,0.035593605757257,0.031312024406531684,0.02461622360665312,0.03593583032488823,0.09498785627790116,0.0,0.1515056030549109,0.0,0.1517816262645268,0.0,16.335027728780823,47.07757072797024,0.9403145364284796,2.919677957264908,4.29155040724814,10.337409773705845,0.11737980688944052,0.01618020591029244,0.136185954228645,0.9677655678865481,0.1377481946475768,0.1268094231698914,1.0083843754640471,0.8490344542357864,1.0422942104255184,0.8418615089271522,0.031190433348187184,0.027554839869178428,0.05674482780857018,0.05178095098900618,0.11102550656422917,0.09549482526130576,260
nfw_d_rel,200,5,True,clean_experiments/fire_sims_v2/results_nfw_LOSSunrho/checkpoints/IV_nfw_LOSSunrho_n200_t5.pkl,0.14068148386089446,0.9807258812175759,0.14458897776525564,0.12103579583684226,1.0322570906494437,0.792683333737779,1.0528143442610793,0.8084730140492682,0.03358248344100781,0.03267817833589169,0.07247176810608844,0.06948149319959201,0.16862023386936711,0.13748134284107816,0.03742247996253931,0.03617614527371126,0.03300824340870509,0.037510886788368225,0.11324631759328849,0.0,0.14163691744887794,0.0,0.17392125803611336,0.0,22.31256574038253,64.30484289381388,16.62074081298351,51.60742358551471,39.846019288810446,95.98037775432864,0.15942832846378296,0.021976379505441193,0.14063402397705632,0.9813602437911819,0.1442059009046317,0.11934204023522443,1.032576279337408,0.7939243329284975,1.0524367606720955,0.8079463358799144,0.03341194997602355,0.029298038265280033,0.06855219709202004,0.06445299244530486,0.17147793679275009,0.13998888395704917,345
nfw_d_rel,500,0,False,clean_experiments/fire_sims_v2/results_nfw_LOSSunrho/checkpoints/IV_nfw_LOSSunrho_n500_t0.pkl,0.16896817972627687,0.8616249350547371,0.1740940696003178,0.138966560646409,0.8868675994057429,0.7471978000565374,0.871117627905869,0.7406326533391567,0.059210232700505516,0.053187548312694066,0.07822445935877448,0.06338890772653574,0.17750308714907498,0.14202189534101223,0.05670666301406119,0.034412432359964044,0.01969520978040206,0.059250690042972565,0.28133512672776667,0.0,0.22300199062668744,0.0,0.26441219595394994,0.007246376811594203,85.34147001396212,245.9542253198927,10.93507405588722,33.95342031326964,-16.55730804139373,-39.88294712425701,0.24812737971170032,0.03420308997013521,0.16534134534710962,0.863373417947831,0.17043638799133726,0.14025508991676383,0.8885164711458331,0.7479549805812513,0.8738196189829684,0.740719361758401,0.035269222178856835,0.02942391531821899,0.06630484531375208,0.053577704756954475,0.17157243333288885,0.14144775543297272,1499
nfw_d_rel,500,1,False,clean_experiments/fire_sims_v2/results_nfw_LOSSunrho/checkpoints/IV_nfw_LOSSunrho_n500_t1.pkl,0.16536342526886633,0.8748420030398921,0.17032768187886788,0.15282169091333314,0.950278340037032,0.8446067141279401,1.029302220768564,0.8607657684230541,0.058509547707386096,0.05828863401801057,0.08176503944634199,0.07374232459974558,0.17079679194881667,0.15033128481706953,0.0424892448386261,0.034120479240537155,0.027563722975252714,0.04326267167925835,0.15487555902213815,0.0,0.16511177308256494,0.0,0.20614083688297657,0.011674718196457327,38.87290627948601,112.03176542822116,9.993907195443207,31.031095888738506,16.77922048563314,40.41748584623341,0.4409484502919243,0.06078248815205299,0.16485474819412466,0.8665007305691301,0.17051771574162722,0.15663017751618485,0.942793869755874,0.8410647182777581,1.018312274646437,0.8555591166278822,0.03531433280468718,0.030007863016205512,0.07825860812482058,0.06745881689733887,0.18447394875794892,0.161142436019978,1499
nfw_d_rel,500,2,True,clean_experiments/fire_sims_v2/results_nfw_LOSSunrho/checkpoints/IV_nfw_LOSSunrho_n500_t2.pkl,0.12269153764261546,0.7403421540764697,0.12756594966919893,0.12015537613500844,0.7886306981105449,0.68697674212885,0.7888636282459207,0.6813251096238422,0.06983426120254962,0.06653752437810298,0.084685135261261,0.07981833721800463,0.13658572483093687,0.13105277339766935,0.037720601832691214,0.03681580214996242,0.03444277892329595,0.03778631240129471,0.11385021816108125,0.0,0.14326656096013224,0.0,0.15117235859943223,0.0,23.286954687296316,67.11303308035787,18.6827974033173,58.01011219681468,45.92371566180343,110.6202239464373,0.4760198587770586,0.06561690240005001,0.11708347763676027,0.7447481502403517,0.12140698390654257,0.11183843780587052,0.7927789406517965,0.6898187884549984,0.7920551553907973,0.6847168005636511,0.03213526464455589,0.028228604305350853,0.06644877744323292,0.06457274368447474,0.12123976488834823,0.10881468166387126,66
nfw_d_rel,500,3,False,clean_experiments/fire_sims_v2/results_nfw_LOSSunrho/checkpoints/IV_nfw_LOSSunrho_n500_t3.pkl,0.1562939885123435,0.9875286669648773,0.16010369893089293,0.11096081289759602,1.0630560084123506,0.7516605608086175,1.0826645722904567,0.7528646600453808,0.04744072763163578,0.04239661564908288,0.05773524780893201,0.054361517387440605,0.11261730511048407,0.0761687958274582,0.0481262283667902,0.03656572079485773,0.021668889834921608,0.048897478729486465,0.19795351436534486,0.0,0.18307356170252062,0.0,0.20593916938891865,0.0,57.296963665746965,165.12992229083085,17.876612203784248,55.5069060191349,-8.195418086913753,-19.74097633530812,0.12213229984206543,0.01683531275190714,0.15612473368692864,0.9881700222787777,0.16019003434137247,0.1110410241442471,1.0640396843211295,0.7530988453974727,1.084152306060104,0.7540101320482986,0.03812612668278682,0.03240111692502126,0.05546889139266595,0.050845957303985154,0.11745300458873684,0.08034113433975343,1499
nfw_d_rel,500,4,False,clean_experiments/fire_sims_v2/results_nfw_LOSSunrho/checkpoints/IV_nfw_LOSSunrho_n500_t4.pkl,0.11646853453751592,0.9106817486898369,0.12098990945379293,0.09711972718695665,1.0095842978330354,0.7555512007262744,1.0635584967700016,0.759032939401062,0.04244525019741299,0.03974820075344808,0.06215564512289264,0.05904013258782791,0.13396540496651696,0.104653227564174,0.03740419318388426,0.03186089592742236,0.01811009369930497,0.0372912622988224,0.10430239212678408,0.0,0.15267421743516213,0.0,0.17242713537264612,0.0,22.252796777484704,64.13258866658646,2.7097071262999832,8.413644435777025,-23.272969075135595,-56.05951116737028,0.30867722894842076,0.042549576937949724,0.11246501323184763,0.9100821874224354,0.118398954882426,0.09022214042354093,1.009547370477192,0.7564084631400669,1.0614524726250978,0.7599500365607091,0.030869678163465843,0.028102686706670335,0.0527447092561199,0.04770954617852087,0.13998733362771917,0.1119362768561776,1499
nfw_d_rel,500,5,True,clean_experiments/fire_sims_v2/results_nfw_LOSSunrho/checkpoints/IV_nfw_LOSSunrho_n500_t5.pkl,0.12295824774208669,0.8745774367364695,0.12462841330678882,0.10942622900713132,0.9704274074266155,0.7125256672921618,1.0310479922916367,0.712425139897922,0.03662509156705192,0.032815325300015484,0.06511383472060502,0.06036707608451071,0.16897454839024317,0.12786738783320403,0.04601537966154386,0.02907533289331982,0.01931242581531001,0.04778400808572769,0.18434056282439565,0.0,0.18757309966919097,0.0,0.22081898397908828,0.0,50.39781317420041,145.24656178349395,-6.2700894263849145,-19.46863648181869,-18.17904880181216,-43.78936722801538,0.04320649348129027,0.005955794098787827,0.12266934015705339,0.8735009097672294,0.124290501768869,0.10873745442186464,0.9693383252217971,0.7111819028223691,1.0297183599073738,0.7111963070493484,0.03707700631499618,0.03287805207107031,0.06500049166347635,0.06048096956206806,0.16925272013193915,0.12919698825725406,669
nfw_d_rel,1000,0,False,clean_experiments/fire_sims_v2/results_nfw_LOSSunrho_large/checkpoints/IV_nfw_LOSSunrho_n1000_t0.pkl,0.10195680109171672,0.9262041869668767,0.10507088054699809,0.09020272275449526,0.946267807871449,0.8056356126714759,0.9540477893626224,0.8117827329710654,0.03695334958560455,0.03520929363515174,0.05947449481571308,0.05658483688041285,0.11942635781361143,0.0994469717459556,0.0390577573594896,0.034575981771636885,0.02692022083512884,0.03858353570103645,0.11073880484752024,0.0,0.16328300254212763,0.0,0.20219494271969787,0.0,27.657347120944802,79.70850964276153,11.462306943871958,35.59047917151186,14.052895076980182,33.85036202121387,0.20732369104452653,0.02857851022315889,0.10291984600198142,0.9231937505796969,0.10658952710426736,0.08868659482355282,0.9434318457441504,0.803471831827392,0.9497645041978783,0.8065280992446414,0.03513931040982019,0.02872971232184674,0.05468953191060019,0.05071854985946514,0.12493378121919947,0.09616338035710814,2499
nfw_d_rel,1000,1,True,clean_experiments/fire_sims_v2/results_nfw_LOSSunrho_large/checkpoints/IV_nfw_LOSSunrho_n1000_t1.pkl,0.0834958315520918,0.832138539449342,0.08514914482335645,0.07416686289347545,0.8620498448743511,0.7403214237742882,0.8676966499695903,0.7316976092768881,0.03411497449159153,0.02925626600482998,0.048080536311818245,0.04359281342250912,0.07364323479126769,0.06439604906182309,0.03993976514044551,0.02812996850285988,0.025446175739411245,0.04164772108197212,0.1340150955160122,0.0,0.156759301363978,0.0,0.17787832610627222,0.0,30.54012332390327,88.0166743328386,-9.317652806051274,-28.93132505917054,7.807808468283672,18.80730922674024,0.09196402599778478,0.012676770531622888,0.08356635023190974,0.8324089373800966,0.08534234821331044,0.07323661903264103,0.8623517285124118,0.740106311590639,0.8679506736211288,0.7314336341036243,0.029880310221047677,0.025133478579146964,0.0458019755532558,0.03957164165196371,0.07223105499684107,0.06370502926896943,937
nfw_d_rel,1000,2,False,clean_experiments/fire_sims_v2/results_nfw_LOSSunrho_large/checkpoints/IV_nfw_LOSSunrho_n1000_t2.pkl,0.12444817531791724,0.822660345340771,0.13451171121674685,0.10747509463813769,0.8641472176908926,0.7670370352515201,0.9049130210380616,0.7806732690440343,0.038595675952930585,0.03404732179293456,0.05263233203901816,0.04786260594482733,0.145880442276002,0.11880669999031268,0.03593841483911196,0.03292700110987008,0.026323543123084325,0.0323004387319088,0.08059557722902513,0.0,0.15108351290884753,0.0,0.2177275391039099,0.10628019323671498,17.46201032144928,50.32553599600964,6.1465016001424795,19.084896107627632,11.52495071488261,27.76109490879779,0.1005912458085252,0.013865988649033947,0.12404919479896942,0.8217835725783608,0.1342074811722601,0.10925483431420191,0.8631925249351489,0.7665646483501793,0.903460605917715,0.780702498709082,0.03874489682944661,0.03368236054573603,0.05312166734043805,0.04693329119021135,0.14755713698480852,0.12456461789569459,2499
nfw_d_rel,1000,3,False,clean_experiments/fire_sims_v2/results_nfw_LOSSunrho_large/checkpoints/IV_nfw_LOSSunrho_n1000_t3.pkl,0.13127421853190224,0.8879821151319358,0.13824203244970684,0.11922989900635955,0.9075009397220883,0.8228685207110389,0.9236838100917901,0.8323045015696366,0.035696790780041995,0.030850580328136396,0.07370288680047818,0.0638588388541381,0.17334944786029835,0.1412448761268612,0.04027906642245137,0.030073167881449817,0.034874950583839784,0.04078942909836769,0.16034726965961923,0.0,0.1665764946824565,0.013709677419354839,0.2421397392011046,0.02999194847020934,31.64910408634019,91.2127583032133,-3.0533770142585115,-9.48073992093182,47.75469726322218,115.03065964119558,0.1125869762388376,0.015519538723363438,0.12924996836754632,0.8867315161089977,0.13605016167069942,0.11677025301147437,0.9059589086193147,0.822325049779767,0.921791082671126,0.8298397373697379,0.03457071149695614,0.031951229576457754,0.0719209538212477,0.0621379449334937,0.17283495966927115,0.13849933189088537,2499
nfw_d_rel,1000,4,True,clean_experiments/fire_sims_v2/results_nfw_LOSSunrho_large/checkpoints/IV_nfw_LOSSunrho_n1000_t4.pkl,0.16306425944656475,0.8642544689269858,0.16810959015724616,0.14836499624537441,0.9059372411653075,0.794448793055836,0.8929380873729784,0.8004804926637943,0.0265655678947054,0.022605444555721135,0.06282210495432418,0.05808200027577147,0.14857769812101407,0.12919805265542145,0.03246603964588217,0.03222653002952544,0.029405878962692953,0.026735952123999596,0.08845812102879541,0.0,0.16975175728680875,0.0,0.25937753629112875,0.12761674718196458,6.1128127396123375,17.61713410433345,3.8883987622144796,12.073483621995797,24.583882447275883,59.217215824120316,0.08231416300746511,0.011346586283351402,0.16320879530123272,0.862987239116915,0.1681812977050604,0.14783896797748367,0.9048358601913526,0.7931544200388428,0.8918061893658837,0.7996355781613022,0.024257869568614334,0.02013961342395408,0.0634528465299676,0.05813567586112213,0.14938865279250363,0.12912106157039943,2110
nfw_d_rel,1000,5,False,clean_experiments/fire_sims_v2/results_nfw_LOSSunrho_large/checkpoints/IV_nfw_LOSSunrho_n1000_t5.pkl,0.11130922303925542,0.7447121904936453,0.11641339902218575,0.09504350351703097,0.789524454926962,0.7214920295006898,0.7930453379398501,0.7173511766098739,0.04399050867706228,0.03957863646344498,0.05449458878145575,0.048429941071874816,0.10802431063132115,0.08695239720631551,0.04484748521890313,0.03340245623589815,0.022548661192180252,0.045762091875076294,0.1700586522639631,0.0,0.17039155706306375,0.0,0.20491486736274966,0.006239935587761675,46.580637884473056,134.24545773476444,7.679222364093448,23.84399623400356,-4.468090925829847,-10.762657413616836,0.13095356766079183,0.018051279394544966,0.10878444449266497,0.7436167730075893,0.11370876624971799,0.09237480860702585,0.7888430490365841,0.7208212327740414,0.7926262965365332,0.7166298181525524,0.03751406104083432,0.03326492545808679,0.05179182964695496,0.04668362877841718,0.10626746974830031,0.08362225613155974,2499
nfw_d_rel,2000,0,False,clean_experiments/fire_sims_v2/results_nfw_LOSSunrho_large/checkpoints/IV_nfw_LOSSunrho_n2000_t0.pkl,0.09766575877360328,0.9000347593679592,0.09943619084903715,0.0854850564775629,0.9162566289289987,0.7671856604102583,0.9555877791476468,0.7961378631248104,0.03136837043272428,0.025070975756140666,0.04709167498876901,0.04389145387306151,0.09640950083828224,0.0811211294491356,0.045047250017318984,0.03298974836479643,0.027581467905355383,0.04519820958375931,0.16664470333188058,0.0,0.15883963414299154,0.0,0.19525472359220652,0.0,47.233554127953234,136.12716318040145,6.348779407745414,19.712968984545327,16.854400428009654,40.59857794520935,0.07669492576638588,0.010572003175499787,0.09734608337745154,0.900842254338056,0.09893312664785087,0.0853326824243349,0.9169920140372378,0.7683161175098947,0.9565644353909839,0.7966511771336899,0.031077797550331267,0.02509823268223895,0.044938222699706584,0.041680303773835664,0.09599324775408291,0.08166620323268756,2499
nfw_d_rel,2000,1,False,clean_experiments/fire_sims_v2/results_nfw_LOSSunrho_large/checkpoints/IV_nfw_LOSSunrho_n2000_t1.pkl,0.08840287631164817,0.9242744585942839,0.09365647010344351,0.0849617408762484,0.9976180446467224,0.8330800393824304,1.023763013891938,0.8313235144061495,0.03602040946089813,0.035479835452564126,0.056862494766749254,0.05066702025109346,0.10248026151639573,0.09383007381920437,0.038369472677971785,0.034312221231672005,0.027109165773246457,0.03940631449222565,0.1308168379151103,0.0,0.17640798341829628,0.0016129032258064516,0.1982965081998511,0.05837359098228664,25.407740322022914,73.22513998188418,10.612024269053927,32.950350271091224,14.853398064471818,35.77859928316018,0.18416139599382492,0.025385706339708183,0.08546761034401584,0.9213037457217246,0.09047155671447685,0.0820009690475107,0.9952895082445461,0.832165193529262,1.0214635449709748,0.8297274528101894,0.021338781114125613,0.018408536908214205,0.04772726622727906,0.038772220975215474,0.09705431549424091,0.08934096356360452,2499
nfw_d_rel,2000,2,False,clean_experiments/fire_sims_v2/results_nfw_LOSSunrho_large/checkpoints/IV_nfw_LOSSunrho_n2000_t2.pkl,0.10855275488391938,0.7837646535550267,0.11027400285162509,0.08613803296550115,0.8192999730742625,0.7045412968918887,0.8133013286571525,0.692131747819583,0.045403433639330075,0.045762187214457975,0.055473831012435124,0.052373960512130495,0.09626391745447402,0.08072687727419442,0.03862574077687346,0.03199842182159439,0.023748874440757923,0.03689581900835037,0.11562247536483282,0.0,0.15243162388772255,0.0,0.18782097308717313,0.03542673107890499,26.245333360363794,75.63908418561962,3.153048215793139,9.790219141789171,0.6168523422210037,1.4858628761855237,0.31311401240267867,0.04316116484026147,0.1090026807155269,0.7787258809107341,0.1111951244946992,0.08752188764859564,0.8149104715840272,0.7035420103959165,0.8080158082473723,0.6899072117133607,0.027845476103130606,0.024636989905569586,0.04576817834955946,0.04154465580035955,0.09731786407626858,0.08618158053645873,2499
nfw_d_rel,2000,3,False,clean_experiments/fire_sims_v2/results_nfw_LOSSunrho_large/checkpoints/IV_nfw_LOSSunrho_n2000_t3.pkl,0.10291139843975133,0.7960426933836511,0.10618431465279746,0.09168002900770686,0.8331904272635994,0.7605196987541317,0.8679587053891207,0.7840272114945102,0.041531500590186204,0.03965066483234649,0.051275290772793594,0.04549240516279754,0.1107733567634539,0.09204345786140077,0.0365461713998273,0.03130094005402927,0.026550784172551908,0.03498990461230278,0.09377514910849169,0.0,0.14141371269278616,0.0,0.2262356850627671,0.05173107890499195,19.44841700430556,56.05036258702387,0.9045820007897878,2.808728383883079,12.48770283087895,30.080154966148537,0.29074956572548716,0.04007834027361731,0.10014821638285493,0.790942819651364,0.10347243315906027,0.09408652035832527,0.8280785520677619,0.7578205199832035,0.8613888443396291,0.7819142488329377,0.02890678885125248,0.025153897400662834,0.04276070515883982,0.038046280672275806,0.10512842685642332,0.09338355946771357,2499
nfw_d_rel,2000,4,True,clean_experiments/fire_sims_v2/results_nfw_LOSSunrho_large/checkpoints/IV_nfw_LOSSunrho_n2000_t4.pkl,0.14318469036802067,0.8203656478273481,0.15219543254306056,0.13956327048535488,0.8336186168252293,0.745394123419632,0.860461474643738,0.7426442045586474,0.04881225943665858,0.0492935590964671,0.07887551744621951,0.07522327820810275,0.15327393437274311,0.13928180843819732,0.040043315431634675,0.02883264002803072,0.02684214087580098,0.038799285888671875,0.12007337696946219,0.0,0.22092051943552005,0.0064516129032258064,0.2614149366500472,0.06763285024154589,30.878569675165632,88.99207714841538,-7.052456412306101,-21.897887072756063,13.722093726449863,33.05353365159908,0.33952285765040463,0.04680148906028449,0.13672986591363423,0.8127921117805821,0.14531262922057256,0.13031692991350086,0.8267674536074392,0.7417322328713891,0.8520853221443898,0.7370755913869342,0.03184605311226315,0.025544610533473386,0.06654367538615256,0.063129124926734,0.14373892010900322,0.13047702915487425,2330
nfw_d_rel,2000,5,False,clean_experiments/fire_sims_v2/results_nfw_LOSSunrho_large/checkpoints/IV_nfw_LOSSunrho_n2000_t5.pkl,0.07273942640228394,0.798768078053967,0.07401759148476883,0.06497710032863618,0.8524306243044586,0.7162725222143583,0.8390146141444436,0.7090519967507007,0.034074731152638094,0.02824405779043144,0.04011495498197594,0.03315057260649436,0.06787978446416662,0.057756804199576905,0.0432535295241628,0.03207007767334545,0.02075016959022084,0.04426736757159233,0.1557863832684293,0.0,0.16031261817737963,0.0,0.1728261719322448,0.0,41.370913384778135,119.23102508856208,3.3840445934217644,10.507463219001881,-12.087759992862043,-29.116779819568123,0.1236943056594287,0.017050627263216715,0.07210573232583664,0.798027337941653,0.07355070607285832,0.06261799201917032,0.851764573161579,0.7172682419534654,0.8390738853469588,0.7102085470755175,0.03331437702164305,0.027366059861136875,0.03889093306058493,0.03284207123680251,0.06797977264733693,0.05603943696495324,2499
nfw_rel_LOS,50,0,True,clean_experiments/fire_sims_v2/results_nfw_LOS/checkpoints/IV_nfw_LOS_n50_t0.pkl,0.25231624075972214,0.6986318782264946,0.2529399115879881,0.24999563034161115,0.7194994440446318,0.6951724796600045,0.7235725483322534,0.6963828011381461,0.17855627356098047,0.1803676076163267,0.2159955979432344,0.2107121497566425,0.2289005069372685,0.2214334338714809,0.03482381036464978,0.03482930603060018,0.03474795624819471,0.0348258800804615,0.08915580884835983,0.0,0.14345029030315737,0.0,0.13719597393703634,0.0,13.819009291222272,39.82640238508795,12.27894626579739,38.126145413913726,47.21666038278924,113.73464603804466,1.2280084958243147,0.16927468913576277,0.16732619238685875,0.6926611365887957,0.16954026701503855,0.1705211823201796,0.7147377186442706,0.6959648653800815,0.7249086281248837,0.6976577155294845,0.04572595516736605,0.039715477954081896,0.09586525263825314,0.08516728556831513,0.12961209881676686,0.12123608232604408,63
nfw_rel_LOS,50,1,True,clean_experiments/fire_sims_v2/results_nfw_LOS/checkpoints/IV_nfw_LOS_n50_t1.pkl,0.6076900918423471,0.8601086535267343,0.6060894815177877,0.6125750969608674,0.8760277295477505,0.8784315712531652,0.8703316866481703,0.8788189248686837,0.5345565327185298,0.5356994794290479,0.5330301484657263,0.5291548579461867,0.5294909851748701,0.527733589461189,0.04034841766657407,0.039960938741724655,0.038586188341714026,0.040374305099248886,0.1277648341164691,0.0,0.14652909835546357,0.0,0.15920884929140075,0.0,31.87577342023861,91.8660196123241,28.821748264836376,89.4915688725842,63.47809764678119,152.9049049317495,3.9219357191653743,0.5406187757899206,0.27463518748811944,0.8317172460409729,0.27862939078451004,0.27181720347783433,0.8552829690890393,0.9051254217260964,0.8739488456636242,0.9148526033110838,0.059151750892697544,0.057105757389767975,0.15034750706066935,0.14441484250963976,0.24183812439102315,0.23275338519916952,11
nfw_rel_LOS,50,2,True,clean_experiments/fire_sims_v2/results_nfw_LOS/checkpoints/IV_nfw_LOS_n50_t2.pkl,0.6320176337588213,1.0505755427351497,0.6354166386969562,0.6604150068395161,1.1075885105613321,0.9883658728508228,1.1221643407999073,0.9597510362650232,0.6679161396732831,0.6637748448863312,0.620649766409695,0.6177188713160642,0.6060484557545721,0.6031461397850701,0.04696055755964647,0.046611717290140804,0.04557716522182499,0.04698587954044342,0.19064192178483352,0.0,0.18372052219174845,0.0,0.19058727387658309,0.0,53.48705616167096,154.1497640096089,50.261808155988525,156.0629849695829,93.09676821698767,224.24982823021693,4.820699653347476,0.6645087863903651,0.32985820400821764,1.0055436307882584,0.33530323171532056,0.31856975785382013,1.056804288360081,0.9292703590863811,1.0713803731370388,0.9136153037644319,0.05160405490421098,0.050164767995288406,0.16983457089317994,0.1586550269298132,0.34835595253761736,0.3286827422649061,114
nfw_rel_LOS,50,3,True,clean_experiments/fire_sims_v2/results_nfw_LOS/checkpoints/IV_nfw_LOS_n50_t3.pkl,0.28129349340018994,0.7270230822175626,0.2791220317233073,0.266996858047585,0.7463669503157746,0.7536232952686285,0.7555922201757743,0.7569140075438021,0.2317424757634059,0.23210633280010223,0.2347061302652338,0.23571629914355302,0.23451011590969315,0.22794123076584416,0.02963968331930875,0.02967662939014209,0.02971508200789603,0.029638860374689102,0.07395394458141061,0.0,0.13209847562435376,0.0,0.14413735207691974,0.0,-3.1249206854789273,-9.006025397234616,-4.331694874474965,-13.449918673637324,25.89388293679678,62.37272154556336,1.7234043891589652,0.23756247877932363,0.19120086556213103,0.7266544524762251,0.191527848211412,0.1818539125741943,0.7497940534685716,0.7712645145131378,0.769466347140714,0.776695843781307,0.04901796545683251,0.04588547197018016,0.11220981102691512,0.10061426134984079,0.15643748559277254,0.15591391708058427,32
nfw_rel_LOS,50,4,True,clean_experiments/fire_sims_v2/results_nfw_LOS/checkpoints/IV_nfw_LOS_n50_t4.pkl,0.505442802437907,0.8512089126923161,0.5050383984305628,0.5185316225816726,0.875515922283947,0.8479025571298309,0.8757332010388292,0.8458729124586573,0.42898500453494987,0.42921004676190067,0.4444714862183411,0.44118717793233475,0.445764728762134,0.4329282713911702,0.04314078843506793,0.04235608775944159,0.0398491299535457,0.04319513589143753,0.15289116973840644,0.0,0.16668966265775928,0.0,0.2024294640653625,0.0,41.00242760068893,118.16904858930299,36.54297037654156,113.46597438195474,68.82880216086251,165.79358615209753,3.1079245030850076,0.4284114938178735,0.25162377958858284,0.8395595768563633,0.25994446158339296,0.267312717533173,0.8674572749644123,0.8668352133388879,0.8876112874751713,0.8776676264555795,0.05283092446331371,0.0481072670780435,0.12964511880081095,0.12552080352367012,0.22699108355500303,0.22724510908185813,44
nfw_rel_LOS,50,5,True,clean_experiments/fire_sims_v2/results_nfw_LOS/checkpoints/IV_nfw_LOS_n50_t5.pkl,0.41118105634681934,0.7814216067723463,0.4099159487446581,0.40832383008063616,0.7990332277759238,0.8086469760808223,0.8042255884521332,0.8095546949114412,0.3369001552132576,0.33772209861224045,0.34990502570325815,0.34793592650232963,0.35912537292249425,0.35134202725395974,0.026692419255920332,0.026680083700082017,0.026547748020452063,0.02669460140168667,0.08510221453832047,0.0,0.13700200250904876,0.0,0.1340566371586193,0.0,-12.757831969507091,-36.76808799178312,-13.991634473089583,-43.44404470481655,12.474839565789036,30.049170163537884,2.4819263834273286,0.3421208553858528,0.22866948240202048,0.7714741894718985,0.2332172103299519,0.23523858850243978,0.7943829545837995,0.8273490969056352,0.81450740410782,0.8423596883665925,0.05180389733118383,0.051317592081886854,0.12534101437362774,0.12851948475621633,0.19603433895233585,0.1956426104934032,23
nfw_rel_LOS,200,0,True,clean_experiments/fire_sims_v2/results_nfw_LOS/checkpoints/IV_nfw_LOS_n200_t0.pkl,0.5826787409884503,1.390983271169684,0.5819145706798203,0.5656348473855874,1.5116474789586076,1.2613298048384676,1.611449736228531,1.2922857908957266,0.6676604762402576,0.6651890271552008,0.6750673240546514,0.6781986366945992,0.7297947254924481,0.7360426757735912,0.039863844430707764,0.029274590614635852,0.021365607282858766,0.04077193886041641,0.13060232921429282,0.0,0.1669361927667226,0.0,0.25343053193480697,0.0,30.29198218493679,87.3015312541629,-5.627743955446384,-17.474152891709025,-9.480335224144827,-22.836061726914142,4.85958758428789,0.6698692887349788,0.13946023511198424,1.335306267010291,0.14204545048198164,0.108709897039939,1.4588711532015644,1.2484523570382242,1.561891822512439,1.2944949256063054,0.037692304654995734,0.03441873601388739,0.08392643457015034,0.07866712474789689,0.20959203152532446,0.14528179237379585,1057
nfw_rel_LOS,200,1,True,clean_experiments/fire_sims_v2/results_nfw_LOS/checkpoints/IV_nfw_LOS_n200_t1.pkl,0.5776569724883325,1.9467752819531599,0.5803401192217107,0.595203199369742,2.0816668253366735,1.6899494823729677,2.1392904484167086,1.6870183178213547,0.663143725251831,0.657848967286421,0.632975490943715,0.639032128266256,0.7175284620107576,0.6709232005043302,0.03409064444628989,0.03338083019069226,0.029641809660105548,0.034131210297346115,0.07954144873271399,0.0,0.15170253693531632,0.0,0.25630396477291534,0.02717391304347826,11.422711539769969,32.92026921210853,7.609506660729141,23.62752887706882,25.583449993256924,61.62495622997735,4.7879556007458,0.6599951862450558,0.17794422198914622,1.826561685532572,0.17728505136228734,0.1319704105856222,1.9665547069186475,1.5650465516865222,2.0160331238222264,1.5370947760320854,0.038152534116593875,0.03541891162274628,0.0784536247106785,0.07664370411719121,0.21321142479278027,0.1647607465169295,158
nfw_rel_LOS,200,2,True,clean_experiments/fire_sims_v2/results_nfw_LOS/checkpoints/IV_nfw_LOS_n200_t2.pkl,0.2718558775936191,1.0102253292635415,0.274737371970996,0.2552221099223282,1.0746274077635523,0.9863331173961368,1.1273003862771602,0.9909776730278368,0.2067673137660035,0.2116514933035537,0.2258756186168997,0.22941483651530953,0.30731007584699344,0.2749464458627404,0.03935374964365301,0.038158471158097645,0.03452095713498936,0.039437245577573776,0.12237391498140773,0.0,0.15233499280436347,0.0,0.1666090740820512,0.0,28.6247756759637,82.49663997099572,23.011148398445318,71.44964812037975,46.25493327811433,111.41805500961046,1.4738355157954548,0.20316068628340703,0.14530475389397995,0.9895609090907203,0.1481727811441892,0.13020725813792683,1.053203081463711,0.9709709422555752,1.1107995294499011,0.9891960397343058,0.03983752045627587,0.035153897620617526,0.05889096423604686,0.052967603926640586,0.1354391122510266,0.09007255040998427,188
nfw_rel_LOS,200,3,True,clean_experiments/fire_sims_v2/results_nfw_LOS/checkpoints/IV_nfw_LOS_n200_t3.pkl,0.23845015423309002,0.9815042762120522,0.24332163292955153,0.21301131612612167,1.031855348368175,0.9135553800820162,1.0567941394852962,0.9068026645931864,0.20103869856953138,0.2053410892703138,0.20163388608951333,0.21074336118244053,0.2872084256687535,0.2533631272859104,0.028412967334429724,0.030527878828099615,0.036330117187776775,0.02827010303735733,0.07812862915135035,0.0,0.14608831704373498,0.0,0.13063023632195778,0.0,-7.134349769160444,-20.561205125104312,-1.587529090084908,-4.929280056057402,53.91980136897224,129.88105201479019,1.4053731791107875,0.1937235033980999,0.13315917894754364,0.9361748248466104,0.1399020102605227,0.11531533625669216,0.9888716106151804,0.8909896555445656,1.0158356363308965,0.8845944588074679,0.039061720535103886,0.03585282451612609,0.07481115016422737,0.0722101330672698,0.13211158951710172,0.09230813196636908,74
nfw_rel_LOS,200,4,True,clean_experiments/fire_sims_v2/results_nfw_LOS/checkpoints/IV_nfw_LOS_n200_t4.pkl,0.32029354803084775,0.8617212890082875,0.32467508014798,0.3155864131459194,0.8952360051220329,0.7686956106864121,0.9265648645854659,0.7635570699345755,0.36709437405870077,0.3667075233890187,0.37196833271925406,0.36863471748075466,0.40196094900389884,0.3982599726911632,0.03735766714524143,0.03433194425915557,0.026772889248009624,0.03757499158382416,0.11478811591353907,0.0,0.16206394977875443,0.0,0.20103465565806614,0.0,22.100729913775055,63.694331771616,10.675605229899956,33.14776924388404,13.428695366652942,32.346800936300795,2.615442584621598,0.36052538070355167,0.15313357466455732,0.8831468183270652,0.15772522623936636,0.14860104767669688,0.9134868503664988,0.8134689062151519,0.9653891470015602,0.826100257470485,0.030698633430784477,0.027298175569986344,0.07425347106824354,0.07033115072830351,0.17227678336987445,0.16389296613089194,162
nfw_rel_LOS,200,5,True,clean_experiments/fire_sims_v2/results_nfw_LOS/checkpoints/IV_nfw_LOS_n200_t5.pkl,0.31358209499681583,1.7912191962267283,0.31890865989685147,0.2932376294686689,1.844810627198784,1.2702242424175834,1.7948473547022548,1.238940773003094,0.33631849463004126,0.33058383352898146,0.3069303911487952,0.30826338163954786,0.3486885441293305,0.3232822212590405,0.03970423154292931,0.038460262615759175,0.034604990962710774,0.03978864103555679,0.12959781799430198,0.0,0.1402709632165252,0.0,0.18580036741649564,0.0,29.770299446407524,85.79804093700835,23.98403102862133,74.47045005450667,46.6109593818646,112.27564431309071,2.4772922821053314,0.34148206822487454,0.166545084828882,1.7762374182133471,0.17098983287232367,0.12541817519143314,1.8276873713634596,1.233325458133064,1.779150040018407,1.1962800776270315,0.0348944776576858,0.030149449474173598,0.07422155472538221,0.06811417236377965,0.19609395914956937,0.15000632365412406,273
nfw_rel_LOS,500,0,False,clean_experiments/fire_sims_v2/results_nfw_LOS/checkpoints/IV_nfw_LOS_n500_t0.pkl,0.43855916427380826,1.0416069757773936,0.4426442032689416,0.40229835365091116,1.0910622949488413,0.8535761489116533,1.1524932769078435,0.8668204397437616,0.4856545160606654,0.48569780715397093,0.48619586189403774,0.47977782846906303,0.5765114507311841,0.5316782729880334,0.05127151139362062,0.03128631177453652,0.0029122418156722757,0.05158448591828346,0.21666151051588195,0.0,0.18426511889029354,0.0,0.27167657353560587,0.002214170692431562,67.5770850627363,194.75724525559002,0.8574249369744869,2.662305634455189,-87.66170559016238,-211.15794669846198,3.529876673478323,0.48657544196347935,0.1836538001223385,1.036481877268419,0.19504928444285774,0.15005502944944255,1.0919187848667251,0.8679740025196504,1.1750393761450542,0.8944823027591449,0.02906579337363187,0.024050668629401445,0.06279206257964419,0.05466753508844098,0.27612935349528567,0.1869063207247992,1499
nfw_rel_LOS,500,1,False,clean_experiments/fire_sims_v2/results_nfw_LOS/checkpoints/IV_nfw_LOS_n500_t1.pkl,0.6147579700238383,1.1884478614787906,0.6207231967797764,0.6068350798582458,1.3183262120578383,1.0190519200619268,1.4387209842944295,1.038290645195318,0.6986110024015171,0.6976149406994567,0.6804219771054298,0.6832209751913689,0.757590127666603,0.7083691722420095,0.043975393235269854,0.03355812579520175,0.016505584386675584,0.04483054205775261,0.16578546594270177,0.0,0.166536202391221,0.0,0.20403102585575772,0.07427536231884058,43.73027072049615,126.03069593632686,8.18105303705929,25.402181178908148,-30.070793409643176,-72.43398869809889,5.093613485393757,0.7021285620169772,0.20487878414339755,1.209533621762962,0.21793186267808048,0.17757767202045543,1.3322830546849638,1.101759202772421,1.4845537582545458,1.1426543362868884,0.03707552547545224,0.030638467683643266,0.08148134202560163,0.06691814443651395,0.26951195258892524,0.22115971156238662,1499
nfw_rel_LOS,500,2,True,clean_experiments/fire_sims_v2/results_nfw_LOS/checkpoints/IV_nfw_LOS_n500_t2.pkl,0.2924488295765017,1.026204410916749,0.29920342438130837,0.27942933086400035,1.0808299946578086,0.9718558752018053,1.1359277332507591,0.9955100573747644,0.3352474964223444,0.3302043923489878,0.3016931092910164,0.30384634730027116,0.3629246600462396,0.3308017502887118,0.037274394764167586,0.03807354319945184,0.040581216145466864,0.037223782390356064,0.11025509828186231,0.0,0.1437392413432222,0.0,0.16258946939991606,0.0,21.828560389076312,62.909938854643634,22.737366839407684,70.59955599475556,71.93043160684142,173.26473562179135,2.3420981656915534,0.3228462508777278,0.1331930343209239,0.9724016610094921,0.1391558435427106,0.12235744031938268,1.0284931754743412,0.9084359848367468,1.0762526808720407,0.9054505481644137,0.032499397338499006,0.02834173878306047,0.0604818545010485,0.05635764875706653,0.16064188288060793,0.12868583827371832,51
nfw_rel_LOS,500,3,False,clean_experiments/fire_sims_v2/results_nfw_LOS/checkpoints/IV_nfw_LOS_n500_t3.pkl,0.3550491702456303,0.8814844536166218,0.3634935202594933,0.333691545324051,0.943350243852736,0.7999450673608686,0.9709782833289944,0.7879107102089539,0.32347360227156247,0.31949385160733207,0.3244195843084545,0.32732562312694147,0.38485554544836076,0.3630731200645384,0.04665336160996177,0.0348456796136103,0.0193639279625062,0.047225501388311386,0.18489267190065237,0.0,0.17503723512015043,0.0,0.21413271171180778,0.03482286634460548,52.48300926716795,151.25609958032348,12.331729650150688,38.29003789652015,-17.960849663462565,-43.26377305077358,2.26584465869296,0.31233509502124157,0.19025263813520513,0.8911467431997999,0.19733013439751074,0.1220705358536877,0.9545883145872514,0.8281480637649687,0.9971567000958008,0.8312509347093258,0.036054011834981,0.03047235154213032,0.05392495370974627,0.04895604905166438,0.17735376290873492,0.0996131988407713,1499
nfw_rel_LOS,500,4,True,clean_experiments/fire_sims_v2/results_nfw_LOS/checkpoints/IV_nfw_LOS_n500_t4.pkl,0.4612844982845652,1.412750682091345,0.46598858431177126,0.4566373033348353,1.5447115927534671,1.1721043289714366,1.609140718159345,1.1831368437532244,0.5138328270332301,0.5152974408696831,0.5213685924494111,0.5188877972986234,0.5626646968067024,0.5392655782524534,0.03459018470731791,0.03317120977732337,0.004277482844045165,0.03407658636569977,0.08647558797445182,0.0,0.16192969565433768,0.0,0.19755683681541067,0.020128824476650563,13.055421372953653,37.62574103169596,6.9337550649844095,21.52931922248208,-81.87758915525512,-197.2252706041822,3.7734595785887666,0.520152099357595,0.14238971610091306,1.428105031448315,0.15043144585615292,0.10196373643478608,1.5636530428858375,1.1886254729503323,1.6415101454398116,1.2309144638031286,0.02969003311094849,0.027207755720905655,0.048780856464903086,0.04339637951555339,0.18013177948571174,0.11925822611511411,1337
nfw_rel_LOS,500,5,True,clean_experiments/fire_sims_v2/results_nfw_LOS/checkpoints/IV_nfw_LOS_n500_t5.pkl,0.295805064135372,1.023900202325083,0.2917006862544914,0.28925596109852714,1.0903549599204214,0.846417389894788,1.1095446466923133,0.8639433759813202,0.31536744624271346,0.3180334153143459,0.3327280392338464,0.3315658775337602,0.3551263043125989,0.33564520383759155,0.04448267871136847,0.02760537232248814,0.00973494187894889,0.04602326825261116,0.16914396404878948,0.0,0.1789759547253763,0.0,0.21300981378317765,0.0,45.38829520755751,130.80912462064495,-11.008789181133,-34.18230588076775,-58.75597338148864,-141.53033655891986,2.345113417295471,0.3232618878864739,0.132270000385592,1.033190068660371,0.13171061522335742,0.10328905001579333,1.102753205717201,0.8773664084327185,1.1376517754947963,0.8964459262258928,0.03518166217223438,0.03125449839333473,0.06280600055532425,0.05751022335728166,0.21088877623335245,0.1292700066887904,645
a_uniform_abs,50,0,True,experiments/repeating_with_rejectancesampling/results/nn_uniform_hetW_n50_t0.pkl,0.09860313454341885,0.16698408797782816,0.09987478574215006,0.09863266299198799,0.17049952738565904,0.1283222227053082,0.1743602862748575,0.13207789522558044,0.06357389621286719,0.06348442993347925,0.09536106310838532,0.09358415715574153,0.1023743428846797,0.10004654799511199,0.02619434690609387,0.02626525679117124,0.026143193794779584,0.026190273463726044,0.09194929169354103,0.0,0.142775235594679,0.0,0.1399656609704351,0.0,-14.385744045152496,-41.45973266803205,-15.328908554125796,-47.596282606033036,10.760864746037102,25.920578309259614,0.43312649807293635,0.05970427205272935,0.10089862668588842,0.16744918695264802,0.1017172265141827,0.10073367029361138,0.17058243243553395,0.12587346653532133,0.17741130741996963,0.13797476772446246,0.04065320665080383,0.03694344063299028,0.08555127610811204,0.07169425061302476,0.09005309762452195,0.08661825172229665,
a_uniform_abs,50,1,True,experiments/repeating_with_rejectancesampling/results/nn_uniform_hetW_n50_t1.pkl,0.17542254677844593,0.2017693091280106,0.17667204556627064,0.17038132953977225,0.2090865465871551,0.17395731678329857,0.2108305076206371,0.1683635162185061,0.04446104226201592,0.03851816973332012,0.11129183521762351,0.11099144099045558,0.15566567713300616,0.14704341422242265,0.03590141249058455,0.035668484409227694,0.03400431910480789,0.03591374307870865,0.09591421056379956,0.0,0.1413167339202297,0.0,0.145502936586153,0.0,17.341070923757364,49.976988497764026,14.984198675895842,46.52595794962371,44.066093022681756,106.14561579711184,0.24319253294411602,0.033522846587979514,0.17097353450548092,0.20118923575577313,0.17251001061765647,0.17157698775931185,0.20788322193798553,0.17421738215494997,0.2094136058774389,0.17123017763719162,0.042172691963961596,0.03833065407254486,0.1070359102822956,0.10500010114308989,0.15095282178703107,0.14840894530077287,
a_uniform_abs,50,2,True,experiments/repeating_with_rejectancesampling/results/nn_uniform_hetW_n50_t2.pkl,0.10108140023200116,0.18398837519863562,0.10165559420527467,0.10201985026371718,0.18763645728658362,0.14473761822154207,0.19215595516453216,0.14921805112928938,0.051402739375578335,0.05280658096245433,0.09500989320924477,0.09248691798364193,0.09949851277754365,0.09970536269017109,0.024658399918268223,0.024933220339523905,0.02539813757364161,0.024640658870339394,0.10243877682606742,0.0,0.14981072807922868,0.0,0.13862379492734694,0.0,-19.405871442113483,-55.92774622257599,-19.622983464696656,-60.92939123887154,7.604285179460382,18.317065973042162,0.2773172087065531,0.03822675857326894,0.10388319857480899,0.18489629778159705,0.10439668933873684,0.10140333013815331,0.18835980595990498,0.14467628394430754,0.19474338613383352,0.15467471920137804,0.041674794015750874,0.038056750176505005,0.08967207951392739,0.07434358840482144,0.09219633827599334,0.08725198900846934,
a_uniform_abs,50,3,True,experiments/repeating_with_rejectancesampling/results/nn_uniform_hetW_n50_t3.pkl,0.10820191556644213,0.19256348872058804,0.10957105624228669,0.1098174208889838,0.19592467687190576,0.14699168327358708,0.20347900883648246,0.15855689658124195,0.09103938077761675,0.097404656864262,0.12471571302176888,0.1259884108920899,0.11527800083977638,0.11665906911036568,0.0197382762094991,0.019959426694116798,0.020439166387610456,0.019724952057003975,0.1918912727450246,0.0,0.22298164078343025,0.0,0.19811231034616705,0.0,-35.48692633698003,-102.27336691960039,-35.65696097085732,-110.71491393197903,-13.405387208967202,-32.29065666343824,0.6256389032273514,0.08624112228471158,0.10714312312837532,0.19903611435713048,0.10839136029646548,0.10507829850536349,0.20281717071167848,0.15744162284442467,0.21328941067323698,0.17637180174199962,0.04416273278735036,0.04125786960298496,0.10020228676091773,0.07453484406330754,0.09531940053558231,0.07286343826011048,
a_uniform_abs,50,4,True,experiments/repeating_with_rejectancesampling/results/nn_uniform_hetW_n50_t4.pkl,0.1079552268684692,0.18960809668088774,0.10930966944228644,0.10715108381110575,0.19065257292264567,0.15111750839506016,0.19959877353481226,0.1610144085649338,0.09065452356906564,0.09656286766265752,0.1199328030866534,0.12129784911090308,0.11758874682093763,0.11490790467957426,0.0234656317689447,0.023605220151757374,0.023683901418559132,0.023456837981939316,0.11884005391448355,0.0,0.16228003572059704,0.0,0.1549343269367653,0.0,-23.304344574391386,-67.1631507571236,-23.90404670472234,-74.22209861637876,0.3415811500172965,0.8227945575889992,0.646162697678891,0.08907022235811017,0.1006037155866435,0.19337592335357995,0.10203466853481712,0.10061997231974962,0.19588903916040606,0.1596505761618842,0.20834535789261954,0.1766659188413711,0.042177348438342574,0.0388449551800774,0.0910115807623437,0.07177066494285786,0.09213250049545979,0.0767921531025405,
a_uniform_abs,50,5,True,experiments/repeating_with_rejectancesampling/results/nn_uniform_hetW_n50_t5.pkl,0.1510877434263705,0.19850595553051575,0.1510683358398671,0.15622152948952417,0.20052200978868753,0.159785779942857,0.20647277353369647,0.16194735825529596,0.17942610843403434,0.1850562145647378,0.19143348423703982,0.19044610679691354,0.1764186775745053,0.18077750467117837,0.01839122005394426,0.01839591790754611,0.018334706623792395,0.018392903730273247,0.222585026815461,0.0,0.25403171097079913,0.0,0.2257650340733684,0.0,-39.889678232290514,-114.96210349174544,-40.697231336257055,-126.36496050087257,-22.321351535799927,-53.767271878896835,1.3133310898672528,0.18103597224739157,0.11299554803199564,0.2291344728302774,0.11484468795156363,0.11155593030329874,0.23169973796352922,0.19791406214011786,0.24400596893343446,0.21157694874113153,0.043954561072940615,0.0412324151497145,0.10166144883880186,0.0785428105687184,0.11328952550027321,0.09901750066763332,
a_uniform_abs,200,0,True,experiments/repeating_with_rejectancesampling/results/nn_uniform_hetW_n200_t0.pkl,0.08119241677641872,0.1783115671208627,0.08318008791256956,0.08054186382445647,0.18365759929211978,0.13447375561597372,0.18480742559581226,0.13064214143243524,0.0840478912517196,0.08496894495614643,0.08931618668941649,0.09046991511521207,0.0789544924023463,0.07781465365130694,0.027028262685364828,0.026799838743469327,0.025956385535498408,0.02704562060534954,0.08627804606233491,0.0,0.14012265986953698,0.0,0.14632067395683865,0.0,-11.660152938520227,-33.60457562584783,-13.605581128537475,-42.245348527366865,9.969414225411857,24.014146467401737,0.5066499104722674,0.0698390983348089,0.09180949630380325,0.18143883698553373,0.09253849234518721,0.0836163245314061,0.18633805157877142,0.1365095436631929,0.1880247002305144,0.1378926179826025,0.04361558990984428,0.04017809221046826,0.08353999349898608,0.06120193984188761,0.08701117936779726,0.07795011180882153,
a_uniform_abs,200,1,True,experiments/repeating_with_rejectancesampling/results/nn_uniform_hetW_n200_t1.pkl,0.07714979136534424,0.21109905094538028,0.07854924936992808,0.07426526820657055,0.226956119628776,0.1468883481258208,0.23542051113581283,0.1479682922686223,0.0812413073769516,0.08059410194534912,0.07738197237465859,0.07322741006370054,0.07948407651049177,0.07373132405482423,0.03378925634474159,0.030331202795230532,0.02435326353559171,0.03406166657805443,0.0834501761513273,0.0,0.13138502595199045,0.0,0.1492471188260294,0.0,10.43764716079518,30.081312416762405,-2.221551993293966,-6.897922061669316,3.1774675184827634,7.6538268607356,0.5204998583780861,0.07174824280268186,0.09052033662378808,0.2247066246870574,0.09192230182660652,0.08628405962362662,0.24007003062175528,0.17161942099114463,0.2504777768931123,0.18332441417733208,0.0319023414318034,0.02814893278515363,0.07578076625619991,0.07387172239608869,0.1030245019524078,0.09160412759622347,
a_uniform_abs,200,2,True,experiments/repeating_with_rejectancesampling/results/nn_uniform_hetW_n200_t2.pkl,0.09446547692376012,0.2189170437214547,0.09549004508156833,0.09271804278352985,0.2284228903449702,0.15129410140852256,0.22960323119683507,0.15502093087855645,0.11953761279775582,0.11976288069443262,0.1085758310498007,0.11058386296539002,0.09377214593107132,0.09251400380935937,0.024319379657065283,0.02431457668369904,0.023891745908525986,0.024320043623447418,0.10321310507344603,0.0,0.15369496998170684,0.0,0.15338448784214706,0.0,-20.513933709157648,-59.12118308805845,-21.61729990984805,-67.12174660416834,1.2221558656446099,2.9439071644524497,0.8196516853589836,0.11298479180765841,0.10385167707049606,0.23212808485242517,0.1040947933064271,0.0976753463267796,0.2417229729195215,0.17579444678950912,0.24558211059428692,0.18436225811925594,0.04423547604109225,0.04140021038647644,0.092560863655241,0.06846222169700167,0.10009829270545481,0.08991691337381923,
a_uniform_abs,200,3,True,experiments/repeating_with_rejectancesampling/results/nn_uniform_hetW_n200_t3.pkl,0.08354415168053053,0.1978478675628777,0.08415868112205177,0.07876951913178884,0.20683907000614346,0.1460465206694647,0.211498699388114,0.14715601339483148,0.0943677320628021,0.09368047139688344,0.08659778920849337,0.08457811663498506,0.07974108320580967,0.077528968650419,0.027369739571289145,0.02694385187428219,0.025538818309364098,0.027400445193052292,0.08088917106951213,0.0,0.13658457794202913,0.0,0.14490645461812127,0.0,-10.544061378039771,-30.387998326451296,-13.141327187850274,-40.80383938900325,8.200307228795564,19.752753212724965,0.6269944866952042,0.08642798253111757,0.09443108959778801,0.20286496060379272,0.09523236164779023,0.08939527433104189,0.2114783205921134,0.15087372588866005,0.21554632798665152,0.15489966622046025,0.04040605209366002,0.037017017689571316,0.08796878352951044,0.06926085430983336,0.10892395335247693,0.1060060530076275,
a_uniform_abs,200,4,True,experiments/repeating_with_rejectancesampling/results/nn_uniform_hetW_n200_t4.pkl,0.07420520861780552,0.18483273117510746,0.07487946947217347,0.07140166114829014,0.18891006201239752,0.13714543489947956,0.19588538160477859,0.1567511648453125,0.06933446702969674,0.06853770600437303,0.0843905293427546,0.08208224795314556,0.0670280738080336,0.06267833812889137,0.02415456803503673,0.024383837989969563,0.024619472016818196,0.024139361456036568,0.10568044775845656,0.0,0.1588479395851472,0.0,0.1438741634549159,0.0,-21.052608120215528,-60.67364342709076,-21.39402280871331,-66.42847089131894,4.305312946047264,10.370560730724268,0.4161753845909042,0.05736764777453174,0.08797639822394794,0.19058481611288913,0.0880978551691826,0.07868358954684188,0.19433320733363352,0.15289997455045554,0.20086453080720879,0.16459158795016351,0.04238948014575353,0.039389992967273635,0.08647723546113406,0.06408649137182397,0.08510342468961643,0.07136995761183655,
a_uniform_abs,200,5,True,experiments/repeating_with_rejectancesampling/results/nn_uniform_hetW_n200_t5.pkl,0.09868472776843674,0.21208242310444886,0.09903077276304881,0.09002088431341188,0.2201861210284858,0.1583036583997649,0.22025627043008367,0.1603453668392777,0.04957792731037852,0.04673616415351134,0.0776057118127616,0.07345866265641712,0.09325875830950175,0.08519487020400812,0.033270727094728475,0.030181889236782562,0.02287243913971004,0.03344208747148514,0.08058384186598697,0.0,0.15256255299908536,0.0,0.1521813573284009,0.0,8.742873242978186,25.1969718261815,-2.7028928787829134,-8.392486187658827,-3.09634095007679,-7.458410635463954,0.20433950275152757,0.028167155132915074,0.10380795622941719,0.2135357612056285,0.10444409489021954,0.09516607033781442,0.22167105902401116,0.16307398002196427,0.220567126082806,0.16227589259947933,0.03517891612825683,0.03319382410114588,0.08434457353010431,0.0767462812919917,0.10900611491509038,0.1000103488815721,
a_uniform_abs,500,0,True,experiments/repeating_with_rejectancesampling/results/nn_uniform_hetW_n500_t0.pkl,0.07583593101942371,0.260533967388219,0.077370073340472,0.06299782175623,0.2698906262047588,0.17729038706369876,0.2834401084859858,0.17981849129833227,0.045842844081757234,0.039061912343571356,0.06895628642816744,0.06314603834276761,0.08965775529662133,0.07802683876366659,0.051438215207797136,0.033141194261198915,0.024489159460565818,0.05370084196329117,0.25284299749114436,0.0,0.22049149829847478,0.0,0.23898233033910837,0.0,68.12194396174696,196.32752929678225,6.8369942934916565,21.22887689099545,3.7532177609263804,9.040683734978066,0.2753949722577686,0.03796178811221768,0.08278220292821774,0.2623824830258205,0.08448184714839929,0.07122677132075825,0.2719185162449364,0.18334727606120874,0.285719271935215,0.18397416857585347,0.03712497189500383,0.03385973706919607,0.08020727609137875,0.0769651410613464,0.1044774012419819,0.09526532406855595,
a_uniform_abs,500,1,True,experiments/repeating_with_rejectancesampling/results/nn_uniform_hetW_n500_t1.pkl,0.07219450928660201,0.2572062681600985,0.074634992131875,0.07017658792262431,0.26380951327823593,0.20744666120246769,0.2678758390983967,0.20748557293595096,0.08957890797075604,0.08365308325412146,0.06707149951667918,0.06151641242444018,0.06260672886016544,0.057071068587960495,0.04095153877306468,0.03453686521666801,0.02405596800271518,0.04143922030925751,0.1377360784611239,0.0,0.14384017122946344,0.0,0.166811816781408,0.0,33.84702946903305,97.54718205666764,11.336207228603595,35.19893937836475,1.9179155844297093,4.6198407163390804,0.6166254391317285,0.08499866236850494,0.08997874033551287,0.270037930450583,0.0920265440988994,0.0861390166570894,0.2767949720805257,0.22862304361259897,0.2788592217146922,0.2284473084777605,0.037450388575417576,0.03333957971856735,0.06303948159432429,0.059754532196553994,0.09122928282105308,0.08343115358498657,
a_uniform_abs,500,2,True,experiments/repeating_with_rejectancesampling/results/nn_uniform_hetW_n500_t2.pkl,0.07214382883445368,0.196114637335745,0.0724710614635877,0.06738913176540559,0.2044785700502788,0.16039222216715837,0.21307048735235745,0.1649499959236233,0.08119835317103524,0.08297013100154224,0.08286939498660771,0.08056597971742577,0.0707508383099129,0.06559068544472893,0.025241861677299936,0.025608926705925794,0.026226491551731988,0.025217413902282715,0.09717552809279772,0.0,0.14826789936222926,0.0,0.1347027582921738,0.0,-17.49887049428738,-50.43176706109526,-17.444714430624042,-54.16586282642068,11.1137723388843,26.770655799518636,0.5421878186103303,0.07473781717353144,0.07883881967029918,0.2019424132693299,0.07937343622831528,0.07117983736633329,0.2097846370009343,0.17189253796497894,0.21947299324982264,0.1798429528777512,0.039658056919088816,0.03658027923984476,0.08069358939675586,0.06235176161538071,0.08539189402133814,0.07954272866974063,
a_uniform_abs,500,3,True,experiments/repeating_with_rejectancesampling/results/nn_uniform_hetW_n500_t3.pkl,0.08496124618253759,0.1798468330837619,0.08568823297478151,0.08134110342245048,0.18708691494554155,0.14760805174577846,0.18207139990406873,0.14087549601807994,0.07568613411565424,0.07780367735744342,0.08393327268704365,0.08063176541141699,0.08346580353180234,0.08237718990992933,0.02466674098384937,0.024830271486926042,0.026488662812929928,0.024723542854189873,0.10816732089556116,0.0,0.1718717863868945,0.0,0.1910835373677909,0.0,-19.378609295583903,-55.84917668154111,-19.954858830769282,-61.95986471699283,12.224513277034003,29.446188681688973,0.49261267360284877,0.06790413704140116,0.08751344962683227,0.1815555726968767,0.08823355822812082,0.08299797607235852,0.18800589271312304,0.1494604573759613,0.1853717464305607,0.14598336296969716,0.035935370139794184,0.03196163760842069,0.08362738656330587,0.07508082103011882,0.09274572387285336,0.088963804588931,
a_uniform_abs,500,4,True,experiments/repeating_with_rejectancesampling/results/nn_uniform_hetW_n500_t4.pkl,0.07568025956604471,0.20389905010207254,0.07687864597776362,0.07217883613234205,0.20597142884366476,0.15386646745813756,0.2099557567339645,0.1614273025040021,0.1387364688776101,0.13273791846912625,0.09880925782337839,0.09277982215483616,0.0856632615976873,0.08335083465770282,0.04214632380130977,0.03226944454269528,0.022115104737986047,0.04308846592903137,0.1576383204645784,0.0,0.1974971164865898,0.0,0.1884923527985741,0.0,37.752094618620646,108.8015847935011,4.026741923975606,12.503039333711648,-6.304939482273813,-15.187225324582386,1.0078686160065136,0.13892953285284262,0.10351843785288224,0.21845483168356705,0.10527835487974349,0.10111294025071461,0.22037888014339221,0.17864149374249091,0.2231446531427907,0.1850098921153872,0.03784131590054466,0.03454137388057543,0.08764714589257044,0.08564101220142384,0.1163599313068953,0.11617749644789982,
a_uniform_abs,500,5,True,experiments/repeating_with_rejectancesampling/results/nn_uniform_hetW_n500_t5.pkl,0.05926737201835234,0.3328627261460644,0.061294138433866725,0.05360212798122356,0.3479116012797753,0.2575427842270372,0.3480279170080939,0.25450347604280776,0.0732175147621528,0.06691322284913617,0.0595227751174368,0.054051485799391535,0.056657257757813516,0.05284721153472465,0.0383178187960646,0.02988315298612059,0.02435489235314251,0.039403192698955536,0.12245527430215736,0.0,0.15522369101035616,0.0,0.14892271334581222,0.0,25.23891348764842,72.73858083010256,-3.665926463381247,-11.382706821423795,3.184368329525839,7.670449410805781,0.4396711748547654,0.06060642226708475,0.05850508622622713,0.3285706700299119,0.06091755626132746,0.05288819327770261,0.34419714098028414,0.25572607742552134,0.34321599787313584,0.2562594913131631,0.032195127052848355,0.028804675331231214,0.047696485932287085,0.03971250381513939,0.05468532768276256,0.051207314909744284,
d_SrSd47_rel,50,0,True,clean_experiments/fire_sims_v2/results_LOSSunrho/checkpoints/IV_bfe_LOSSunrho_n50_t0.pkl,0.12784903830522132,0.27928206874720907,0.13221646086145544,0.13161194866999226,0.3023243206734772,0.2660413174579561,0.3096850605923204,0.2684013833623429,0.04524554918283018,0.03988409741205014,0.08115172367091117,0.0746811570377654,0.12091587061992803,0.11401028778241976,0.0357056974489033,0.035804354924761285,0.03552794715049397,0.03569890558719635,0.0936118554875924,0.0,0.13947540198703304,0.0,0.16021746557289648,0.0,16.70139100607198,48.13343015993293,15.422203334940708,47.88596303159332,50.52124770715659,121.69467681090563,0.08504874619898836,0.011723534587239362,0.1287856263302805,0.27683917404502323,0.1328280583621299,0.13305005580188523,0.2998155272996619,0.261081272656386,0.30687708613425824,0.26460189485609087,0.043176702342950034,0.03760825071353771,0.08244442828020082,0.07437084186692156,0.11870021111624143,0.11350819052129102,107
d_SrSd47_rel,50,1,True,clean_experiments/fire_sims_v2/results_LOSSunrho/checkpoints/IV_bfe_LOSSunrho_n50_t1.pkl,0.09944004293233161,0.18043616800780282,0.10167895762616977,0.09653915171608698,0.18999472324177488,0.15204800326029688,0.19080446116707683,0.14885086782700693,0.03942380498386287,0.0341750116786905,0.07778425282041831,0.07023352461164953,0.09723370262241429,0.09210146163020363,0.03189019919100838,0.0315463054499722,0.030416776550723865,0.03191576525568962,0.08461764918395075,0.0,0.13387355926266284,0.0,0.1585551349069521,0.0,4.230721452150177,12.192944615760753,1.6955644017126765,5.264729850510093,28.86675208818201,69.5337155233049,0.12937047621067177,0.017833058336625757,0.09418203536198208,0.1813551592500044,0.09679070889068214,0.0927536295108037,0.1911011148705168,0.15274586683845184,0.19194127488609397,0.1506224805498504,0.03895709463991236,0.03466460461138107,0.07119624336177613,0.06395565277549044,0.09212841284219919,0.08772986969344931,41
d_SrSd47_rel,50,2,True,clean_experiments/fire_sims_v2/results_LOSSunrho/checkpoints/IV_bfe_LOSSunrho_n50_t2.pkl,0.1819841019753841,0.26823352354902286,0.18388876996794815,0.1721452350555504,0.2751234173135982,0.23089446440042255,0.27405978265973396,0.21751105379726443,0.048143514100955985,0.04718200525349607,0.10211830009672238,0.09836965714003931,0.17672010103202843,0.17303713442982588,0.04668666457796956,0.04360032597731701,0.03464193950720062,0.04688921198248863,0.18521899050035381,0.0,0.17741605070184105,0.0,0.18160649098808904,0.0,52.59185751741431,151.56980037622483,40.55401084585057,125.92026067685754,46.76749927408005,112.6527148023549,0.2198060618883131,0.030299141189022796,0.1819845515293845,0.2711920673479719,0.18418247148372763,0.16711628353817426,0.2778863374932088,0.2327404899846598,0.27680933871311697,0.21868431101326158,0.04455355414243549,0.042628705083645885,0.09813804658570265,0.09384042722581393,0.17657169646229087,0.1664508218326525,130
d_SrSd47_rel,50,3,True,clean_experiments/fire_sims_v2/results_LOSSunrho/checkpoints/IV_bfe_LOSSunrho_n50_t3.pkl,0.12634554816997462,0.15710964537963057,0.12779495861964302,0.12697165626552837,0.159324386344185,0.11695431916933899,0.16037632404381874,0.1185816350115925,0.1072709798062599,0.1071727904348827,0.1129286196272798,0.11290410840202042,0.09516438628002831,0.08961406600827354,0.01820524464393027,0.0185814928562288,0.019582159900850746,0.018182026222348213,0.22347696772683023,0.0,0.25336368481611937,0.0,0.2039908080183204,0.0,-40.497524895210795,-116.71391834878247,-40.09899490647818,-124.50743554556085,-17.036266447043435,-41.03665355524744,0.6712849052250857,0.09253319015291492,0.11329615813671377,0.16162768709625502,0.11485033026942003,0.1122134157159298,0.163684155579985,0.12547208948720406,0.16405403236247929,0.12692403806469232,0.04051701218198125,0.038023776959857564,0.09931609022182378,0.08308381894609454,0.10484069941892409,0.09772788700726018,0
d_SrSd47_rel,50,4,True,clean_experiments/fire_sims_v2/results_LOSSunrho/checkpoints/IV_bfe_LOSSunrho_n50_t4.pkl,0.19488354246896122,0.20062848923199839,0.19541308198002177,0.19884074574678176,0.20383225472955782,0.17398727236046352,0.2063892396569253,0.1707616662654195,0.14709190489951307,0.14563388261984417,0.16948406444841246,0.17179809698963233,0.17943600695541922,0.18665051189939197,0.032962624064289986,0.03275182624529354,0.03189744119797888,0.032978955656290054,0.08220227452657142,0.0,0.13435761840154092,0.0,0.13735623028188737,0.0,7.735861623143206,22.29476305471176,5.581791835623264,17.33147149507042,35.139883749761935,84.64432273897127,0.9407397291548085,0.12967615920559888,0.14774661709008732,0.2111638951721978,0.1500911903876107,0.15235482175867554,0.21606356610092786,0.18801520386541917,0.21827561614201313,0.1857056650876264,0.04046693639109114,0.03623878338698505,0.09695026960305408,0.09539125123869407,0.1419890622716942,0.14407092979290465,9
d_SrSd47_rel,50,5,True,clean_experiments/fire_sims_v2/results_LOSSunrho/checkpoints/IV_bfe_LOSSunrho_n50_t5.pkl,0.12600974867098527,0.15735221956061765,0.1274790942647334,0.12674908191937187,0.15955951286550438,0.11704718000063763,0.1606296605039946,0.11821838851834761,0.10597962331990637,0.1058897030978821,0.11263848685860157,0.11247142964465076,0.09510329178459181,0.08968335386032147,0.018042778321769322,0.018420101564790944,0.019424589714513284,0.01801949366927147,0.2275666959985397,0.0,0.2575954172222168,0.0,0.20606018681551222,0.0,-41.028533869757666,-118.24428689002298,-40.619270680080966,-126.1228925538686,-17.703844028953743,-42.644702480477626,0.660416643500778,0.091035055872017,0.11346027684479326,0.16125804930538368,0.11503203065884708,0.11215753355210237,0.16334458996974166,0.12498360586773523,0.16374390120300933,0.12643251059212438,0.04059810823467742,0.0381255619965631,0.09958013659739856,0.08326986123977692,0.10473868068775458,0.09737513351769524,0
d_SrSd47_rel,200,0,True,clean_experiments/fire_sims_v2/results_LOSSunrho/checkpoints/IV_bfe_LOSSunrho_n200_t0.pkl,0.12816800704702294,0.33187852972409004,0.12860133132402665,0.10924439563064317,0.3458523028946147,0.30812228745374587,0.3530535479441857,0.30825830457058495,0.038997516046341274,0.03585928670826603,0.07705123671285868,0.07363769363443431,0.1557339115818056,0.12359116376247611,0.037640079724012614,0.03089196053895628,0.03797260404904631,0.03972518816590309,0.115782765294675,0.0,0.1693915702535956,0.0,0.20637826768440654,0.0,23.02377422140618,66.35454664232549,-0.41384188501341107,-1.2849796346400955,60.87852517740552,146.6431013171411,0.03392231507739385,0.004676017600054739,0.12785668804369166,0.33132768042606336,0.12828647403701576,0.10912655314857823,0.3453118080039554,0.30774418243260776,0.35246562963354977,0.30798972578457734,0.0401466150307576,0.036955169476057356,0.07783476204433583,0.075507977797419,0.15409368708881258,0.12251971033289322,432
d_SrSd47_rel,200,1,True,clean_experiments/fire_sims_v2/results_LOSSunrho/checkpoints/IV_bfe_LOSSunrho_n200_t1.pkl,0.1078310049084053,0.27065567683495206,0.1099580970382283,0.10156974724107576,0.27552735175932996,0.21791553645903086,0.28076695805893515,0.21252240009078294,0.03884528602498759,0.03726604938056306,0.06238760759543433,0.05812544830852673,0.12356058715446239,0.11445576211235803,0.034354825711222184,0.03253484812747553,0.02974773537194747,0.03450068086385727,0.08277203302281255,0.0,0.14196870923829924,0.0,0.2176170625621666,0.0,12.286168167090077,35.40875231223676,4.882321268798346,15.159614401941619,26.032225438772446,62.70595848707215,0.1434376388737702,0.01977214474760354,0.10815619090976716,0.2689609560707736,0.1102312594949773,0.10277708092837902,0.27427121396832577,0.21632767183627344,0.27987744492505345,0.2127043464314204,0.035421569309240314,0.03238938875137659,0.06248291748216646,0.058734552681897305,0.1258864071115779,0.11612608593517351,117
d_SrSd47_rel,200,2,True,clean_experiments/fire_sims_v2/results_LOSSunrho/checkpoints/IV_bfe_LOSSunrho_n200_t2.pkl,0.07632036390509742,0.1748672217870808,0.0789672447430774,0.07385027011018191,0.18023723983701348,0.13494760719438223,0.17941319379911802,0.13379413928105954,0.05522250076768349,0.05041648459384375,0.05518269517455514,0.04934532922520379,0.08055136418959033,0.07096030313977876,0.03990797072457706,0.03470832439777974,0.02597075343988826,0.040305957198143005,0.1250851266918514,0.0,0.15163169749744076,0.0,0.15876396038771423,0.0,30.436205663048618,87.7171835018466,11.88893877501763,36.91517160686946,10.030286723519804,24.160775050821893,0.2887917468521879,0.03980846495737254,0.07440959036111888,0.17977925440689235,0.07767278521779516,0.07327592932064383,0.18540971002218892,0.14551184576929113,0.18460731312205825,0.14441245706837824,0.0331446726691841,0.028848046996160233,0.04430441261539621,0.03671128346104915,0.0824612597501316,0.07296886415597009,94
d_SrSd47_rel,200,3,True,clean_experiments/fire_sims_v2/results_LOSSunrho/checkpoints/IV_bfe_LOSSunrho_n200_t3.pkl,0.13136664384411137,0.17337509020997766,0.1362269574404127,0.12768038205916854,0.17929965786732682,0.1488802596834655,0.1821227281314908,0.1473195235595205,0.10832108673574922,0.10383570631526429,0.1111767937493558,0.10453641014533342,0.13605207857955548,0.12027133040128538,0.032944455302554715,0.03295309909184846,0.029364728937331944,0.03288882598280907,0.08316709523916847,0.0,0.13666558174648918,0.0,0.1317265249812384,0.0,7.6764783896859035,22.1236205002234,6.230633449155532,19.34612561706427,24.40954214176138,58.797268018047106,0.6804680781329454,0.09379904356072416,0.10054644922195544,0.1804985931706532,0.10430050092401828,0.09429570213398022,0.18627873656409114,0.15780212281752887,0.18960435258130595,0.15804476244816734,0.03477575495403587,0.031085529413097196,0.06841263706519446,0.06427943981468445,0.09371940428600917,0.07075303776270564,64
d_SrSd47_rel,200,4,True,clean_experiments/fire_sims_v2/results_LOSSunrho/checkpoints/IV_bfe_LOSSunrho_n200_t4.pkl,0.09201435547205258,0.26909283262230826,0.09490822225631342,0.08259020753328417,0.2750940919081843,0.2046984192741044,0.27743804938273803,0.20142436481479037,0.04048881989924179,0.03607856457576305,0.06000949848719595,0.05448219422690312,0.08810068035918353,0.08037784320371937,0.04130119538568139,0.02991633207706349,0.01943270338138182,0.04236990585923195,0.1500233963587701,0.0,0.1626781855782629,0.0,0.15138140143322762,0.0,34.98985585199997,100.8408091485349,-3.558967301867867,-11.050598474588824,-17.66946885789871,-42.56190018398428,0.18268727802435178,0.025182506718630232,0.09097248832458779,0.2715678607007406,0.09357828713643371,0.08326959064556544,0.27761000272756353,0.2065899868319273,0.2809671943297206,0.20746231466383735,0.029216090732627403,0.025493095037195067,0.05426553128216112,0.049815362998281994,0.08384770965529594,0.07840106678316545,168
d_SrSd47_rel,200,5,True,clean_experiments/fire_sims_v2/results_LOSSunrho/checkpoints/IV_bfe_LOSSunrho_n200_t5.pkl,0.1200091974913099,0.23347490757471362,0.1242785602663126,0.11063811716392838,0.2469964710144617,0.21478922719167953,0.25211192949249445,0.2135561708507832,0.045903513143571745,0.042814284890884374,0.07993316064053899,0.07563739184225327,0.13712022307186963,0.10953583134526115,0.039063564106247936,0.037288593754249366,0.03126138530988397,0.03917095810174942,0.12461888640005571,0.0,0.1383664252794198,0.0,0.16043084500284355,0.0,27.676326036701514,79.76320690215476,20.20693179422407,62.74255162281984,32.44510587582562,78.15319005066664,0.23215388026203426,0.03200122478520628,0.12293287139685792,0.23946407317915863,0.12713734450443948,0.1125857178273144,0.2532866056918951,0.22309044272745865,0.25881197473014755,0.22410491400858085,0.03621835597531655,0.03182388421190785,0.07555773408669397,0.0720128067517576,0.14328956876224017,0.11369312318140769,175
d_SrSd47_rel,500,0,True,clean_experiments/fire_sims_v2/results_LOSSunrho/checkpoints/IV_bfe_LOSSunrho_n500_t0.pkl,0.14668906909904839,0.305997752204963,0.15381162806551157,0.12646062337470454,0.3298014006975383,0.28058291589933393,0.3345733477408458,0.27766250139704896,0.02900827759548434,0.026184062846623942,0.06900646925921028,0.056024038060322856,0.1441948531223293,0.11316097559389751,0.050305981661631284,0.031630413252026326,0.028870236119142408,0.04956113174557686,0.21666104155690524,0.0,0.22457483199284364,0.0,0.2873126289216036,0.008454106280193236,64.42132363440614,185.6623367981618,1.9667020287177195,6.106612563456916,22.314524502244254,53.750827042717276,0.06942923155958731,0.009570464397556922,0.14607904500863822,0.3062885694747421,0.1530938883991634,0.12568800989760326,0.3303482889335946,0.2808883374478588,0.33523790582388757,0.27902061366212144,0.0279152648736766,0.025745070844641983,0.06773308197806935,0.05359833700549059,0.14248549678503264,0.11090313413188088,632
d_SrSd47_rel,500,1,True,clean_experiments/fire_sims_v2/results_LOSSunrho/checkpoints/IV_bfe_LOSSunrho_n500_t1.pkl,0.12521241075983058,0.28444453880464116,0.13333418360236954,0.11097068698581543,0.30340157666861856,0.23532292158313883,0.32071018708364774,0.24181142754571594,0.033277638399180576,0.02983824768223907,0.0834562980396697,0.0719339529742953,0.1750987690045946,0.12694134362673012,0.04351760160728104,0.035108135699052495,0.027790930838258916,0.04440130665898323,0.16615282450197044,0.0,0.20539291588303737,0.0,0.23875735391082645,0.07125603864734299,42.234013159537355,121.71847973915514,13.177807165694803,40.91710977148473,17.741832000554137,42.73620722623157,0.0288995695141813,0.003983657818577727,0.12506263582352561,0.28474072047986,0.13314455007077491,0.11071043716456679,0.30372611569610664,0.2359699522214695,0.3210871627002597,0.24294047653038991,0.031767500809705286,0.027843103382405414,0.08256492968087054,0.07183990065207752,0.17516387787753468,0.12750134840527808,520
d_SrSd47_rel,500,2,True,clean_experiments/fire_sims_v2/results_LOSSunrho/checkpoints/IV_bfe_LOSSunrho_n500_t2.pkl,0.2692875029379862,0.20341236013481434,0.2752837438193593,0.25539044916247633,0.2119131566840995,0.18608979235874165,0.21502159222116013,0.18799755524594827,0.31558048785975584,0.3124219501850928,0.3042204735610695,0.3025358714148152,0.3332222929914623,0.3177959681719328,0.039878711390093344,0.03874612288573816,0.03591861485774237,0.039963215589523315,0.130930344941014,0.0,0.15128192385378114,0.0,0.1701972485089228,0.0,30.340573725343212,87.44157213552815,24.90555642060869,77.33178769187293,52.176389516640675,125.6815527635526,2.1787472347986845,0.3003291606939448,0.11221876595090079,0.2222798551340461,0.1152936790294953,0.10492746434997949,0.23200513818081622,0.2109244682391449,0.24918325718236034,0.2221983348479171,0.033418751454666384,0.029579161355284746,0.07762215997222882,0.07749528382259681,0.13214257241119565,0.1188801220764454,34
d_SrSd47_rel,500,3,True,clean_experiments/fire_sims_v2/results_LOSSunrho/checkpoints/IV_bfe_LOSSunrho_n500_t3.pkl,0.10688907873710994,0.19799659269157777,0.11341217698658387,0.08981095198743703,0.20348897051146464,0.14053695706010516,0.2179311586409478,0.14176271976920424,0.03525624026592182,0.029130969013913308,0.06393977003235626,0.05786656225819364,0.09699882474629117,0.08456860672911393,0.045111317707488253,0.031697476235623176,0.021181077087571085,0.04483575001358986,0.1616258360508941,0.0,0.16533381410618503,0.0,0.22148896950706926,0.09581320450885668,47.442954562491714,136.73065549955336,2.182892415200851,6.777884017352378,-10.262134271432613,-24.71924527262225,0.00918780324909981,0.0012664916766621664,0.10695293294395922,0.19806233962826453,0.1134725221793814,0.08980295262164747,0.20354118200698462,0.1406456397013311,0.21798351935741136,0.141895637552892,0.03520219267854463,0.02911368453862944,0.06391942907938747,0.05787174813593605,0.09714871777321002,0.08458009620609798,819
d_SrSd47_rel,500,4,True,clean_experiments/fire_sims_v2/results_LOSSunrho/checkpoints/IV_bfe_LOSSunrho_n500_t4.pkl,0.07779209638994228,0.19896224085882777,0.08190060121313072,0.07451464088964255,0.20720880771050143,0.16447683220304415,0.20702875008569893,0.16241865678793505,0.0268167939954169,0.02343663327678029,0.0467301234369384,0.0410475773402313,0.101071835508039,0.08953832536031842,0.035665826989176676,0.034506694410676594,0.02498970450017626,0.03513026237487793,0.09138997868941244,0.0,0.15718896878588312,0.0,0.17452617654736274,0.00644122383252818,16.57107740228908,47.757866187788764,11.238945850448951,34.89694266248933,5.873876845917848,14.148889365014199,0.06448378959352699,0.008888760521492222,0.07821574182164143,0.19958685658491723,0.0824172398453388,0.07455630224817378,0.20779582916619507,0.1647191001048553,0.20777890647742708,0.1640110818001845,0.029669486886544524,0.027306000537103303,0.04944728473327892,0.04405282106261907,0.10424540961408615,0.09272216153379058,555
d_SrSd47_rel,500,5,True,clean_experiments/fire_sims_v2/results_LOSSunrho/checkpoints/IV_bfe_LOSSunrho_n500_t5.pkl,0.08003727530891334,0.17086062728603366,0.08220784909960155,0.07652055166454663,0.17501037687857157,0.1335240795166574,0.17542811739795755,0.13203451505830094,0.04185630256643784,0.036777669981584826,0.05679307543822715,0.05141582077568582,0.08201067906634632,0.07673763092506117,0.04463267756443402,0.02906658475949943,0.022745821453951022,0.04645111411809921,0.18565313129569846,0.0,0.17153337709244604,0.0,0.18834553956285707,0.0,45.87855519553607,132.2220545306744,-6.298290713148492,-19.556201516857783,-3.632782078000926,-8.750580418546287,0.06277471888270045,0.008653173866945502,0.07914905879197863,0.17033220135531257,0.08123448949976202,0.07503518371158734,0.1746787145742532,0.13287484200272948,0.17528671248606853,0.13140029933528447,0.03804837250686601,0.03359342330372964,0.05664063014366846,0.05185082662880193,0.07938415069868812,0.07312032929611717,339
d_SrSd47_rel,1000,0,True,clean_experiments/fire_sims_v2/results_LOSSunrho_large/checkpoints/IV_bfe_LOSSunrho_n1000_t0.pkl,0.11135031716154617,0.24711947594552316,0.11064637231706455,0.09387664327383739,0.2567389997868173,0.1860233044486651,0.2652444960799283,0.18019266860439215,0.04532131237948666,0.03926082808275918,0.0658096310027105,0.06123323775262225,0.12173459815035821,0.09970756892468213,0.03167502963042902,0.03593571417139817,0.028463815209298485,0.024294672533869743,0.10618214261934462,0.0,0.1896885174470394,0.0,0.22546327007845218,0.0,3.5274559002670207,10.166132399152696,15.845665053692729,49.200812263512894,20.592641101977637,49.60318514131138,0.11560806738982114,0.015935980683799766,0.11050316640940941,0.24743497253000815,0.10964949156587438,0.09202224033771131,0.25679377935709363,0.1864672426431287,0.2658029599698899,0.1806415599504339,0.04253179768355746,0.037807254701016854,0.06394022034839703,0.059273918117212915,0.11992128470294013,0.09938906982813123,569
d_SrSd47_rel,1000,1,True,clean_experiments/fire_sims_v2/results_LOSSunrho_large/checkpoints/IV_bfe_LOSSunrho_n1000_t1.pkl,0.05685861420941027,0.1874465462176197,0.05839628492693997,0.05062605963849219,0.1927346787046691,0.13138813365541963,0.19513875732973707,0.13713999020988094,0.028203771527858613,0.02471489832774812,0.04498824424604177,0.03659332214937297,0.05141414778975181,0.0437018540694859,0.04100936177560166,0.028097820469471207,0.024949514766433006,0.04300852492451668,0.15037862820516357,0.0,0.16061326215596072,0.0,0.18370088478495014,0.0,34.03601961095285,98.0918518864863,-9.42128815584052,-29.253112965930303,5.7036050077385125,13.73874161020533,0.03872070676705002,0.005337451347769119,0.056842063181597666,0.18785852095416766,0.058505540484426605,0.05094907565950898,0.19316233635725166,0.13186499964961185,0.19566057368348896,0.137709670651192,0.028991519109422267,0.024711913744649473,0.04484551084635843,0.03778337502687777,0.05165013811085002,0.0452231629352514,317
d_SrSd47_rel,1000,2,True,clean_experiments/fire_sims_v2/results_LOSSunrho_large/checkpoints/IV_bfe_LOSSunrho_n1000_t2.pkl,0.1499703297667704,0.3252384646844366,0.1566558909253266,0.1341281990989031,0.33486567857104815,0.2583970194499421,0.336474365304526,0.2547525704518774,0.034449265732840254,0.030977723733527925,0.0636789145574223,0.055262021129558796,0.1373244295031943,0.12044471215118416,0.032459198498175974,0.030856890932638697,0.027705327851126282,0.022500958293676376,0.14417950433711413,0.0,0.20623256041603236,0.06693548387096775,0.28723239423227576,0.1181561996779388,6.090452962029685,17.552693196850058,-0.5268954853301948,-1.6360112225256436,17.37915783939072,41.86260420109892,0.03282469007113592,0.004524715607964505,0.15019342929193233,0.32498357534896877,0.15685698814712834,0.13381101670761242,0.3345678407804107,0.2575543946685692,0.33602941051704227,0.2541103616363969,0.03504950734059185,0.03129087214540743,0.06431230815129486,0.05613654731513848,0.1375632479765084,0.12084701439722571,1047
d_SrSd47_rel,1000,3,True,clean_experiments/fire_sims_v2/results_LOSSunrho_large/checkpoints/IV_bfe_LOSSunrho_n1000_t3.pkl,0.12749058338692193,0.2514162020695547,0.1307789089890948,0.11856712674433012,0.26469204454679734,0.2282352189605177,0.27632357839552535,0.22520336992884743,0.039856980702417416,0.03597737245210041,0.08971409465067297,0.07968600316567415,0.14465259737894298,0.12932275175111974,0.03913842159543799,0.03081578900464785,0.027037627525051927,0.026931801810860634,0.16768200287330637,0.0,0.27378528664554735,0.21129032258064517,0.2619878348585032,0.3174315619967794,27.920992119144042,80.46833486350064,-0.6593954312162915,-2.0474237407366247,14.550311980397996,35.04853095109835,0.07728666772251948,0.010653571777031214,0.1277331772070174,0.2518164404721116,0.1309896166607189,0.11842597921995114,0.2652096497885712,0.2288899742000434,0.27687291748743637,0.22616922737206158,0.036378149171585106,0.031279466026966345,0.0889891317297336,0.07874950550202617,0.14479982795362886,0.1312757539684356,864
d_SrSd47_rel,1000,4,True,clean_experiments/fire_sims_v2/results_LOSSunrho_large/checkpoints/IV_bfe_LOSSunrho_n1000_t4.pkl,0.11245933235358213,0.20894159481653019,0.11700034529635873,0.09545752300069384,0.2190001293820384,0.16546607086942927,0.23345548794026683,0.17317995574857437,0.03603262164704924,0.032394845933171115,0.06432774120182623,0.060208747173016997,0.11662706020163055,0.09088110542713479,0.029888414085802905,0.032169979974777475,0.026852209373197825,0.019665462896227837,0.13064048115307703,0.0,0.19253096875412784,0.03870967741935484,0.2353082981033222,0.14935587761674718,-2.3119628521411557,-6.663079885707599,3.706098817656402,11.50744203791217,13.764750927674848,33.15628555406243,0.0717941835523745,0.009896460931588495,0.11345484230826472,0.20827534766056766,0.11806988732091572,0.09707011151212946,0.21835725507972262,0.16478475347045507,0.23285653706065979,0.17262037791834126,0.03109200824563241,0.027393263433930386,0.06592474223676412,0.06275072922658712,0.1172432326649061,0.09303900820981371,832
d_SrSd47_rel,1000,5,True,clean_experiments/fire_sims_v2/results_LOSSunrho_large/checkpoints/IV_bfe_LOSSunrho_n1000_t5.pkl,0.11647739873705795,0.25831878778500417,0.12092724129719845,0.11034648347397147,0.269257298253724,0.22059646270365674,0.2763551130241432,0.22121501222580092,0.06842723958949445,0.06586954391642193,0.07436390990409346,0.07188248071232975,0.10993221270450576,0.10255017085398246,0.03581662828649248,0.03373687478890681,0.026090899036874327,0.030092081055045128,0.08395834768941407,0.0,0.15387318476905176,0.012096774193548387,0.18968959444167852,0.031199677938808373,17.063960119044836,49.178354805495864,8.757284692138562,27.191381277848873,10.539307554029921,25.386895312498897,0.39808727517673187,0.05487429442351736,0.10733660872936174,0.2638228810524662,0.11237473251928645,0.10178613259585759,0.2749661152247754,0.22936132195364053,0.2839385857527495,0.23455710185195977,0.026177054718685748,0.02216902793097563,0.05099533714081524,0.04404208647353393,0.09386961441455144,0.08371263018152336,1078
d_SrSd47_rel,2000,0,True,clean_experiments/fire_sims_v2/results_LOSSunrho_large/checkpoints/IV_bfe_LOSSunrho_n2000_t0.pkl,0.11789613171207568,0.23026333396921236,0.11967635512497368,0.10656857061338582,0.23947297957549726,0.19404279712494246,0.24288140785405216,0.19217452627698067,0.07204500325556155,0.07271060324038053,0.08515625711256067,0.08585191196853298,0.11517730818797534,0.11096335604656524,0.03592457297429377,0.03353462532829512,0.026695900004303875,0.02929265983402729,0.09859792156638869,0.0,0.1746768811535128,0.020161290322580645,0.21907618593759626,0.07588566827697263,17.416769225663028,50.19515110030875,8.10529477593537,25.16695167163672,13.102515050815057,31.56110363230592,0.433659030728246,0.05977767895503395,0.1024408597147899,0.2314234301406956,0.10416605183900204,0.08760483143402613,0.24125288216508017,0.19891673026956114,0.2474603615653339,0.2009130166034703,0.02726117421556414,0.02405497554859754,0.055129086310186544,0.05169001342146997,0.08711385902111504,0.07940766284504046,847
d_SrSd47_rel,2000,1,True,clean_experiments/fire_sims_v2/results_LOSSunrho_large/checkpoints/IV_bfe_LOSSunrho_n2000_t1.pkl,0.11102430038582349,0.21086105461343552,0.1155786233161738,0.10340108955401281,0.22018384154596474,0.17116308883917436,0.22348134033711778,0.17344635963358795,0.033028046441249806,0.02927584278691943,0.06963091561445196,0.06260371789645058,0.11553600931361982,0.10143806682075529,0.040153256345116115,0.03210840083046627,0.024425518113787605,0.04676654189825058,0.17039243836922124,0.0,0.22410350447462893,0.11290322580645161,0.22237540971080688,0.1710950080515298,31.237903295524763,90.02767710014298,3.507586638598416,10.891061442919302,3.4835884777526878,8.391205545825372,0.15941715895871122,0.021974839846305896,0.10917201445247768,0.21027765341945165,0.11412060179470088,0.09962062552332179,0.21965051705428834,0.1698494793903479,0.22217068158401923,0.17148885001865694,0.023513690864877035,0.021246375787534924,0.06790713788019613,0.06030825269690125,0.11486709392182018,0.0982354021404746,781
d_SrSd47_rel,2000,2,True,clean_experiments/fire_sims_v2/results_LOSSunrho_large/checkpoints/IV_bfe_LOSSunrho_n2000_t2.pkl,0.08723334588889527,0.2437847099243509,0.09026764563588341,0.0759109947394904,0.25956884690942944,0.16223657981377704,0.2608403266820121,0.15850282708152302,0.028729674598596083,0.024669382623443994,0.04376082249043878,0.04005660011326602,0.07650490858036399,0.06819266033777982,0.03664412122456219,0.03071736705301945,0.02287755731851473,0.03389691933989525,0.10261695251360921,0.0,0.1833154339554229,0.0064516129032258064,0.18564525181922484,0.024758454106280192,19.76855865149565,56.97301122214101,-0.9766774640122197,-3.0325848985221904,-3.074656762797205,-7.4061781534359525,0.037558168572415965,0.005177201404731848,0.0871908989850624,0.24345432510310083,0.09006008954546615,0.07577326662314376,0.2592565654039518,0.16199329000519208,0.26084254359784254,0.15824933311592554,0.025902658039371758,0.022129276929652157,0.043491377578431495,0.039906601365892955,0.07635025918559396,0.06896615612941849,817
d_SrSd47_rel,2000,3,True,clean_experiments/fire_sims_v2/results_LOSSunrho_large/checkpoints/IV_bfe_LOSSunrho_n2000_t3.pkl,0.09698742930119701,0.27584585668993655,0.09932766929903897,0.08437089557665166,0.28854285309163397,0.23651020113472632,0.29670064576187083,0.23364851313333584,0.030736297122465832,0.027108274187569704,0.042395271176194,0.03739550625555736,0.097078191651493,0.084470294022517,0.03639706929686788,0.030909084739248364,0.02526051441091921,0.034491464495658875,0.0994154384983653,0.0,0.13704754448409087,0.0,0.20496153010672913,0.07367149758454106,18.961087976712825,54.64587970856093,-0.35863874192607614,-1.1135737977634128,7.021217149139556,16.91258214239811,0.047708003958539615,0.006576304290100686,0.09697105168578957,0.27563315382104936,0.0993317068197469,0.08400384406333886,0.28831015347501326,0.2356776677079908,0.29641126909605664,0.2329137629830213,0.031900829998542574,0.028022026877458743,0.04335838756632569,0.0382295414434448,0.09692686007559695,0.0848015180836455,709
d_SrSd47_rel,2000,4,True,clean_experiments/fire_sims_v2/results_LOSSunrho_large/checkpoints/IV_bfe_LOSSunrho_n2000_t4.pkl,0.10868341371912842,0.18983571399328708,0.11398457102443624,0.09811406005068987,0.1911631494697138,0.14128668301519418,0.19298007964200578,0.13894468614962485,0.05392218454332488,0.050673836240463475,0.0689594940438261,0.06458570660877189,0.09446938412112277,0.08810409000991855,0.039270478682437576,0.02823341071430566,0.022944190173548398,0.038291383534669876,0.13101215032015445,0.0,0.17234583232505618,0.00564516129032258,0.2235665378245443,0.07971014492753623,28.35261079196554,81.71226042852832,-8.984187003134277,-27.89591327241203,-2.792353357101612,-6.726170764903531,0.3051858011120814,0.04206830147149655,0.10364017905316286,0.18659739467083908,0.10954846022024967,0.09518657146497003,0.18823349968365344,0.13862312197799714,0.1892688688813792,0.13502799357574863,0.024311150421261855,0.020496373767358897,0.05704670039965126,0.053852410656423204,0.09099562300651501,0.08594786440669393,711
d_SrSd47_rel,2000,5,True,clean_experiments/fire_sims_v2/results_LOSSunrho_large/checkpoints/IV_bfe_LOSSunrho_n2000_t5.pkl,0.10748267801994285,0.24213933398626106,0.11205020844376412,0.092318163290835,0.2542047645446467,0.1984587425069786,0.2531085324101878,0.19094014467978623,0.03279662864345933,0.025432240889148944,0.05273999246219217,0.04269649526570103,0.08356537411140089,0.06889482510726003,0.03999740132182194,0.03070619432173675,0.020081004289931,0.042689722031354904,0.14865554533054642,0.0,0.1625809322452136,0.0,0.2136159413677476,0.04891304347826087,30.72850285488801,88.55958438116441,-1.012694905595181,-3.144419105261424,-14.922812507866714,-35.945803551429876,0.0535020484341526,0.0073749836809869915,0.10752215741215033,0.2420331575628235,0.11210486641446024,0.09248922993400165,0.2540899868124453,0.1984543981387227,0.2527152945718686,0.1909206142849354,0.03039625475701037,0.024893155205719074,0.0518186575791866,0.041236474994634204,0.08423940545052108,0.07062407274059296,1186
c_SrSd47_abs,50,0,True,clean_experiments/fire_sims_v2/results_ablation_abs_LOSSunrho/checkpoints/IV_bfe_LOSSunrho_n50_t0.pkl,0.16433970051425795,0.2588336354844054,0.16832460868870852,0.17252352842633123,0.2709712766626614,0.23512528506602362,0.28563352925629815,0.2330125183477182,0.06594813290591253,0.06315994112390025,0.09984207832258366,0.09638102899285432,0.1586198771554092,0.15922066258100187,0.03814880493568685,0.03792530290980977,0.036782483993537465,0.0381639339029789,0.12051052674526527,0.0,0.14519520331397864,0.0,0.1656713073941066,0.0,24.68650437608812,71.14653706672193,22.25948584170636,69.11573482520964,55.836343738728985,134.49758495621464,0.2979522918072201,0.04107119921764031,0.1685352806528918,0.25630784993504546,0.17199883798940935,0.1756239777527383,0.2687600050010305,0.23233502173632173,0.2827836698086975,0.22942582655227325,0.04406534703065685,0.03957303644410933,0.10202371964968468,0.09810096827804754,0.15897965900710867,0.15832608189488817,127
c_SrSd47_abs,50,1,True,clean_experiments/fire_sims_v2/results_ablation_abs_LOSSunrho/checkpoints/IV_bfe_LOSSunrho_n50_t1.pkl,0.1128661430847258,0.18348470520707683,0.11457951157460616,0.110135288887227,0.18805446539086415,0.1517028429791239,0.19243642588545712,0.15272859831293772,0.07495158969028615,0.07361510213489951,0.0829309757422918,0.08192432999316225,0.09784261449182984,0.09316071371396217,0.028748193221567943,0.02898896518929556,0.02927352713997694,0.028732508420944214,0.08274643838227724,0.0,0.13259856247918958,0.0,0.12735547159733393,0.0,-6.038689128831005,-17.4035097636155,-6.548512280711106,-20.333139835837397,24.02314750227207,57.86652752947724,0.4396552134643188,0.06060422207106395,0.12029841052797838,0.1887473107235446,0.12177632425655177,0.12005568298548502,0.19294149719924603,0.15748780360337475,0.1975641214472547,0.16146684364048236,0.038562689393836905,0.03458192219139396,0.08885445538286971,0.08494954516681402,0.11848956077228717,0.11819761757546063,34
c_SrSd47_abs,50,2,True,clean_experiments/fire_sims_v2/results_ablation_abs_LOSSunrho/checkpoints/IV_bfe_LOSSunrho_n50_t2.pkl,0.11641613019227079,0.20797471419222147,0.11658346738766692,0.11452772416527691,0.21149448052153164,0.17257579136226334,0.21466654956146514,0.17039001868420203,0.11829494569392526,0.11543408597308927,0.10206843264070758,0.09726673735628161,0.12171423192032177,0.11646050634549,0.03274131519308059,0.032562752164680596,0.03131707253871802,0.03275215998291969,0.07914059221307054,0.0,0.13290204314427667,0.0,0.13002831605413728,0.0,7.012530195460561,20.210120958482214,4.972275283133114,15.438921742885496,32.68103594884531,78.7214941858402,0.8408145627578198,0.11590198619604217,0.10505765215947618,0.21508181831715642,0.10507437888162866,0.10076735098923875,0.21823343601645484,0.17763926411716863,0.22559435701573005,0.1860492164619557,0.03910381927636146,0.0354018764247669,0.08007895813828317,0.07558554891457131,0.11023075827829854,0.10405036585817545,56
c_SrSd47_abs,50,3,True,clean_experiments/fire_sims_v2/results_ablation_abs_LOSSunrho/checkpoints/IV_bfe_LOSSunrho_n50_t3.pkl,0.1577612651927779,0.17932404293407184,0.15863433782896733,0.15242153013752252,0.182885941844299,0.13853461509607012,0.1898249232973146,0.1446607093780105,0.09523116359599906,0.09326998962606128,0.14420655460711568,0.12196493252187429,0.1421651141455093,0.1307703509954745,0.018723753602162888,0.01901572924255008,0.01976636534076954,0.018706489354372025,0.21516108253723795,0.0,0.24753088495644437,0.0,0.20729014349634417,0.0,-38.80281729955467,-111.82976889875371,-38.699150653377494,-120.160917172139,-16.255843290772308,-39.15678423118267,0.5483886601487052,0.07559257145850401,0.12121549344672355,0.17363029855183404,0.12268546442094727,0.11743629985051257,0.17748074610413986,0.13156413121073107,0.18396196548633492,0.13775317720657676,0.043901688916842305,0.041413271261686826,0.1023219866214442,0.087364936390817,0.10379246308121753,0.09702843406583864,11
c_SrSd47_abs,50,4,True,clean_experiments/fire_sims_v2/results_ablation_abs_LOSSunrho/checkpoints/IV_bfe_LOSSunrho_n50_t4.pkl,0.13487617039175975,0.1669213436291646,0.13594990826728887,0.13371520737533107,0.17232703660401671,0.1316529140349617,0.17496627684805083,0.13466147851596835,0.13068783397176315,0.12597994498039106,0.12974060221584394,0.12697791318595425,0.12333282237342472,0.1223639139519786,0.022855259104323445,0.02302233473042439,0.0233570451269643,0.022845549508929253,0.1306621033242869,0.0,0.16803807138111898,0.0,0.1566978473104115,0.0,-25.299301796423496,-72.91262001293742,-25.783089624597448,-80.05652952367058,-1.0432108455175275,-2.5128676042753737,0.9551742569400605,0.13166588501936852,0.11444542107680816,0.1771368546916598,0.1165856276813887,0.11843705497752124,0.18149072824255746,0.15111886691660908,0.1851374884787672,0.15457225041513703,0.03765508126464587,0.03364269929743258,0.09326694789703763,0.08179659768137071,0.11304406419615369,0.1164047860696406,8
c_SrSd47_abs,50,5,True,clean_experiments/fire_sims_v2/results_ablation_abs_LOSSunrho/checkpoints/IV_bfe_LOSSunrho_n50_t5.pkl,0.12328838223132643,0.15951469290698717,0.12456475214591951,0.12246637831970883,0.16210135159066968,0.11986696089315974,0.1640742579003319,0.12143595554591896,0.08238150603648636,0.08181866707448227,0.10582771004182925,0.09835232724135282,0.09181227131851807,0.08768069590160144,0.017097577852177907,0.0174880259616402,0.0185340185581683,0.017073409631848335,0.2511138789507899,0.0,0.27890279216190006,0.0,0.2234743861214827,0.0,-44.11785063044452,-127.1477017306413,-43.623995105823994,-135.4525661190764,-21.476926697007325,-51.73323644802979,0.4706720098596595,0.06487972878430064,0.11547605266423862,0.16040284639358912,0.1171778841304448,0.11370741501020651,0.16320240938512515,0.12418117738049042,0.16397605675154686,0.12450047276116821,0.041455923530150325,0.038877305604465964,0.10159678819059945,0.08515539768791189,0.10385936924119635,0.09581504563441195,4
c_SrSd47_abs,200,0,True,clean_experiments/fire_sims_v2/results_ablation_abs_LOSSunrho/checkpoints/IV_bfe_LOSSunrho_n200_t0.pkl,0.08104989132466703,0.2971751072425023,0.08243305539048923,0.07366249733336089,0.31468336833480504,0.27436401992979764,0.3256165286389634,0.27521095700057896,0.08521662671905403,0.0821922100447044,0.07062758486305165,0.06793821202530977,0.07609807889300046,0.06785735897917652,0.03795891698251444,0.03062283232355644,0.028402885792644883,0.03888187184929848,0.11403010708385478,0.0,0.17547724965624598,0.0,0.19688206863343624,0.0,24.065869859643556,69.35786759953399,-1.2814282908102987,-3.9788366440712597,20.33450145270601,48.981382976561186,0.5587858738428739,0.07702577417814568,0.09271745950479686,0.30876679894307923,0.09600984818221062,0.0923871360902673,0.3258443211100381,0.2842015801359694,0.33466528516770194,0.2850661468332169,0.03106984156085536,0.028161486653519488,0.06636839875133753,0.061650049012557356,0.09920879248111794,0.09639359191632205,530
c_SrSd47_abs,200,1,True,clean_experiments/fire_sims_v2/results_ablation_abs_LOSSunrho/checkpoints/IV_bfe_LOSSunrho_n200_t1.pkl,0.09415120074982139,0.19415501221352466,0.09736072449025679,0.08873420429675474,0.19925546047413337,0.14709920417840266,0.19939778773904773,0.14522430818747123,0.057768962772267715,0.057743576789861084,0.06043920474103584,0.057399235289465354,0.11378462079905852,0.08994678152613107,0.034227413082581114,0.03390912863406638,0.03203835958255915,0.03424512967467308,0.09929536998367723,0.0,0.16111654687626736,0.0,0.2292755683218851,0.0,11.869729557665584,34.20857570926123,9.3125779904821,28.915567749695338,35.736912645972836,86.08243525337905,0.41707662125821,0.05749187863874374,0.11324316019073938,0.20036692813651613,0.11755806781583623,0.10792702162945375,0.20554278763502917,0.155276726527115,0.20765382776031377,0.1575630740616275,0.03877959704700827,0.03477229427627813,0.07714920482593762,0.073613679592334,0.14666098862447394,0.11475890550743455,139
c_SrSd47_abs,200,2,True,clean_experiments/fire_sims_v2/results_ablation_abs_LOSSunrho/checkpoints/IV_bfe_LOSSunrho_n200_t2.pkl,0.059867291716248064,0.1872669987606943,0.06172161486299789,0.05540671466162422,0.19146003591896466,0.13022033342313621,0.19459136556818882,0.13586300588002626,0.03896735395732085,0.02980465764171874,0.04574942229192472,0.04170215985417597,0.05298828954677548,0.04582502997971554,0.04219806170936971,0.03602964556943249,0.02530854318958612,0.042675089091062546,0.15123853467800183,0.0,0.15776248187159322,0.0,0.1484290978020753,0.0,37.92119608616599,109.28893543843104,16.148470925945865,50.141024922466194,7.224700667626319,17.402729598021715,0.15086394446039916,0.0207958229826307,0.06416429375470342,0.18641210415595597,0.06573831686754815,0.06193598606514488,0.19058152615137108,0.1283588757485251,0.19324085802772478,0.1317809233054918,0.03476722716383101,0.03029783331300412,0.052933544987761316,0.050201526712369646,0.06038130160287161,0.05822812748761606,116
c_SrSd47_abs,200,3,True,clean_experiments/fire_sims_v2/results_ablation_abs_LOSSunrho/checkpoints/IV_bfe_LOSSunrho_n200_t3.pkl,0.10962709548100086,0.3176326974032688,0.11063308284943943,0.09288370762991366,0.33419348620857825,0.2803733993700599,0.343470749230099,0.2865643817362822,0.0511350897615657,0.048280043976097184,0.056069480784293566,0.05265394311901887,0.09210326295499557,0.07346205309843384,0.03319806630592733,0.03379987257045369,0.03449686870719765,0.03315502032637596,0.08523585789662191,0.0,0.13739387761475108,0.0,0.13524314644427438,0.0,8.50538691080874,24.512535914270877,8.960370120339533,27.821961817858618,46.15287784014733,111.17222569810613,0.3041904643567619,0.0419310993915313,0.11226969062068566,0.31849593606707455,0.11356556159908775,0.10131226288028604,0.33529042205673953,0.28011621687715704,0.34479854735865156,0.28918732801949887,0.03528320883638442,0.03180545079466686,0.0678850865913165,0.061129984951282815,0.11111751262877642,0.10337598472131766,80
c_SrSd47_abs,200,4,True,clean_experiments/fire_sims_v2/results_ablation_abs_LOSSunrho/checkpoints/IV_bfe_LOSSunrho_n200_t4.pkl,0.08277338708132151,0.23024694243982363,0.08323638006800668,0.07096584578599616,0.23704215946193116,0.20034335125817104,0.2504342260172719,0.20769026697731274,0.07052211232590833,0.06450183484970902,0.05791766658364708,0.050975360773813386,0.09553713570589194,0.08121846208723696,0.037393592986457926,0.03587159806282288,0.03189637054472837,0.03750256448984146,0.11042287678766459,0.0,0.13990842169184803,0.0,0.15033962301949458,0.0,22.218150828155128,64.03273899647375,15.638974483884317,48.55903775374486,35.13534771331585,84.63339641560513,0.4952260268241239,0.06826437441405578,0.08553158541140116,0.23548813801963608,0.08622577612693648,0.07553450711837895,0.24233924538189208,0.2075031777079132,0.2568692161588305,0.21766311307594877,0.032708228134991295,0.028996774344485186,0.06795084787154633,0.061559830672869534,0.11238817324696522,0.09422720283752828,131
c_SrSd47_abs,200,5,True,clean_experiments/fire_sims_v2/results_ablation_abs_LOSSunrho/checkpoints/IV_bfe_LOSSunrho_n200_t5.pkl,0.09526805536179431,0.19492088756114426,0.09896696291403231,0.09154985692524348,0.20302848959291267,0.16846866950128297,0.20991935313398086,0.16404848780885836,0.039751909165289874,0.03384853887465253,0.06319469953757524,0.05776809458750414,0.10718168108330095,0.08981616438271856,0.03959845601119906,0.03641684296782812,0.02951543113841717,0.03983163833618164,0.12834678677866732,0.0,0.1383738514545763,0.0,0.1615996704728916,0.0,29.424580063527735,84.80167723504307,17.396675982070843,54.01670337614275,25.048022131710567,60.33522718480161,0.14501686927307383,0.01998983357941934,0.095975006685554,0.1939577048159526,0.09968819877295655,0.09341022773247054,0.20185928504404838,0.1669761835684475,0.2090985235891175,0.1626485519563839,0.033567667058901476,0.02875440281258046,0.06738666660603493,0.06316762729710233,0.11021258382887127,0.09573116889752212,303
c_SrSd47_abs,500,0,True,clean_experiments/fire_sims_v2/results_ablation_abs_LOSSunrho/checkpoints/IV_bfe_LOSSunrho_n500_t0.pkl,0.13477745782599337,0.2200952570685584,0.13951962645554566,0.1287165591011999,0.22887664107752123,0.18417313571614835,0.2453321967562351,0.18209913020225266,0.07810779249127449,0.07855210666061041,0.09047584925962393,0.06773403721706853,0.13879037627896898,0.11927690701230388,0.04093909280860931,0.03566296652548642,0.02707452862418513,0.03108716756105423,0.08606165421960901,0.0,0.18104404084142864,0.0,0.22540926932267377,0.023349436392914653,33.806350768765896,97.42994599066604,14.966410719640187,46.47072632044813,14.706650860878968,35.42511724689593,0.6547483689573327,0.09025371322288997,0.15640299778407474,0.22883251837278912,0.1606991214155058,0.14934917663972572,0.23771169387196892,0.19828839236319196,0.2558368906701325,0.19918934900979243,0.04063135155083762,0.039823775980692366,0.10441092095533977,0.08517406125637234,0.17731059412364972,0.1581647165195546,776
c_SrSd47_abs,500,1,True,clean_experiments/fire_sims_v2/results_ablation_abs_LOSSunrho/checkpoints/IV_bfe_LOSSunrho_n500_t1.pkl,0.11407925804809782,0.24840951984588555,0.12108429252128061,0.1027160560012089,0.25942747493465435,0.1816699852243261,0.27554773061497106,0.17421467015683406,0.041372907978985976,0.03769799507428934,0.07709887619180551,0.06556137015986829,0.13041895288664848,0.09601441887719173,0.04048603745591285,0.03581760721788671,0.0282456438002066,0.04042410850524902,0.1505406249233875,0.0,0.1993538680877867,0.0,0.24961460774980462,0.0,32.32557336795792,93.16234363477335,15.464924642865157,48.01861275274546,19.668314329833066,47.37668336416175,0.22051691379323304,0.03039712848767428,0.11310287732522328,0.24723969587859662,0.12027058822885425,0.10172561882494494,0.2583605978426548,0.17996790912091243,0.2739330865509315,0.17415629857185372,0.03366742468060843,0.029990330985306568,0.07570694676851356,0.05991553287447765,0.1272165541915099,0.09382842162854432,774
c_SrSd47_abs,500,2,True,clean_experiments/fire_sims_v2/results_ablation_abs_LOSSunrho/checkpoints/IV_bfe_LOSSunrho_n500_t2.pkl,0.10483142278866181,0.1772036535279577,0.10662547518343535,0.10339912123559786,0.18234608036652822,0.1439930108141103,0.18549576936490547,0.14503090698629906,0.040885542817840376,0.03485335996202986,0.0630139729788004,0.06150298718041479,0.10711165927948188,0.10055090875623071,0.03984360076910411,0.03849744487758007,0.034322901400819956,0.03993595764040947,0.1266252569267099,0.0,0.1497766715818002,0.0,0.15115238706442194,0.0,30.22581729706186,87.11084396300193,24.10389517903998,74.84262841003105,45.41583058252498,109.39683946198967,0.19941381153488985,0.027488173796621135,0.10846205061220443,0.17704128114613651,0.11034164460465173,0.10748403594097083,0.18203324771640358,0.1444581576305645,0.18536688047845892,0.14492444238476646,0.03297426850404295,0.029311806972227957,0.07267504759909599,0.07097561435184656,0.1166969658636984,0.11005564259087218,49
c_SrSd47_abs,500,3,True,clean_experiments/fire_sims_v2/results_ablation_abs_LOSSunrho/checkpoints/IV_bfe_LOSSunrho_n500_t3.pkl,0.09318236281758135,0.1814442033396121,0.09813458752851831,0.07925919761717401,0.19014388981366998,0.1307418129991854,0.20687624146946543,0.13403976765382927,0.04351812506668397,0.04392651018321851,0.06244802909951641,0.05412208647255175,0.08275997559395162,0.0724577010715147,0.046609020790609794,0.03285916405637157,0.02062308258945795,0.04883309081196785,0.22266620929053116,0.0,0.221992076389802,0.0,0.20560948228497986,0.030797101449275364,52.33808462862447,150.83842658738237,5.927815850908841,18.4058765488845,-12.626189467584021,-30.41373909681248,0.37914636872862945,0.052263387363953494,0.10086517433351677,0.18620248518317822,0.10762917049737196,0.08568497963895672,0.19506969244837505,0.13864045230956656,0.2128834823356558,0.14475264549594735,0.03979708109336057,0.032074192226492715,0.07225250204649666,0.06492946673527994,0.08981333258857155,0.07872985860792206,905
c_SrSd47_abs,500,4,True,clean_experiments/fire_sims_v2/results_ablation_abs_LOSSunrho/checkpoints/IV_bfe_LOSSunrho_n500_t4.pkl,0.09622243857260662,0.24651868952506512,0.09743724999615959,0.07118766349433754,0.26596935445580716,0.20193375582414397,0.262862120067981,0.20147386754904362,0.05026251089777517,0.04482924203281007,0.04632599834114798,0.04234729315733792,0.10630541491919976,0.08890316930229514,0.038449588068760955,0.03176102770321913,0.02150456969558031,0.038441143929958344,0.11547752249774013,0.0,0.14885908325660724,0.0,0.14420821274446843,0.0,25.669591461031498,73.97979529815014,2.387762756546439,7.414006715184936,-8.891593193578256,-21.417910466080453,0.27998132421972466,0.03859399326818134,0.10058489857493075,0.24512024170159852,0.10123891481216442,0.07611403858644258,0.2643352215228124,0.19863251693486791,0.26125895692014456,0.1985063774939566,0.03166040645695885,0.02821103243000434,0.051442760732001346,0.04692842782819172,0.1026789324712943,0.08374169953622493,1128
c_SrSd47_abs,500,5,True,clean_experiments/fire_sims_v2/results_ablation_abs_LOSSunrho/checkpoints/IV_bfe_LOSSunrho_n500_t5.pkl,0.06453833269964879,0.17759146283139604,0.06668769980963139,0.06230343693715676,0.18120825257977696,0.1326421807721545,0.18404735655450705,0.1377677617258484,0.05008664617612476,0.039996094911470645,0.051271843344191784,0.043615603936073416,0.06721048208823716,0.0631910479382505,0.04216946540706545,0.032002026611148586,0.018140399775381344,0.042988065630197525,0.15307347103965058,0.0,0.14861819122521053,0.0,0.1336443265439992,0.0,37.82773121935269,109.01956957318487,3.164668946114312,9.826301525769875,-23.144571327728436,-55.750228972588914,0.2918800438620056,0.04023417090165013,0.06760578394247244,0.17734213318440964,0.06887609914483077,0.06514368481444818,0.18135254114529148,0.13086153193708458,0.1839714699446687,0.13766576505915668,0.03950856039563148,0.03462144215379087,0.05533333246191423,0.05404409339557183,0.06887299691964208,0.06440101086935121,246
rel_LOS,50,0,True,clean_experiments/fire_sims_v2/results_LOS/checkpoints/IV_bfe_LOS_n50_t0.pkl,0.34889126585045005,0.2301791069876128,0.3553290148582644,0.33719573838924244,0.23948346958006356,0.222738305074545,0.2452906868556677,0.2252907859777552,0.40590129529210206,0.4007051069523748,0.39545659406411293,0.39223916059725705,0.41498925869188275,0.40796673872547495,0.03418513311374169,0.03399178333747099,0.03346223216455079,0.03420278802514076,0.08491225692835908,0.0,0.13430136035010887,0.0,0.15617030780755997,0.0,11.73154065427516,33.81031511361369,9.57903127536893,29.74290557378105,41.7694333742191,100.61346316136608,2.8102380330418875,0.38737693677057367,0.11879052177464473,0.24816273177881232,0.12270756816583153,0.11909564672418363,0.2580280279790551,0.2326509965828236,0.27706709605662283,0.2395423652490788,0.04113855672137286,0.03601721338847415,0.08270343827281267,0.07616587292260438,0.12606802357334915,0.1183440619878969,74
rel_LOS,50,1,True,clean_experiments/fire_sims_v2/results_LOS/checkpoints/IV_bfe_LOS_n50_t1.pkl,0.3121553079695599,0.22122644241383488,0.31278695072554064,0.32033384203227117,0.22889335968811472,0.20804833734983993,0.22252498444440955,0.19147586852125287,0.34119649458255696,0.3357515890249987,0.33531471879107383,0.331677538376854,0.3116604116866784,0.31994913434437766,0.030515004524162673,0.030729117270617952,0.031113450326402933,0.030502870678901672,0.08917270945541467,0.0,0.159547064036019,0.0,0.1993565302482517,0.0,-0.26399905442137817,-0.7608456112224532,-0.9387983845612927,-2.9149703035863075,31.818349756233907,76.64347113289402,2.3648532365777077,0.32598292099329607,0.15467831607162758,0.2675348907824318,0.15838368764316307,0.15552967806445017,0.2749064524846736,0.24419669289800836,0.28037998873861936,0.24876095980462365,0.041531873843150824,0.03760284589670969,0.09687242532603009,0.09471912666362654,0.17939867180782987,0.17921761584121,45
rel_LOS,50,2,True,clean_experiments/fire_sims_v2/results_LOS/checkpoints/IV_bfe_LOS_n50_t2.pkl,0.35770387147022953,0.28836376112122,0.3592073831039221,0.36183593476159104,0.2959912464828245,0.25673979295527094,0.2908432216810487,0.25255978128748235,0.40457489254918566,0.4050647469385098,0.3954446360099595,0.40671104012315706,0.4063339341979384,0.4103227481389901,0.042618157936205825,0.0420704959857968,0.038130539364650065,0.042645879089832306,0.15246051696693227,0.0,0.16827014759245626,0.0,0.18802686375917219,0.0,39.29424905896776,113.24607585555044,35.622310533969774,110.6073242767404,61.54764970241683,148.2548764912124,2.86529062968758,0.39496565559052016,0.1799458675007477,0.3065561439181955,0.18579939266600043,0.13442373979220185,0.31470858349083775,0.2687769868122821,0.31881556022253976,0.2717102048227301,0.03918476495813175,0.03634655044613916,0.09479308993675963,0.08458104502814753,0.20919243004524696,0.13911507791337074,110
rel_LOS,50,3,True,clean_experiments/fire_sims_v2/results_LOS/checkpoints/IV_bfe_LOS_n50_t3.pkl,0.12665898477955068,0.157029687705658,0.1281313145742194,0.12717981572929843,0.15924286260815596,0.11714975079401403,0.16023716335356003,0.1189938553461619,0.10898156742655678,0.10886208025599199,0.11347945916174956,0.11374131710018881,0.09555260626287239,0.09019060436352327,0.018257016795576175,0.018632397515748824,0.01963036086031701,0.018233856186270714,0.22217338559694622,0.0,0.25206288066604976,0.0,0.20318255416508285,0.0,-40.32831150507605,-116.22624514280727,-39.934893975902476,-123.99790192547205,-16.832053450193055,-40.54474894520408,0.6855693474342158,0.09450222743779556,0.11317315222407143,0.16173833483804054,0.11472650375967142,0.11197252065737505,0.1637788108637861,0.12582054244183558,0.16417705412173675,0.12760131034505906,0.04044502239472521,0.03795802666034598,0.09917876779366605,0.0828753309451643,0.10495683666216613,0.09796226992648224,0
rel_LOS,50,4,True,clean_experiments/fire_sims_v2/results_LOS/checkpoints/IV_bfe_LOS_n50_t4.pkl,0.19509380201637022,0.206431575247997,0.1960401088110575,0.19720659731716889,0.20975301279960484,0.18237726651554564,0.21149228707841816,0.17751236427734182,0.15596010306449248,0.15349828401797624,0.16653822575834962,0.16907197251305411,0.17925962736997447,0.18140497078296686,0.034706861172549584,0.034530417058979454,0.033712414339807824,0.0347205325961113,0.08719525088892602,0.0,0.13805035045725578,0.0,0.14043489093705486,0.0,13.436769638442481,38.72478721873779,11.315420355905335,35.13439610941977,42.82938015398274,103.16664398436909,0.9911680227915484,0.13662744151189601,0.15649585703457194,0.22397370690331347,0.15886578445327695,0.16072427721470298,0.22846956306894387,0.20393396904741412,0.2301558495652759,0.19930267377544003,0.04016943615872662,0.03594162382277162,0.09996107558524607,0.09984653488333282,0.15506201477702894,0.15559351371000757,9
rel_LOS,50,5,True,clean_experiments/fire_sims_v2/results_LOS/checkpoints/IV_bfe_LOS_n50_t5.pkl,0.12610071688721447,0.15733035312295895,0.1275769415962677,0.12688042516286163,0.15954161247367385,0.11714925459445291,0.1605835317808605,0.11813158337692259,0.10632212440971138,0.10623238924780212,0.11276809390649838,0.11266102223600678,0.09520598372441687,0.08978867715824852,0.01805035044531401,0.018427897001936377,0.019433082090080163,0.0180270466953516,0.22740889111915497,0.0,0.25741290237884107,0.0,0.20579109091346648,0.0,-41.003784952535156,-118.17296047905334,-40.59414059372204,-126.04486360040265,-17.667864382820245,-42.55803535314604,0.6631451003348177,0.0914111596888659,0.11340624468907946,0.16124605290666655,0.11497772558867511,0.11214942225066596,0.1633353143296985,0.125061904970726,0.16372306216397653,0.12639884332605147,0.04058698756791227,0.03811658450795556,0.0995366293095025,0.08321904263565832,0.10469070529924576,0.09726571340447376,0
rel_LOS,200,0,True,clean_experiments/fire_sims_v2/results_LOS/checkpoints/IV_bfe_LOS_n200_t0.pkl,0.29252518320373555,0.4545443713838221,0.29909033325953066,0.3104866226334154,0.4855161460403914,0.3582909749290605,0.48697562714426507,0.34800848060511724,0.34281376890984794,0.335728195162311,0.3426079537223517,0.34188568409364684,0.3596463729057248,0.35716878112662565,0.04300803179934648,0.029463346595659315,0.03447277596212828,0.04381134733557701,0.14151976735696364,0.0,0.2017774968253288,0.0,0.2671012647741503,0.0,40.568522505398434,116.91853355180636,-5.019252857976303,-15.584787178802737,46.0508041111708,110.92635232754557,2.3465046947940325,0.3234536683724163,0.12133785827488731,0.4684956610471377,0.12617852638722304,0.11023010525829338,0.4966840844146012,0.35096459687799386,0.5037698965085313,0.3562865876434858,0.038751436971444286,0.034034620308019764,0.07780754621077474,0.07441582595156243,0.1474696643851333,0.12411669434957695,414
rel_LOS,200,1,True,clean_experiments/fire_sims_v2/results_LOS/checkpoints/IV_bfe_LOS_n200_t1.pkl,0.17622541914965995,0.31444276282609085,0.17836938371027047,0.18037291992194154,0.3206738671257651,0.25704926401769923,0.3243258582841599,0.2551950570831248,0.19043507879451577,0.19299046549201496,0.18122619681011926,0.18386654485271714,0.20515440039639282,0.1882213499609083,0.03624238314110154,0.03421192140919202,0.030498739597825897,0.03639316186308861,0.09611888268733185,0.0,0.1426028275634401,0.0,0.216532439078932,0.0,18.455507891821693,53.18879725970905,10.288688559499304,31.94639243846119,29.214004916030994,70.37017191689411,1.3658124030586336,0.18827025279684678,0.10248023904253738,0.30505457823624704,0.1057292488622828,0.0953878346729711,0.31298611220811146,0.24808007813383387,0.32686225980391825,0.26507494386782793,0.03490214121665086,0.03111397680219936,0.058378607599030005,0.053328476183888744,0.1295505498282357,0.11241008497521857,102
rel_LOS,200,2,True,clean_experiments/fire_sims_v2/results_LOS/checkpoints/IV_bfe_LOS_n200_t2.pkl,0.20788119345395745,0.22038957693950612,0.21115616233050544,0.2070555499064589,0.22947295148816507,0.20641385639036158,0.23206658173739703,0.20231549395262824,0.2840982865207582,0.2818946942573102,0.28216379513723494,0.2872395615007225,0.27417717739646363,0.2753161886946301,0.041377972867244796,0.039914318299306195,0.03651229307086687,0.04149431362748146,0.13678473453121798,0.0,0.15975173319806613,0.0,0.16979414879741248,0.0,35.24079728534447,101.5640226791761,28.671458329556266,89.02491841230017,54.691625902169136,131.74020912956624,1.979721788016997,0.2728945209918296,0.10810345947424303,0.2545519027035682,0.11160832849484129,0.08183224031307704,0.26707270209502415,0.24767160342583722,0.2768326901427793,0.2547811135201529,0.03782874479401072,0.03269112563770711,0.05423099250092506,0.04892473960357589,0.12305081782229012,0.0756021111815306,127
rel_LOS,200,3,True,clean_experiments/fire_sims_v2/results_LOS/checkpoints/IV_bfe_LOS_n200_t3.pkl,0.2498054289808287,0.43935860379004643,0.2591737228509287,0.22834717521347728,0.4767471568100212,0.36118605605246284,0.504992560448094,0.3571111428000108,0.26219416214864794,0.2587508795114161,0.255676059562774,0.2507925140021128,0.3111325158605024,0.2793420432642584,0.03148618561030415,0.034193180345170514,0.04084345033160014,0.03130092844367027,0.07408966346631024,0.0,0.13181216258603723,0.0,0.14404314663272808,0.0,2.9102334006004185,8.38729636866634,10.228273146157855,31.758802495119404,73.04143913905406,175.94091067096667,1.797989683419287,0.24784368004376636,0.12509899303678648,0.45859034231078877,0.13268620800737468,0.08587687870302155,0.493740249633168,0.3646280816029394,0.524379829989154,0.3766997055505986,0.036520288423117254,0.03253842714333234,0.06553690196108541,0.059496083394935964,0.13537842214687748,0.07369862164104563,56
rel_LOS,200,4,True,clean_experiments/fire_sims_v2/results_LOS/checkpoints/IV_bfe_LOS_n200_t4.pkl,0.37185616818096723,0.25375385395039785,0.3732398778743371,0.370750551054851,0.2545209284228127,0.2135739013500944,0.2585307094818609,0.2084553457678563,0.4736150325686768,0.46691446889917054,0.43122033288951556,0.4251326287322662,0.4177265889560522,0.3984343060627735,0.03808577437577146,0.03281414960104441,0.023931324050850914,0.038484182208776474,0.11413520081231529,0.0,0.1596396415030113,0.0,0.15179139011578907,0.0,24.480493723907355,70.5528141046441,5.782703122954343,17.9553013246233,1.389836574564961,3.347813453500712,3.3356681478166563,0.459804790196265,0.13595376675863857,0.2806452086926356,0.1390254380627453,0.13514933499828596,0.28069188360291203,0.24815739746909296,0.3039433034641118,0.25665101839238336,0.027676252549337543,0.024320374677522377,0.0767879440400474,0.07375053296869924,0.16178254208997048,0.158902285645439,155
rel_LOS,200,5,True,clean_experiments/fire_sims_v2/results_LOS/checkpoints/IV_bfe_LOS_n200_t5.pkl,0.2608031241884008,0.5264245938789752,0.26535533843291975,0.26564972607662596,0.5686781589470522,0.5296779968986032,0.5910153339556647,0.5321063040493103,0.31149574226439364,0.3093243483639903,0.2909401262797495,0.2948391982726851,0.27667030622283717,0.27766601548178294,0.03797590594303838,0.0361276705618496,0.03653433785812177,0.03816830366849899,0.11785976098983955,0.0,0.13511851071773476,0.0,0.16541292870568086,0.0,24.121397001431735,69.51789689291863,16.464473284610033,51.12221269027401,54.78502304861811,131.96518250350292,2.3382923649198384,0.3223216407103427,0.14956775464229832,0.5636441379161393,0.15442115161437778,0.1257134620479158,0.6047072655978847,0.57934752441394,0.6337445578689522,0.5866153914706965,0.03742437081910706,0.03258879099819585,0.0799068075739236,0.0777847524820082,0.18198897322426064,0.14454334653519885,164
rel_LOS,500,0,True,clean_experiments/fire_sims_v2/results_LOS/checkpoints/IV_bfe_LOS_n500_t0.pkl,0.20308586139147417,0.3496722835425071,0.20829678529433118,0.1893613547951054,0.3656738806130623,0.3216515605570176,0.3766051115775074,0.32362965624264517,0.11144041993038939,0.10976705196662793,0.1306456765505898,0.12631774256528858,0.20618133980295333,0.17438450782465553,0.05684313333186376,0.03478739540042218,0.028473790667809744,0.057053156197071075,0.2673627251644055,0.0,0.22973418720116784,0.0,0.2989364697860236,0.021739130434782608,85.78751300027804,247.23972177479033,12.143839313348009,37.70663813665948,20.63490412537174,49.704987555274094,0.7703735321247887,0.10619205047218135,0.18282322846832672,0.36030251505471916,0.18892644313928664,0.17572581161677892,0.37458860508643765,0.3334387801293925,0.38657982289411486,0.3367638598175974,0.03378492529248443,0.030405935443765922,0.0774012182223825,0.06662781232167027,0.1809737836286035,0.15667804133073315,507
rel_LOS,500,1,True,clean_experiments/fire_sims_v2/results_LOS/checkpoints/IV_bfe_LOS_n500_t1.pkl,0.25975604021677107,0.4618329957231538,0.2674525765919132,0.24610355412710583,0.47382301477864386,0.38716712974604717,0.48178348438882884,0.38574028706587415,0.2754797135740636,0.278470372548006,0.28662778318012494,0.2769207683417156,0.31639148290170893,0.2706373743483403,0.04296930093673256,0.036100374662936974,0.024154352615195634,0.04320302978157997,0.1529077452378977,0.0,0.18570289566517983,0.0,0.18801951063026529,0.160829307568438,40.44193358920719,116.55370413404722,16.376479720667213,50.84899255055264,2.334741655550942,5.623883892499048,1.961106509046418,0.2703285000142589,0.14778058855522783,0.47890119647137563,0.1586449937277732,0.12916641051178163,0.48936675468673374,0.40752121555008125,0.5002077140898381,0.4051449361340028,0.035036736889122025,0.030669142655989405,0.08070531740747532,0.06033976057656665,0.2112961714527229,0.17208859368475568,463
rel_LOS,500,2,True,clean_experiments/fire_sims_v2/results_LOS/checkpoints/IV_bfe_LOS_n500_t2.pkl,0.4275033380889187,0.24445767722572054,0.4367157890738596,0.41242563536952953,0.25463652512946566,0.2228862192998143,0.25563379617754767,0.22289792478977097,0.5374807842961113,0.5346904746195968,0.5091451048223418,0.5040816237765334,0.5374815225161853,0.5237615096069403,0.039888514151407005,0.039283885876744286,0.03753097386991039,0.039934273809194565,0.1286873735547153,0.0,0.1535504628352642,0.0,0.17850712782956982,0.0,30.372613314617222,87.53391027263976,26.639138534414332,82.71456259186732,59.00747067186115,142.13613872849635,3.7612802097165674,0.5184732356634743,0.12280098949262783,0.2509791150617257,0.12631359006404602,0.11139209177262699,0.2604019119627057,0.22844020471531662,0.28309581846366655,0.23843751446669248,0.03514116798067704,0.03144814415206064,0.08637981758141286,0.08709037648178222,0.15769637760200467,0.1345263572451162,34
rel_LOS,500,3,True,clean_experiments/fire_sims_v2/results_LOS/checkpoints/IV_bfe_LOS_n500_t3.pkl,0.18432830965938712,0.2836172373907254,0.18714445082700867,0.1641875188972974,0.29038906789335617,0.23022291592833793,0.296633418702679,0.23107426854826946,0.1649062299745897,0.15502277133005246,0.1633364247772754,0.15112698525256524,0.18010933418939673,0.15557736115138276,0.04429829295941042,0.03243351722584845,0.018833152860485078,0.043049685657024384,0.15199747569754016,0.0,0.16639395141499314,0.0,0.1703686643543115,0.20772946859903382,44.78564422262721,129.07228371419524,4.5556616779108525,14.14533591310116,-20.209584448776546,-48.68048513434037,1.0487661152160985,0.1445670439031921,0.1379009604006331,0.2708829637640048,0.1418114347452103,0.11701735339769503,0.27739525401158527,0.2208139043540983,0.2830762133158916,0.2180678696485829,0.03509495969018904,0.029037061133675546,0.07754748182187396,0.069848828286265,0.15903401447047597,0.12170733958534086,779
rel_LOS,500,4,True,clean_experiments/fire_sims_v2/results_LOS/checkpoints/IV_bfe_LOS_n500_t4.pkl,0.2554280613436074,0.2586656326154338,0.2602882756901833,0.24888178454718907,0.2655143459503537,0.2370348638775368,0.2738161240918826,0.23622772222486907,0.31023911509537117,0.3121775727813202,0.3111285880539631,0.3078006734067545,0.2790162472369836,0.26476448588532603,0.03605144273091792,0.03629032754164631,0.025880432203472976,0.03600393235683441,0.08974295381562342,0.0,0.14856275046409512,0.0,0.17397435297997813,0.003421900161030596,17.831433498663934,51.390214063450685,16.988829247324475,52.750338691508304,9.647622756415458,23.2390209390891,2.295853109477981,0.3164716064503994,0.08268065461671631,0.24945327657378535,0.08602528747779262,0.06792977606602213,0.2527259608598321,0.20697509364141242,0.2672765844426452,0.21974299338811717,0.02858622198339191,0.02616535928656579,0.049647454930577664,0.042694954661351744,0.12348448195083424,0.10457398281139724,689
rel_LOS,500,5,True,clean_experiments/fire_sims_v2/results_LOS/checkpoints/IV_bfe_LOS_n500_t5.pkl,0.1936437211708889,0.219754117797021,0.19272124067291077,0.19512171776667664,0.2263236407098495,0.19965203876705706,0.22694383174141167,0.19868248026819557,0.21066211502255874,0.21049013072455186,0.20729869931754863,0.20737302702845417,0.1991832655875998,0.2058986493135414,0.044053986492114595,0.028390337583410263,0.01885974797408165,0.04541892185807228,0.16997210078037217,0.0,0.16832340040170535,0.0,0.18877540424615366,0.0,43.98714687900291,126.77101335244758,-8.478303150944532,-26.3251432003203,-20.096908935482396,-48.409074375557935,1.4894714258240198,0.2053160164936133,0.09450796545540917,0.22202448591739155,0.09511628001215133,0.08541440884851895,0.22856718863059977,0.19907915422796985,0.2321739849352662,0.20437166985533178,0.0367924989401806,0.03225935922326113,0.05518158976644876,0.04997503294363483,0.11380770186058593,0.09442643648120644,370
