label,n,trial,crossed,ckpt,rec4,rec15,sun4_mean,sun4_median,sun15_mean,sun15_median,gc15_mean,gc15_median,acc_b0.5_mean,acc_b0.5_median,acc_b2.0_mean,acc_b2.0_median,acc_b4.0_mean,acc_b4.0_median,rho_gauss_b0.5,rho_gauss_b2.0,rho_gauss_b4.0,rho_sun,dex_b0.5,negfrac_b0.5,dex_b2.0,negfrac_b2.0,dex_b4.0,negfrac_b4.0,rhotot_err_b0.5,rhodm_err_b0.5,rhotot_err_b2.0,rhodm_err_b2.0,rhotot_err_b4.0,rhodm_err_b4.0,sun_off_mmsyr,sun_off_rel,grec4,grec15,gsun4_mean,gsun4_median,gsun15_mean,gsun15_median,ggc15_mean,ggc15_median,gacc_b0.5_mean,gacc_b0.5_median,gacc_b2.0_mean,gacc_b2.0_median,gacc_b4.0_mean,gacc_b4.0_median,e_chi
scale1_bfe,50,0,True,clean_experiments/fire_sims_v2/results_scale1_LOSSunrho/checkpoints/IV_bfe_LOSSunrho_n50_t0.pkl,0.12465853657770407,0.2776085041860013,0.12940175147143898,0.12190334367450345,0.29900879059759555,0.268934909227761,0.29951929147918316,0.2719308858508733,0.03880644051923207,0.034086298636365864,0.0796835394719232,0.07393231354739674,0.1275361035791975,0.11476589707297602,0.034869982624051325,0.03539759781094897,0.0363201648728345,0.03483369201421738,0.08988688446678343,0.0,0.14196567674388522,0.0,0.17637705016003485,0.0,13.969919854046726,40.26132681943393,14.110943785731232,43.81450028826345,53.87763639793296,129.77948578758398,0.05848900943281566,0.008062410743300764,0.12412975480582725,0.2785578488779239,0.12906021742871876,0.1208945995517387,0.2999888381262268,0.26977285901657255,0.3006833639515383,0.2734361069909933,0.04009935984591616,0.035316331705048526,0.07765400818327747,0.07245183867106877,0.12815700118329953,0.1144300484300673,113
scale1_bfe,50,1,True,clean_experiments/fire_sims_v2/results_scale1_LOSSunrho/checkpoints/IV_bfe_LOSSunrho_n50_t1.pkl,0.10415100704177253,0.21239605607983641,0.10732267089190535,0.10024181832105908,0.22349942642492654,0.1922387190165663,0.22343509198584505,0.1941533086836275,0.048002853429909655,0.04257040008036958,0.07832675390082025,0.07402165197736309,0.12140837704555713,0.11558710723509422,0.034539571043918395,0.03451148466226253,0.03424383201934082,0.03454335033893585,0.08711747676919365,0.0,0.1399583534747484,0.0,0.183261845390261,0.0,12.889994414662496,37.14898032711856,11.254388144933504,34.9448910085687,45.080837347333045,108.58991375566457,0.17524922316930072,0.024157208907055767,0.09693094745749384,0.21604356527010987,0.10063298185012481,0.09074914753822705,0.22738661133522287,0.19752256923057127,0.2279775149929929,0.19987432011301032,0.03842513843715243,0.03438087393179466,0.06780308455691092,0.06259165458369931,0.11662871047084493,0.10747533699630704,45
scale1_bfe,50,2,True,clean_experiments/fire_sims_v2/results_scale1_LOSSunrho/checkpoints/IV_bfe_LOSSunrho_n50_t2.pkl,0.18344320957690058,0.24938236441708816,0.18615534814157902,0.17122566034548908,0.25546951980586047,0.22339564689248473,0.25317907468958756,0.2134201723055953,0.0545494497225148,0.05466439018308501,0.10362787119362663,0.09706042113858414,0.2085989348843203,0.2067987549245549,0.04970018371541023,0.04760222061825687,0.04067750971567457,0.049837078899145126,0.21386887520762882,0.0,0.19795858441489914,0.0,0.21513788237566284,0.0,62.441318535954,179.95595958155698,53.454885556265424,165.97749478545697,72.33839855951797,174.24743911207887,0.16270039170729067,0.02242741668495641,0.18429146679606007,0.24976141944514094,0.1867300856801034,0.17119694959195603,0.2560243345556734,0.22201723909207538,0.25479991249027795,0.21532023866712244,0.043409449839739475,0.04125619164552995,0.10168707605239476,0.0935286350221386,0.20557650987417114,0.20393221359070682,132
scale1_bfe,50,3,True,clean_experiments/fire_sims_v2/results_scale1_LOSSunrho/checkpoints/IV_bfe_LOSSunrho_n50_t3.pkl,0.12640969944114894,0.1570961618654578,0.12784634736291692,0.1270996304059993,0.159308113994587,0.11701742021668303,0.16032787204547708,0.11853029495581066,0.1072602983634911,0.1071291376025466,0.11291596482929958,0.11266460887023966,0.09513189650305039,0.0898081571994416,0.018242383764571157,0.018618321353788495,0.019617899137708606,0.01821918971836567,0.22259849731361164,0.0,0.2523761391846562,0.0,0.20356999789129573,0.0,-40.37613846813606,-116.36408251128597,-39.98027118298733,-124.13879821725024,-16.88485002826868,-40.671924397063,0.6708829410299284,0.0924777814449049,0.11322844792408196,0.1616795463953292,0.11477534243567208,0.11215216073134662,0.16373385151634384,0.12565623309184795,0.1640976823959557,0.12700046349430139,0.04050720486212404,0.03803069896498615,0.09923951270708224,0.08303909724758382,0.10477847909245429,0.09765793695274687,0
scale1_bfe,50,4,True,clean_experiments/fire_sims_v2/results_scale1_LOSSunrho/checkpoints/IV_bfe_LOSSunrho_n50_t4.pkl,0.17681788846793453,0.1919936578447736,0.17745443236172986,0.1811342198508113,0.19479340283534086,0.1610879290851161,0.1960350540273987,0.16002232062043809,0.12404351328735276,0.12264374796806847,0.15238892405000593,0.152047480378595,0.16463368580967458,0.17187184045000328,0.031196709033263145,0.031072217063199892,0.03049913348727417,0.03120727464556694,0.07397057174919017,0.0,0.13363609324170744,0.0,0.13310922593134658,0.0,1.9641009450530778,5.660541426244057,0.16724958381535726,0.5193101928235012,29.215673707390135,70.37419167163755,0.7713244601281604,0.10632313103286851,0.13665837018602325,0.1972204340704219,0.13865941650062608,0.14001207944982313,0.20158387583538032,0.17076942951309704,0.20225147336021562,0.16740507235890312,0.039925246067696034,0.03546949812706697,0.093782908788701,0.09168001805545864,0.13003476868877048,0.13177798264398524,8
scale1_bfe,50,5,True,clean_experiments/fire_sims_v2/results_scale1_LOSSunrho/checkpoints/IV_bfe_LOSSunrho_n50_t5.pkl,0.12621954811534045,0.15735306061509868,0.12767019049483724,0.12704111988944228,0.15955385264181832,0.11701383633980594,0.16060047841151903,0.11840066422661866,0.10585143020219479,0.10578113060635,0.11267688029124974,0.11247557106534439,0.09514553817403265,0.08969705665889532,0.018061515423558366,0.018438781397643104,0.019443113316132,0.01803823746740818,0.22715349593371487,0.0,0.25726579994853915,0.0,0.20553996072181593,0.0,-40.9672930595107,-118.06779079685995,-40.55905265715455,-125.93591550804292,-17.625365089096373,-42.45566381544378,0.6585400018932683,0.09077637042659001,0.11344590169363329,0.1612559039759888,0.11501580802957645,0.11214336998037092,0.16334594681856052,0.12501203518982662,0.16373050663320127,0.1263419092026381,0.04059264186919919,0.038122370350551715,0.09954560026490217,0.08327234621139083,0.10471103156064077,0.09731399534858959,0
scale1_bfe,200,0,True,clean_experiments/fire_sims_v2/results_scale1_LOSSunrho/checkpoints/IV_bfe_LOSSunrho_n200_t0.pkl,0.13132269803781918,0.3320187820111514,0.13066703557116777,0.11121074731177603,0.346900699685239,0.3008820166541528,0.36599551211328774,0.30911480615132764,0.055967841115259265,0.05459679027189571,0.08573995977178267,0.08303155517017757,0.16100012290121254,0.12355174504266182,0.042051156436380834,0.029701801990121804,0.03892506876440657,0.045797280967235565,0.16788363967564002,0.0,0.16948994995565536,0.0,0.22075612334546973,0.023349436392914653,37.44104723237417,107.90514583001108,-4.250546171770131,-13.197951837680648,64.91383227651201,156.3632767986535,0.23265580100797106,0.03207041199240244,0.13093892559901826,0.33182786153643773,0.13030330516244987,0.10697470599583564,0.34677843908590233,0.3014742841938739,0.3650214322552171,0.30935939724841294,0.04249488598040133,0.03923642513375501,0.0774697825254835,0.07240149985710254,0.16650741559909918,0.11916701090260144,409
scale1_bfe,200,1,True,clean_experiments/fire_sims_v2/results_scale1_LOSSunrho/checkpoints/IV_bfe_LOSSunrho_n200_t1.pkl,0.11368578169869348,0.27548004868599074,0.11606257928860776,0.10751578059446726,0.28110578745558135,0.23242075392339936,0.28993035057792305,0.23592625770800074,0.03793566876854795,0.03524712371706773,0.06371020147371445,0.05833037216316493,0.14066617524908298,0.13082967489517627,0.035172181231720175,0.032967344579688314,0.03029913137173223,0.035354357212781906,0.09228464311592108,0.0,0.1433569074484057,0.0,0.22239409978925098,0.0,14.957633311416428,43.10791826208958,6.276556510680098,19.48871678764498,28.36832477816765,68.33311274410367,0.07909437941691448,0.010902755586553958,0.11229459670209657,0.27516205271994076,0.11468273425075257,0.10678027623081977,0.28104079477228533,0.2327093575492294,0.2902706401482768,0.23742659434892827,0.034453526326739786,0.031480914815468636,0.06364221386592354,0.058859173725309646,0.13856935730010472,0.1285151297916443,108
scale1_bfe,200,2,True,clean_experiments/fire_sims_v2/results_scale1_LOSSunrho/checkpoints/IV_bfe_LOSSunrho_n200_t2.pkl,0.08906107151832789,0.17088807895061053,0.09331686640445212,0.0859851870383147,0.17637680053886415,0.13261482191604707,0.17486473495905563,0.13273956393068556,0.06961942634728999,0.06460768575664247,0.07115133284398459,0.06824577807067808,0.10611064587104331,0.08426352030150393,0.041010971487767105,0.03707732374214745,0.02968503566644088,0.04130572825670242,0.1378437854639652,0.0,0.15915525243214942,0.0,0.17459135383835295,0.0,34.0412808342939,98.10701473885892,19.525862400664387,60.62783019854327,25.766585607015603,62.06609001705467,0.3597913806246061,0.04959540126640155,0.07663896618721665,0.17479753438172868,0.0813600723725807,0.07107696271298652,0.18069186001397497,0.14094131805553328,0.1810449602299845,0.14367054084806202,0.035312997723672565,0.030605391071014607,0.04740497207235876,0.042295482747689905,0.09091414328368955,0.06330196753783457,108
scale1_bfe,200,3,True,clean_experiments/fire_sims_v2/results_scale1_LOSSunrho/checkpoints/IV_bfe_LOSSunrho_n200_t3.pkl,0.1476073130831287,0.1807402312084972,0.1531001333878056,0.14437240796318918,0.18731656150464715,0.15802567660628442,0.18919199005064408,0.1588796345945562,0.13975568218775242,0.1360595327881795,0.136570640655782,0.13180936852279146,0.16888465147272125,0.1517769641617835,0.03413625619377506,0.03412336114355517,0.031226057996924877,0.03410308435559273,0.08897144553147038,0.0,0.13497132513957105,0.0,0.1402832359390063,0.0,11.571790111484038,33.34991384574012,10.003197562406562,31.05994249121775,32.29543465496338,77.79266469396323,0.9131225954876726,0.1258692786080936,0.09549249791991964,0.19112987900817097,0.09944693808040392,0.08635021030384427,0.1975906951444451,0.17320088193564387,0.2030582480627294,0.18049558114410097,0.033578222547334835,0.02984680312614146,0.062484196570010433,0.05752104710238759,0.09800449836820169,0.07199238250656503,62
scale1_bfe,200,4,True,clean_experiments/fire_sims_v2/results_scale1_LOSSunrho/checkpoints/IV_bfe_LOSSunrho_n200_t4.pkl,0.09981311172365953,0.23113530888808487,0.103302427414356,0.09204640131769573,0.23609181836027726,0.17901933685738813,0.23243256933550863,0.172609401464144,0.04736990430714704,0.04626789892123488,0.07877209478089581,0.06645443847776933,0.12336149536259727,0.1132966998952864,0.038065543439719164,0.028226674636104315,0.019419465176296738,0.03901142627000809,0.11479815337258095,0.0,0.16021455292817605,0.0,0.1556194085542941,0.0,24.414370428541503,70.36224668314732,-9.005902042812258,-27.963338501133627,-17.725555159152464,-42.69699986212678,0.26137778391644056,0.03602959040584676,0.09344928219905754,0.23030891715899532,0.09640269238879448,0.08833789844432627,0.23529784616585175,0.17805261651528467,0.23268504461561662,0.17333716654046866,0.029801995540058468,0.026178750158229763,0.06144687016765378,0.05371406949185737,0.10418712023281926,0.098604970592733,187
scale1_bfe,200,5,True,clean_experiments/fire_sims_v2/results_scale1_LOSSunrho/checkpoints/IV_bfe_LOSSunrho_n200_t5.pkl,0.11966414197048554,0.21062019188586617,0.12407729617153165,0.11107332633287414,0.2207647423990595,0.19773081511221732,0.2220568958618535,0.19542339591816715,0.03791117438880598,0.033636244273683086,0.07109484180702895,0.06842509626276425,0.14102458948141833,0.11869631004329345,0.03789323694007796,0.0360837515447769,0.030358347415471304,0.03800589591264725,0.11623537436621187,0.0,0.13525367199506116,0.0,0.15194125961199775,0.0,23.851199572789636,68.73918755929427,16.322891911911423,50.682602329045814,28.619205380700958,68.93742944705578,0.11016500750883343,0.015185682723781945,0.11775992167404636,0.20920436693865652,0.12217414567982252,0.10904794856795066,0.21921935269834716,0.19530002046682615,0.22070302769506897,0.19272136754656163,0.03556838778805374,0.0322062886636323,0.0726491198340568,0.06996216546758141,0.1394480996361736,0.11724180237311804,218
scale1_bfe,500,0,True,clean_experiments/fire_sims_v2/results_scale1_LOSSunrho/checkpoints/IV_bfe_LOSSunrho_n500_t0.pkl,0.1727693523617687,0.3396748459512234,0.180102219094868,0.15346756119535884,0.3533938647087987,0.30432354771076897,0.3691209354580782,0.3069585006420461,0.040484891636278476,0.03410566371433625,0.07909580363724128,0.0657700948327597,0.18085255041750392,0.14419761122105823,0.05633225406088721,0.03397025004129142,0.03169465302086079,0.058747079223394394,0.28198692994835384,0.0,0.2503332157791456,0.0,0.3238678077395628,0.013888888888888888,84.11774246451266,242.4274409631408,9.509614566274944,29.52736659447591,34.280731113929136,82.57481125431924,0.055748427024688865,0.007684635478093662,0.17227756694854396,0.33933235932672845,0.1796161140629195,0.15324332628735193,0.353100082698232,0.30356992747811096,0.36901405807271287,0.30713642560008203,0.038022916754475486,0.033186816987702095,0.07835081068218905,0.06455533947180614,0.17949038008138596,0.14343188946928004,676
scale1_bfe,500,1,True,clean_experiments/fire_sims_v2/results_scale1_LOSSunrho/checkpoints/IV_bfe_LOSSunrho_n500_t1.pkl,0.13366871287585758,0.35668007053910156,0.14401351309654825,0.11848237686085952,0.3813069600976944,0.30459764402960504,0.3951468623842912,0.3126530699936074,0.03125400311534406,0.02707179209677007,0.08369484521255889,0.06543208253525604,0.19774046432682257,0.1387072253817555,0.04298887464824612,0.03666305637503967,0.028456410455114534,0.04386807978153229,0.15638470127491322,0.0,0.18746061027945937,0.0,0.22825768910532201,0.10044283413848631,40.50590879551853,116.73808076015185,18.19039210991837,56.48119306871316,20.56126938117396,49.52761750200179,0.06768541089649252,0.009330087639857257,0.135051431792708,0.3557810137997288,0.14539574907458944,0.11924525584389128,0.38033338570281444,0.3028288714402273,0.3935801585318236,0.31031195686513646,0.03353345710583079,0.02927837884114419,0.0851927193097145,0.06609089713301611,0.20052801375384208,0.13899376886880083,494
scale1_bfe,500,2,True,clean_experiments/fire_sims_v2/results_scale1_LOSSunrho/checkpoints/IV_bfe_LOSSunrho_n500_t2.pkl,0.383093633415455,0.223005178468357,0.3916432971600037,0.34386307837746566,0.23007035961571326,0.19199701631073374,0.22887753396956645,0.19589381247242882,0.4725562196676342,0.470368189723487,0.4617157626635926,0.4645582798609076,0.5115414667835892,0.48590607122195084,0.0418640525388608,0.04132239077163225,0.03986987882535065,0.04190607741475105,0.15341071029671882,0.0,0.1588966132226207,0.0,0.19421098561480568,0.0,36.8295121927774,106.1427010666928,33.210649932160855,103.11911471842596,68.91670890254302,166.00533433734267,3.3102557717194214,0.4563018241510888,0.11229933678025406,0.26433010933554546,0.11555910851462492,0.10184876020889777,0.2722564148421617,0.24160637156002954,0.2943789368364782,0.24729949525953382,0.035270316322954895,0.031225374141248805,0.07629517564319527,0.07501334865830911,0.14823455476347028,0.13357955639853353,33
scale1_bfe,500,3,True,clean_experiments/fire_sims_v2/results_scale1_LOSSunrho/checkpoints/IV_bfe_LOSSunrho_n500_t3.pkl,0.10731093416695194,0.23121522050336837,0.1139130384571556,0.09970507002807433,0.23704578813537636,0.18377463694666604,0.2462965470051718,0.1848466602392469,0.03235936105221801,0.02560474193886314,0.06473985209051444,0.059103814547143044,0.09922262774055418,0.09144710554996024,0.043972073913206566,0.03199667947359352,0.026468869317308612,0.0436248779296875,0.16011296881811085,0.0,0.15727722283451723,0.0,0.19401864521088846,0.09863123993558776,43.719421765576925,125.99942923442623,3.147431422929275,9.772778992052217,12.140654177469758,29.24419038429382,0.025454200819951988,0.003508731369243786,0.10727867489059897,0.23094571197042904,0.11388973994985062,0.09953599537476743,0.2367463008048575,0.18354600525811926,0.24595982210901643,0.18430211243623212,0.03128270231234247,0.02482796791725055,0.06496116851054196,0.059500730095806115,0.09999141132786488,0.09214153649332575,749
scale1_bfe,500,4,True,clean_experiments/fire_sims_v2/results_scale1_LOSSunrho/checkpoints/IV_bfe_LOSSunrho_n500_t4.pkl,0.08404629206129498,0.223948171544277,0.08784968688931484,0.07758284299838655,0.23327734238622755,0.18383816067303016,0.23152484108431615,0.17898952816870892,0.02556879450948798,0.021370835224532814,0.04484242093207354,0.03997082338236067,0.09981807799904278,0.09071508249465449,0.03723633867241623,0.033515377045233746,0.022094944454669016,0.0373096838593483,0.09999597001898164,0.0,0.15347544684760447,0.0,0.15062595809386453,0.0,21.704176910781463,62.55146551171201,8.043244244763201,24.97428468513232,-6.390352551206707,-15.392966795566359,0.06443533173610513,0.00888208085373816,0.08459410600856263,0.2245939414534595,0.08861720936895015,0.07756503159399544,0.2338887814130139,0.18544895367034103,0.23198577200487241,0.18073924568630123,0.02896930770483228,0.026147450301625616,0.047495026333595564,0.04298579639643685,0.10323908287609918,0.09297448015051751,512
scale1_bfe,500,5,True,clean_experiments/fire_sims_v2/results_scale1_LOSSunrho/checkpoints/IV_bfe_LOSSunrho_n500_t5.pkl,0.07878217441954499,0.17655419941128336,0.08185073382667887,0.07462157265364391,0.1806140548305966,0.1397711298740485,0.18253596448551593,0.14094280492988415,0.046314823250667235,0.03685568447338769,0.056742181369389605,0.050642110565375736,0.09265175767796201,0.08461625898828853,0.04364421999869366,0.030072707549754628,0.023567593188933703,0.04543205723166466,0.17790542649081315,0.0,0.16923767476284432,0.0,0.1964764488295417,0.0,42.647855864219146,122.9111749413546,-3.054860981743342,-9.485347642058002,-0.15118190684248056,-0.36416427004125923,0.14551751685834743,0.020058845287931074,0.07531395731967216,0.1750837171423043,0.07795058182726473,0.07095319465287495,0.1794751097130054,0.13876988233517798,0.1826501148823579,0.14332294816056945,0.038308655275086166,0.03357568997466698,0.05574859724202241,0.05086894207973499,0.08285658298312559,0.07540170613597892,242
scale1_bfe,1000,0,True,clean_experiments/fire_sims_v2/results_scale1_LOSSunrho_large/checkpoints/IV_bfe_LOSSunrho_n1000_t0.pkl,0.10081208381886843,0.23392838396647683,0.0997608316437263,0.0797236689451794,0.24320353992825106,0.1962487390375463,0.2526297140878992,0.20185787331853383,0.040768026920007916,0.037420188644885694,0.061014374293245965,0.05603389059936506,0.11999436845053536,0.09319266347501273,0.033413287711375556,0.03541108445914943,0.02885557265939539,0.028980677947402,0.08705488860743832,0.0,0.19168842481556742,0.0,0.22497135914067054,0.0008051529790660225,9.208821913752818,26.539836489052426,14.154420582176002,43.94949580233306,22.252399824804385,53.601182232144716,0.12492233632448954,0.017219905008268324,0.10186957250192513,0.2339961137492154,0.10099053512310104,0.0818002121151242,0.24308149987446823,0.19578236620492992,0.2521560913535325,0.20096882151895698,0.039769420334402145,0.03594355389270701,0.060517218136908524,0.05527569135659856,0.1211229756922827,0.09540267543893419,530
scale1_bfe,1000,1,True,clean_experiments/fire_sims_v2/results_scale1_LOSSunrho_large/checkpoints/IV_bfe_LOSSunrho_n1000_t1.pkl,0.056008318838104004,0.19079632286922424,0.05802608818435547,0.051276672956274034,0.1939670063391132,0.1384813556117424,0.1961023831458737,0.14413061466893626,0.030325637731661914,0.026394321179441495,0.0420203311604721,0.033575326435602994,0.04664514663589213,0.03911320441600911,0.03819791600394227,0.02907588718111564,0.02484434499187878,0.03894282504916191,0.10985102872711548,0.0,0.1581901085213388,0.0,0.17523415668347683,0.0,24.847020214979192,71.6091439189307,-6.268302573394269,-19.463088300771236,5.258032241602426,12.66545390985047,0.08874393382139902,0.012232897297846676,0.05631433683679983,0.18991635543875915,0.05824055250918814,0.05122662681856027,0.19315632980001407,0.13694726700119814,0.19488408432625987,0.14261492216830535,0.02782170108588603,0.024414540896922896,0.042988220186061,0.03340436971286597,0.04761883669919413,0.04030848818666326,358
scale1_bfe,1000,2,True,clean_experiments/fire_sims_v2/results_scale1_LOSSunrho_large/checkpoints/IV_bfe_LOSSunrho_n1000_t2.pkl,0.1321031411318006,0.3113097268942876,0.14086413025166983,0.12805711545385406,0.3184577406786233,0.27325663629064884,0.3211794560665732,0.27689256758848013,0.034277094332780256,0.028836722874625707,0.06602814129804105,0.06035715876063458,0.15824499495402308,0.15055949273104757,0.030822789589413653,0.032335738252972014,0.028426297007795708,0.020046979188919067,0.1402818996202266,0.0,0.19314418154606863,0.06693548387096775,0.26376855402549243,0.12238325281803543,0.7419733200739197,2.1383680538541485,4.2404524104085635,13.166610694465708,20.43368774399146,49.22030113891577,0.06459976680240952,0.008904747386442405,0.1313294696622016,0.311744165056537,0.14001873994314185,0.12745390520983085,0.31892079845177035,0.273785776503754,0.3217801434005305,0.27774338249278785,0.032455826213541705,0.028112095091996504,0.06456152419662409,0.05951665530909146,0.15629801288308046,0.1489668741313307,1014
scale1_bfe,1000,3,True,clean_experiments/fire_sims_v2/results_scale1_LOSSunrho_large/checkpoints/IV_bfe_LOSSunrho_n1000_t3.pkl,0.173384114617389,0.3246542102648105,0.1787616032556841,0.15792181253651139,0.3332904956229853,0.2905639961231753,0.34411199394441994,0.29224083548862206,0.03724415653702002,0.035915346811868684,0.08551127637439186,0.07607568891447997,0.1718495620042172,0.1508109775595204,0.03903519928980877,0.02877341565758357,0.029376993832410568,0.03407642990350723,0.11402649965053566,0.0,0.20332486749020348,0.1717741935483871,0.35781123234176343,0.23752012882447665,27.583617764056232,79.49602154226484,-7.243377526301851,-22.49069740006111,24.461504820674733,58.9224347885363,0.05090481606307064,0.007016968485063512,0.17358460202326853,0.3257417873239523,0.17899037785003535,0.15759570440649703,0.33442315276512036,0.29108329750600936,0.34556908079887877,0.2932616320700666,0.035517401634883546,0.0342981413782886,0.086083065144215,0.07626642614089275,0.1728346279984222,0.15266882547238483,1155
scale1_bfe,1000,4,True,clean_experiments/fire_sims_v2/results_scale1_LOSSunrho_large/checkpoints/IV_bfe_LOSSunrho_n1000_t4.pkl,0.13752308142638936,0.23021996798145378,0.1425241089678921,0.11599571097923897,0.24804394679190991,0.1933901297915851,0.25652340686253505,0.1910648601852002,0.03356829992013438,0.029696426461334184,0.07178243732283913,0.06560759788426196,0.1337834979026738,0.11435500219898759,0.030902485206076243,0.03247117342957336,0.028329036480007654,0.02226956933736801,0.11895458149393359,0.0,0.21185511363130058,0.029838709677419355,0.28761421303411816,0.16867954911433172,1.0024524588702026,2.889069263760085,4.677053670932142,14.522258222054186,20.021624082297148,48.22772956930459,0.10354929120048934,0.014273740074107021,0.13806982197716786,0.2303159816365407,0.14298040545969032,0.1162251567522567,0.24811221866212946,0.1934624799940735,0.2566073950679808,0.19148714226211266,0.03354008230350421,0.030829074178283802,0.06987366778936557,0.06228820770429236,0.13695365621710012,0.11673404672176454,869
scale1_bfe,1000,5,True,clean_experiments/fire_sims_v2/results_scale1_LOSSunrho_large/checkpoints/IV_bfe_LOSSunrho_n1000_t5.pkl,0.11516216372870083,0.2483613462447419,0.11772686908688967,0.10921989729381093,0.25825133341034284,0.21397238988639278,0.25791662989009445,0.20770797636623822,0.08721781517032966,0.08244676109087029,0.09072466833841555,0.08748054345961308,0.09970298793839077,0.0907931488190305,0.03252817486903294,0.034317687133114054,0.02597808704731682,0.028706291690468788,0.10002729241670466,0.0,0.1816237620454868,0.021774193548387097,0.2017267019397828,0.026368760064412237,6.315897050807908,18.20242334796329,10.629644650400799,33.00506157993949,10.061357016876906,24.235616617095737,0.5093790456978456,0.07021529566446102,0.10434745713119077,0.2546805277638321,0.10689430674090994,0.10017752302388787,0.2646300359325693,0.22244047510915033,0.2666856367196817,0.22367586558016245,0.02601000288024766,0.022105367854112462,0.053040965051738095,0.04681930823649517,0.09474693153089044,0.0896273586527416,975
scale1_bfe,2000,0,True,clean_experiments/fire_sims_v2/results_scale1_LOSSunrho_large/checkpoints/IV_bfe_LOSSunrho_n2000_t0.pkl,0.09314870163130111,0.23180869035484353,0.09661783572190062,0.08225375288501471,0.2419781303167784,0.19024948452792068,0.24672482539980692,0.18900122492952975,0.04912271562635636,0.046999114141283486,0.06497623156324393,0.062053349276617265,0.09737843832973,0.08846665302829032,0.0322800908188131,0.03202000765501238,0.026753739230872837,0.02531678043305874,0.0992049008870902,0.0,0.17855399025511492,0.0,0.21862311961014325,0.028381642512077296,5.505052961051433,15.865569648130839,3.2226342887488224,10.006283996122933,13.347562492275689,32.15136952131852,0.23822041941846261,0.03283746617386622,0.08903399559278231,0.23221725280197142,0.09269595811806725,0.07844284481105447,0.24245636115152835,0.1930741218645115,0.24881360905338681,0.19535045892765426,0.027357647971674573,0.02388597955817355,0.052812671365705964,0.049483430523668624,0.0878001620758663,0.07909285845035334,850
scale1_bfe,2000,1,True,clean_experiments/fire_sims_v2/results_scale1_LOSSunrho_large/checkpoints/IV_bfe_LOSSunrho_n2000_t1.pkl,0.10532610238337776,0.20843496914046122,0.10826668403406225,0.1003380427591859,0.21803724294264812,0.17597829627234324,0.2231256667489508,0.18384149752535173,0.033906340959686435,0.030770411732213183,0.06853471422220904,0.06358371676812911,0.11626474434403264,0.1026141720402804,0.037956655077233024,0.03125252701137635,0.025352704966785787,0.037412505596876144,0.12228880273854184,0.0,0.22575503892180093,0.04032258064516129,0.2099730849243766,0.0748792270531401,24.05847699207549,69.33656134578305,0.7485132749353239,2.324134770743335,7.411800861648277,17.853413195044883,0.23046715151735425,0.03176871785640005,0.10139699025984839,0.20775437444125167,0.10467464206817251,0.09716256261438189,0.217023981065256,0.17563652101874502,0.22269128906107788,0.18328802874593833,0.019024695636589355,0.016958420180598996,0.0628840754609515,0.056815369663885715,0.1140321559938608,0.10439993961565265,733
scale1_bfe,2000,2,True,clean_experiments/fire_sims_v2/results_scale1_LOSSunrho_large/checkpoints/IV_bfe_LOSSunrho_n2000_t2.pkl,0.09593599885074647,0.26834784535113565,0.09889953401741226,0.08040394704197239,0.28894024400609186,0.20597579926367027,0.29188507692989724,0.21068813790492613,0.0445622581808434,0.03877317463328546,0.050160071423440346,0.04523782898499229,0.09910846439742751,0.07656608553556882,0.039771580387303766,0.03161036370507862,0.025659513889117094,0.036867186427116394,0.11254870534642514,0.0,0.16400706930410275,0.0,0.1889574236680692,0.0,29.99042408708701,86.43244043192314,1.9020684697712107,5.905925272082624,8.711658171201675,20.984486206212548,0.18868464868446236,0.026009213583911887,0.08905357087763904,0.2669829561408858,0.09155228870083837,0.07195249451293778,0.28761622317365765,0.20469650745162588,0.2921650428084984,0.21223512469731226,0.025733004079502096,0.020648385600187166,0.039498128330233986,0.03404682955519009,0.08865841700956864,0.0661740737455356,879
scale1_bfe,2000,3,True,clean_experiments/fire_sims_v2/results_scale1_LOSSunrho_large/checkpoints/IV_bfe_LOSSunrho_n2000_t3.pkl,0.0876972881478118,0.26183135437860605,0.0887789564996696,0.0755140750675185,0.27488808232011613,0.21869055513074345,0.27701999378145065,0.2144854221258819,0.03567100901588112,0.03230898357211173,0.05467762509624896,0.05016954512505875,0.09963995331154182,0.08779667781927372,0.03463130673933947,0.03041240879205567,0.0239526892948797,0.0308841485530138,0.11023981966105348,0.0,0.1464527304366672,0.016935483870967744,0.22340241357391125,0.07467793880837359,13.189825646803236,38.01309432018452,-1.9597688918454481,-6.085085163723711,1.4803547003423458,3.5658518939972508,0.029638044007044742,0.0040854527496708044,0.08760414285508705,0.26224476178933276,0.08876138550007956,0.07552585840301726,0.27537886657106625,0.21914622075220222,0.2776133349746335,0.21641794088157681,0.03386950999383957,0.0306894339155312,0.054474229026935224,0.0499622645181088,0.09994485628819982,0.0876489785274468,710
scale1_bfe,2000,4,True,clean_experiments/fire_sims_v2/results_scale1_LOSSunrho_large/checkpoints/IV_bfe_LOSSunrho_n2000_t4.pkl,0.1263349600152384,0.18294612070535418,0.1301283671442503,0.11395513667962906,0.19425941079645467,0.14999851343666532,0.1980769560583001,0.15730154733243656,0.09128161412283772,0.0888536584704058,0.10033201444195294,0.09644838970961706,0.13746100634830943,0.12285062666755826,0.03817218005947253,0.029664402704616035,0.02708424229118228,0.03848915547132492,0.12442620674921867,0.0,0.22445284135918386,0.0008064516129032258,0.25282063008450184,0.0785024154589372,24.762904212966593,71.36672149395217,-4.371109939649748,-13.572302506404673,14.747804752209346,35.524248003404395,0.5762517175055952,0.07943335137859198,0.10320590350219533,0.18392102432008994,0.10870459204475208,0.09321538506162061,0.19531019250493786,0.16041168582352602,0.20381823161189533,0.17199381614609924,0.025979850749951985,0.022064542193378597,0.06052194235114253,0.05632062726084189,0.11052490922214636,0.099438763294646,821
scale1_bfe,2000,5,True,clean_experiments/fire_sims_v2/results_scale1_LOSSunrho_large/checkpoints/IV_bfe_LOSSunrho_n2000_t5.pkl,0.13329600391453378,0.2500998370700249,0.14223995297157724,0.12155709478251639,0.2585527912791761,0.20472123428623307,0.25571800725274596,0.1916243063548425,0.06784870856531414,0.0622555088272748,0.07943973376855186,0.07455454825539864,0.1325749711672715,0.11712410315831484,0.03727671155941327,0.03164223334876229,0.02570019751749428,0.0361500158905983,0.10895200031947044,0.0,0.17642797171215796,0.01935483870967742,0.288770237714352,0.10507246376811594,21.83613266037096,62.931762150163166,2.0048063769670823,6.224926618328568,8.884022492693392,21.399674297354924,0.36418733326922575,0.05020136085047921,0.12255450808114075,0.2517110106723229,0.13157446992506336,0.11077120277880063,0.26048829612386565,0.20805463751939984,0.25990708228349335,0.19536863033959054,0.031598777577159745,0.02644185696111919,0.053895508115751466,0.0469869400827391,0.1169640901192576,0.10147864470031867,1054
nfw_scale1,50,0,True,clean_experiments/fire_sims_v2/results_nfw_scale1_LOSSunrho/checkpoints/IV_nfw_LOSSunrho_n50_t0.pkl,0.16869596415475302,0.6891854441130669,0.17113127644581416,0.1724505330815419,0.7093709065576281,0.7001866873613927,0.7037788656257529,0.7006419506152322,0.04266756402241866,0.03736141040393868,0.09955133946523018,0.08707802671180706,0.1325518292856855,0.12454025443623734,0.034035370103689316,0.03417067262728128,0.03450055001790196,0.03402841463685036,0.08561605543050566,0.0,0.1414240295681018,0.0,0.13554759057545357,0.0,11.24205150147596,32.39960675155336,10.15571520184422,31.5335099760421,46.16847444858812,111.20979452923535,0.13376365182008476,0.018438635120606405,0.16442298585387527,0.6877807066152664,0.16672097002287606,0.16775491160942152,0.707830633096358,0.6999061104152994,0.7021272095582707,0.7011353381769281,0.04502963922726483,0.03899118334788454,0.09484701201692458,0.08234423785303932,0.12424510055136398,0.11608838541618605,80
nfw_scale1,50,1,True,clean_experiments/fire_sims_v2/results_nfw_scale1_LOSSunrho/checkpoints/IV_nfw_LOSSunrho_n50_t1.pkl,0.47805692656204124,0.7678298652181479,0.4740739133030621,0.49566517324768444,0.7759630710870178,0.8267680415024601,0.770617828287081,0.8279806682878736,0.3736464896052418,0.37340991773675564,0.3857138472017384,0.3771212356418317,0.36131684933809766,0.35479539083161005,0.03487366899784697,0.03452130961395562,0.03337383127275069,0.03489892557263374,0.09439284494076457,0.0,0.12686674760722816,0.0,0.16369556300395083,0.0,13.981968489991605,40.2960510035791,11.286060760582044,35.043234524674716,41.39490533082238,99.71130671697311,2.7421727629718586,0.3779944874868562,0.2711950702530951,0.7625259494295553,0.2765603708388673,0.2736021798896481,0.7773530150862897,0.8354262280819467,0.7903354132657046,0.8375587537323883,0.0627384233334575,0.06117761581422411,0.15526467266762028,0.1491213312886161,0.24382580898457537,0.2316823000443057,16
nfw_scale1,50,2,True,clean_experiments/fire_sims_v2/results_nfw_scale1_LOSSunrho/checkpoints/IV_nfw_LOSSunrho_n50_t2.pkl,0.2823619679915418,0.7894884315019081,0.2834792845892836,0.27331876996360516,0.8326994099850681,0.731518628466144,0.8391916311684154,0.7203205824014216,0.05517854193109199,0.051844724049492266,0.15107780226767886,0.15109688924277428,0.2592595999825475,0.253216761906193,0.042735687762277375,0.041750169664596375,0.03919199575598227,0.04280758649110794,0.1557837203973787,0.0,0.15704310085355921,0.0,0.15916729225379522,0.0,39.678386470283684,114.35316036441982,34.58967721724551,107.40099637689887,66.04472181675197,159.08734327274496,0.17122990854782102,0.02360316694773439,0.281032015059615,0.7901095076185594,0.2821273188925437,0.269470839733691,0.8332086714008868,0.7323151269423305,0.8395880835662117,0.7207836650129741,0.05264558380279524,0.05247724016784358,0.1456441673488962,0.1419435924857868,0.25256866276456064,0.24427094535235122,95
nfw_scale1,50,3,True,clean_experiments/fire_sims_v2/results_nfw_scale1_LOSSunrho/checkpoints/IV_nfw_LOSSunrho_n50_t3.pkl,0.19538027463851856,0.6648005200333806,0.19622611931220196,0.1877291481847478,0.6796121292232513,0.7239204460031983,0.6804457658383265,0.7216993349481275,0.0850621916028006,0.08367219405888184,0.13608501517452812,0.1310548802238654,0.16862980101096348,0.16950749287194009,0.027510312497097417,0.027489266288917458,0.027348138287823533,0.027514446526765823,0.07957751819811669,0.0,0.1351923635062354,0.0,0.13046466540600885,0.0,-10.084609325518036,-29.06385692566302,-11.38307924286906,-35.34447704853979,15.865852876721167,38.2173823052366,0.3913026383735098,0.05393906694775503,0.18518570956255395,0.6596706261334101,0.18522821495186248,0.17678832947610923,0.6745479424963337,0.7219169571698956,0.6740635609075748,0.7186976908521134,0.05089529814939328,0.04802591712672043,0.11155113201284622,0.0992762397586922,0.13745010948846523,0.13168092611508736,20
nfw_scale1,50,4,True,clean_experiments/fire_sims_v2/results_nfw_scale1_LOSSunrho/checkpoints/IV_nfw_LOSSunrho_n50_t4.pkl,0.1996121538227605,0.7617806391675772,0.2037329817974978,0.20296611575750742,0.788039012827548,0.7857568705324351,0.7753107753513478,0.7836349572383936,0.13512268385048903,0.13006168855425793,0.1541288705633989,0.14419659323970319,0.18333412392524276,0.1832802929619201,0.03836968365225015,0.03808292357359174,0.037083441071919895,0.03839132562279701,0.1194970065418006,0.0,0.1492888352668029,0.0,0.16487123276526983,0.0,25.408429875609908,73.22712727620049,22.767606274068886,70.69344948188147,57.111408542010025,137.56893822222412,0.8214497553778317,0.11323264656153008,0.20292499139597292,0.7746147797772299,0.2064296933097242,0.20409513680737953,0.8009535180834817,0.7914716039167319,0.7888055659046129,0.7894083625051446,0.04981971934979637,0.04425165455810424,0.09997258317390911,0.09013463082679134,0.1521268247005063,0.14237753568060696,28
nfw_scale1,50,5,True,clean_experiments/fire_sims_v2/results_nfw_scale1_LOSSunrho/checkpoints/IV_nfw_LOSSunrho_n50_t5.pkl,0.22526662129773026,0.7053551257544897,0.22388939655559326,0.22211688633510382,0.7225545369739237,0.7612566474633906,0.7207681670737738,0.7608325616080867,0.11147082379242544,0.11191827567101428,0.14751049522243273,0.14644576631391226,0.1507583129477857,0.13833523328121394,0.027947066654007948,0.027889825057766778,0.02756355649903125,0.02795250341296196,0.07892371242233187,0.0,0.1364732355199921,0.0,0.12659380123803005,0.0,-8.657111159095615,-24.949805391156374,-10.091801247137148,-31.335057056842732,16.77851517585371,40.41578690866645,0.8215368573128016,0.11324465311768607,0.18047555967180637,0.7039615072570301,0.1827822695329852,0.17646552695656548,0.7224572133021303,0.764025571314623,0.7262074223663029,0.7633297819829251,0.04885437079280705,0.046998778097564906,0.10646036139762541,0.10004018576337181,0.14024149716427595,0.13951692552658318,22
nfw_scale1,200,0,True,clean_experiments/fire_sims_v2/results_nfw_scale1_LOSSunrho/checkpoints/IV_nfw_LOSSunrho_n200_t0.pkl,0.10883976412222293,1.0724515624193203,0.11380927452788658,0.09696394701861075,1.1489758235145573,0.9638097506244722,1.2407024415460601,0.9794399430258398,0.040841840328563694,0.03870169753479941,0.08408943194539295,0.0783923148930934,0.16746140809827803,0.13353168831745876,0.04138616302183458,0.03277658820719482,0.03469905168848758,0.04185262322425842,0.13427873293920567,0.0,0.1782682698362697,0.0,0.2674676133472257,0.0,35.26756619063053,101.64117069831872,5.661616767745276,17.579328021506807,47.009466442916924,113.23556098582873,0.21370891416989427,0.029458680566673955,0.10331433206684446,1.0706666896981807,0.10854805162058644,0.09453060341712367,1.1471164046338311,0.96255899674105,1.2384562260364538,0.9782025603552751,0.03669294982882679,0.033636755288968215,0.07844798138792956,0.07306019646654088,0.15281315587314176,0.12136642126483974,1393
nfw_scale1,200,1,True,clean_experiments/fire_sims_v2/results_nfw_scale1_LOSSunrho/checkpoints/IV_nfw_LOSSunrho_n200_t1.pkl,0.15086661760843617,1.0282597957618291,0.15277104403065614,0.1308893561064644,1.0675148647636457,0.8329172742375726,1.1250513310033992,0.8596390829775051,0.06491134913397853,0.06237477334252824,0.09682898787157121,0.09243158292241183,0.20525528794825196,0.1742585923302803,0.03584304526327402,0.03493134838247454,0.03325465402535799,0.03591190651059151,0.0976153768047096,0.0,0.14743105998713574,0.0,0.2641798493492875,0.0,17.150302024030513,49.427192285678984,12.607899352972622,39.147545211951225,40.88998710687134,98.49506874051168,0.3016415923101254,0.04157975041894002,0.13753141933112453,1.0334822000555004,0.13984454580984323,0.11855934451507841,1.072337588885784,0.8404606237848518,1.131374154832879,0.8698373475302333,0.037765926120801915,0.03444104114349339,0.07021124014049038,0.06580559488015429,0.1831425138768687,0.15351677836285754,172
nfw_scale1,200,2,True,clean_experiments/fire_sims_v2/results_nfw_scale1_LOSSunrho/checkpoints/IV_nfw_LOSSunrho_n200_t2.pkl,0.13322258150292543,0.8007896248659596,0.13524631336818602,0.1096585773668251,0.8539163454446634,0.7704937165153304,0.8499212260717371,0.761070790713444,0.042432071519517486,0.03697343776008257,0.057742502270966556,0.04980267986967751,0.12254104453881608,0.08176031797453996,0.04092281712872474,0.038822373782888435,0.033435830994840675,0.04107349365949631,0.1362378328619844,0.0,0.15771175682278604,0.0,0.17176845780050248,0.0,33.75315493118796,97.27663551898581,25.151365808149542,78.09502618568347,41.657579542956015,100.3440316555465,0.09375262473756864,0.012923319718126923,0.1317884629762428,0.7986011450245665,0.13374297596565277,0.11077917914147684,0.8519072433928155,0.769727860479372,0.8478707711197035,0.7597579177961239,0.03840667615045698,0.03327595139560732,0.057176216687441814,0.05199141515687021,0.11790751161688978,0.07619290650922801,209
nfw_scale1,200,3,True,clean_experiments/fire_sims_v2/results_nfw_scale1_LOSSunrho/checkpoints/IV_nfw_LOSSunrho_n200_t3.pkl,0.11361483034025006,0.8492191230436783,0.11697317953565556,0.08996774801238214,0.9013690758185484,0.8267266716051818,0.8951105639111552,0.8292933937877884,0.03346353073925103,0.028129686849085303,0.06260900805467537,0.05714574989517428,0.0986511530047726,0.06871563022259852,0.03124096967566016,0.031856217630265186,0.03277751459275288,0.031194614246487617,0.07844827431807797,0.0,0.14410333543396328,0.0,0.13736209401188318,0.0,2.1087635312396587,6.0774591839587035,2.694625738383027,8.366816705097303,38.86849055313627,93.62572404009762,0.17773393180159336,0.024499713281214797,0.1106185312443122,0.8485251155599474,0.11395771840518704,0.0877827327106632,0.9008360051312307,0.8267764257465611,0.894924945132086,0.8300403537305678,0.034434996752006945,0.031153877388096836,0.0617216258617773,0.0579966549564966,0.09295490865128836,0.06464267122685388,87
nfw_scale1,200,4,True,clean_experiments/fire_sims_v2/results_nfw_scale1_LOSSunrho/checkpoints/IV_nfw_LOSSunrho_n200_t4.pkl,0.13611962433399336,0.9188424804641986,0.13731656324635502,0.1239535640811795,0.9603870721520653,0.8135912035722446,0.9886183886968717,0.8015450789363685,0.04289235531959637,0.04117480719279928,0.0735045812595328,0.07066090078580607,0.11307223337469759,0.10191175109321615,0.03813685159235175,0.03354354258518463,0.025749954672131457,0.038498155772686005,0.12052023382497604,0.0,0.15103077900626666,0.0,0.1534079481836344,0.0,24.647435770962133,71.03394129696873,8.13404126334044,25.25620955543395,9.094828621362199,21.907460325261646,0.2867229370398873,0.03952329010797289,0.1248293675583331,0.9166212170062176,0.1256462840737041,0.11179272144211908,0.9580606478759393,0.8127864293658115,0.9862610990663992,0.8023395338700943,0.031834653652929146,0.027406149486423705,0.055338880507449735,0.05081307679113864,0.10270105356531624,0.0891217208319293,251
nfw_scale1,200,5,True,clean_experiments/fire_sims_v2/results_nfw_scale1_LOSSunrho/checkpoints/IV_nfw_LOSSunrho_n200_t5.pkl,0.1619297293930487,1.291903952191122,0.16608424672694896,0.13923091275374339,1.3341300394707996,0.9130588093704574,1.2711669165608859,0.8939386043062442,0.06516867120851247,0.061375962851175414,0.0812454339118876,0.07332882445481517,0.19244204462322814,0.15312530427827448,0.038074395328124185,0.037329478146422054,0.034793282499151285,0.03812301903963089,0.11882913225831666,0.0,0.14129423445912534,0.0,0.17858334209157137,0.0,24.443302161113724,70.44562797328445,20.338730471689363,63.15178670159855,47.40869410258092,114.197213423599,0.35270567818720894,0.048618673433102826,0.14891624783121865,1.2898652126147034,0.15379350095487943,0.12452142810576544,1.3321103375529302,0.909366899566189,1.270261905782784,0.8926775180460631,0.03404259266359103,0.029729240033691193,0.07056480755256438,0.06643590351201845,0.17565642997755027,0.13189153632192885,256
nfw_scale1,500,0,False,clean_experiments/fire_sims_v2/results_nfw_scale1_LOSSunrho/checkpoints/IV_nfw_LOSSunrho_n500_t0.pkl,0.15338566971642154,0.9653948459722925,0.15790049217657226,0.13114358766759815,1.0530739044042143,0.7929882445248025,1.0322028401413301,0.8030242350980692,0.040484245889210145,0.033868677705696265,0.05765288049323527,0.04844472173234981,0.1536292005750849,0.1404503458011053,0.053039572368150746,0.029889908469403297,0.025006850008651917,0.05532018095254898,0.2453015932635247,0.0,0.1870107956522583,0.0,0.242214985735765,0.020531400966183576,73.35585959603013,211.41168082369165,-3.6441488677027096,-11.31508735623254,5.946517218788186,14.323864194438833,0.12496171189916831,0.017225332729807676,0.1546699206873947,0.9643894218853317,0.1592479037477907,0.13350344807614356,1.0521147638832304,0.7924061951419341,1.0309688942299982,0.8018657105493745,0.03372891458227106,0.02840458781320762,0.05768868696113199,0.05003582424588224,0.15597041412701163,0.14048651608405255,1499
nfw_scale1,500,1,False,clean_experiments/fire_sims_v2/results_nfw_scale1_LOSSunrho/checkpoints/IV_nfw_LOSSunrho_n500_t1.pkl,0.1715594136087355,0.8536256700691386,0.17720233717799766,0.1590717901836048,0.9224375494113195,0.8228436328116916,0.9787817020665285,0.8251001357492939,0.03528522156242912,0.029300859441817588,0.07674490449388684,0.06649615192731076,0.19386607395227878,0.16671379109710274,0.046985461603728955,0.03438069622158289,0.030605145068335685,0.048235878348350525,0.19603239625536828,0.0,0.17892293353478905,0.0,0.2006611637799643,0.0,53.5684531597344,154.3843502617415,10.832766528632712,33.63575529734655,29.664812955013836,71.45607024873605,0.12864318434995228,0.01773280487416773,0.1714143313541499,0.853950114480007,0.17718869074033816,0.15750409435591306,0.9226521955481555,0.8220678730599,0.9788841474574611,0.8258297271605353,0.038013225937794444,0.03220885527061032,0.07677501498092885,0.06510886016741713,0.1941406129057095,0.16403160372515574,1499
nfw_scale1,500,2,True,clean_experiments/fire_sims_v2/results_nfw_scale1_LOSSunrho/checkpoints/IV_nfw_LOSSunrho_n500_t2.pkl,0.11882020931023386,0.7438432429957209,0.12281037346109447,0.1161868482387744,0.7864613147903967,0.6930496862437275,0.7827180361763193,0.6840463659376739,0.04219248824543499,0.03876507090505625,0.08585473233720362,0.08467690377261124,0.13162918886586333,0.12076255063093146,0.03573771004493411,0.03525376840160779,0.034166749643294574,0.03577504679560661,0.0971027618497475,0.0,0.14341745718063864,0.0,0.15990776487837768,0.0,16.80602177240437,48.43497616182041,13.647282106435316,42.37483012235223,44.754262457723854,107.80326600943486,0.2520986192764331,0.034750505028817304,0.10910708819701039,0.743290505643534,0.11328918403313917,0.10590690389267515,0.7860085557297054,0.6934362948370447,0.7823341606185753,0.6843664653326139,0.03405269087898015,0.03014008587034954,0.06407100395557946,0.060988838287130684,0.11442697727669157,0.10321359868926008,59
nfw_scale1,500,3,False,clean_experiments/fire_sims_v2/results_nfw_scale1_LOSSunrho/checkpoints/IV_nfw_LOSSunrho_n500_t3.pkl,0.15356190698724587,1.001285003119361,0.1581391961783111,0.10174501486934219,1.1023098347252815,0.7827038286514003,1.151711236953819,0.7802686287390946,0.03773502728471438,0.03126144759512101,0.05478336618988557,0.05188047933044487,0.10483336923083657,0.07743209311843562,0.04849219102859637,0.03523345104933732,0.02310123049724312,0.04926301911473274,0.20240989408829738,0.0,0.17344645494505506,0.0,0.20224467340944868,0.0,58.49308514608446,168.5771459212272,13.581785225681053,42.17146221555142,-2.1270206441605413,-5.123529239848376,0.13002536374347057,0.017923331232872285,0.15103089218775742,1.0003351435108359,0.15539850627206547,0.09764810961348966,1.1011980779506219,0.7836873740282694,1.1508148717595068,0.7803479303522419,0.03694133061662057,0.03114104971456036,0.05201250136205063,0.04803506946732991,0.10060931475532642,0.0704091162058221,1499
nfw_scale1,500,4,False,clean_experiments/fire_sims_v2/results_nfw_scale1_LOSSunrho/checkpoints/IV_nfw_LOSSunrho_n500_t4.pkl,0.12268111176616062,1.0092221393428125,0.12947906778021062,0.08679932965791437,1.1339939935080396,0.7745216997951723,1.195675441005418,0.7856677836243557,0.04518470052984101,0.043333178933702546,0.059445744826100065,0.05614942979191968,0.14152201988941648,0.10467900396085816,0.038722317435377795,0.03263518431477621,0.017516818659162697,0.03885870426893234,0.11402704833175306,0.0,0.15588092747865007,0.0,0.19625521335027624,0.0014090177133655394,26.560986916839013,76.5487981375779,5.205774207325186,16.16393623069515,-25.786497337758185,-62.11405303751501,0.1819376439472091,0.02507917349593235,0.12020204618193982,1.0087439985584554,0.12726201824512468,0.08616083968442843,1.1337787760933895,0.7746997791799128,1.1951133531093108,0.7865597476137174,0.029768939997747355,0.02621329386957985,0.04849877299471417,0.043988317711621275,0.13665925034193468,0.1007204360397077,1499
nfw_scale1,500,5,True,clean_experiments/fire_sims_v2/results_nfw_scale1_LOSSunrho/checkpoints/IV_nfw_LOSSunrho_n500_t5.pkl,0.12426898887166407,1.0563994021206542,0.12609438229952274,0.11110275103687942,1.1607842271668267,0.7661136620623819,1.2195746737731248,0.7649680373771298,0.04385515674818288,0.03954652531112911,0.06742416363868659,0.06356382560735359,0.16401355819974361,0.13058442513225607,0.04397695996103393,0.02830854109590005,0.020418630283840545,0.04564600810408592,0.16435533433057095,0.0,0.17756548001584585,0.0,0.20988353146480979,0.0,43.73539144601214,126.04545387378862,-8.74198981233885,-27.14389065457316,-13.492392516349497,-32.50023348988748,0.12327371027652569,0.016992650341285852,0.12353976288279914,1.059122353753598,0.12569340311904018,0.10964639884781535,1.1636379276498798,0.7695895332576008,1.223079432335839,0.7688499673497972,0.036842134951147854,0.03261228711897238,0.0640207825454217,0.05981828481074218,0.16338015011777093,0.12648794289720533,754
nfw_scale1,1000,0,False,clean_experiments/fire_sims_v2/results_nfw_scale1_LOSSunrho_large/checkpoints/IV_nfw_LOSSunrho_n1000_t0.pkl,0.10253689986451969,1.420374256796105,0.10670634254945374,0.08546441757579024,1.4168199317617873,0.8997478754174911,1.4862112924773538,0.9134726796388356,0.04205875710514699,0.037667920748604734,0.05469009925376706,0.05012015191287841,0.135613670950113,0.11797149383152686,0.041267663449768795,0.035321546879177664,0.029300815904768546,0.04159009829163551,0.1328571208509656,0.0,0.16071465369207452,0.0,0.20826054772076066,0.0,34.88025923734972,100.524951565468,13.865779024931452,43.05326336139001,24.138761807467365,58.14501719756724,0.130427856522527,0.017978812803468778,0.10070767060539455,1.4207287444424876,0.10489936722139814,0.08395852295411316,1.4171717431124455,0.9014593481773747,1.4866593590857933,0.9143618667795789,0.03430559894863934,0.027974304262526853,0.05358055357007542,0.04884595614934363,0.13110252432692432,0.11247792562536606,2499
nfw_scale1,1000,1,True,clean_experiments/fire_sims_v2/results_nfw_scale1_LOSSunrho_large/checkpoints/IV_nfw_LOSSunrho_n1000_t1.pkl,0.07028132890050875,1.0411219870271866,0.07263870792991195,0.06252433843697738,1.0896199018475106,0.8049838235564901,1.0963194301356949,0.7939092546819022,0.030923290255294108,0.026837782195489893,0.047710456595721,0.04034703330316079,0.06900832605192067,0.06046034877962306,0.038983333832476985,0.027689533552097283,0.025199896019280247,0.04013192653656006,0.12340879547001553,0.0,0.16459277833378694,0.0,0.17822704536381304,0.0,27.41409941129343,79.00746943360701,-10.737479320159991,-33.33988838110832,6.7643952194950545,16.29395407708979,0.15719645202024424,0.02166872675511079,0.06759175752767767,1.0383669253499974,0.07050959634078448,0.059783025235618105,1.0870768857243007,0.8056893596276904,1.0932596130112984,0.7928056408558806,0.029146576328223935,0.025328472258573015,0.043445061063941595,0.03569475874757044,0.06627266678387207,0.05597177555015605,753
nfw_scale1,1000,2,False,clean_experiments/fire_sims_v2/results_nfw_scale1_LOSSunrho_large/checkpoints/IV_nfw_LOSSunrho_n1000_t2.pkl,0.14462496600835378,0.9067492597514325,0.15480265553661887,0.1246910301559169,0.9494423874538025,0.8242907337123911,0.991310111748041,0.8307176384599197,0.04355102049664646,0.040504506077971805,0.06282749091616324,0.05603569095898539,0.14406491183068862,0.12527908895704787,0.03911658667922601,0.03318208964469048,0.028066288541944633,0.03496205434203148,0.0869559048622084,0.0,0.16108105378040588,0.0,0.2633159203533722,0.11231884057971014,27.849626335067548,80.26265858285994,6.968828403580853,21.6382219881212,18.90843993737031,45.54631153439913,0.11186077869649198,0.015419436107095142,0.14317250799863454,0.906285095894157,0.15369529464294057,0.12432584819422232,0.9487429527605544,0.8238707543534471,0.990095165664418,0.8297166757581182,0.04615334595114999,0.040658039295061274,0.0638869985869928,0.05858137246910823,0.1447434646315635,0.12708438486648982,2499
nfw_scale1,1000,3,False,clean_experiments/fire_sims_v2/results_nfw_scale1_LOSSunrho_large/checkpoints/IV_nfw_LOSSunrho_n1000_t3.pkl,0.12731431810015842,1.081955754497896,0.1357135326023651,0.10976393983671734,1.1460768664709904,0.859248556463449,1.1391716076188698,0.8631738755468694,0.036610492086834076,0.033053084521977125,0.06001270898355718,0.05547511132919619,0.1420907873317444,0.11948987782763096,0.04869310299264309,0.03079809759315068,0.03259168473329556,0.052052151411771774,0.22655382371846022,0.0,0.159237091486865,0.0,0.23139749792237352,0.031199677938808373,59.14975081428957,170.4696572136989,-0.7164270883820034,-2.224507116396727,38.08118521887991,91.72927704893874,0.11665690931350227,0.016080558177512055,0.12471336555095922,1.0806888212708228,0.13300935051918464,0.10681769645878803,1.14459479254053,0.8587462248228814,1.1370890903737818,0.8644087426025258,0.03753600090452267,0.033709290478604895,0.05640680651767362,0.05207273109803062,0.13852134435952768,0.11237546483925301,2499
nfw_scale1,1000,4,True,clean_experiments/fire_sims_v2/results_nfw_scale1_LOSSunrho_large/checkpoints/IV_nfw_LOSSunrho_n1000_t4.pkl,0.16850894030065228,1.0240200118335694,0.17001222254200532,0.13851195497928925,1.0611327671602526,0.8705089042018602,1.0731269752933046,0.8679735542418605,0.027778496336556924,0.023406631709856164,0.06795707332618381,0.06284574095471367,0.17751806384945054,0.13744466062961203,0.036678486405930896,0.03238652111768068,0.024336187968451252,0.031782638281583786,0.09998969861825699,0.0,0.22868290987159035,0.016935483870967744,0.24696536067910907,0.10426731078904992,19.880878666351627,57.296717648070896,4.404160712056548,13.674925201182104,3.105123466055481,7.479565802688092,0.11947807458152386,0.0164694413777251,0.16439319854378479,1.0222753083733638,0.16608003125458132,0.1344267472146769,1.0593795534218893,0.8693307114793981,1.0707396607005193,0.8678466917330572,0.022632481005541986,0.01763500911709122,0.06183702838898422,0.056787634392119285,0.17249235242441602,0.1341100205903527,2037
nfw_scale1,1000,5,False,clean_experiments/fire_sims_v2/results_nfw_scale1_LOSSunrho_large/checkpoints/IV_nfw_LOSSunrho_n1000_t5.pkl,0.13886635050950397,0.8361787857902296,0.14329636983276758,0.12613768294960684,0.8801116444310874,0.7672030749972769,0.853959531682583,0.7540221116297132,0.08208549006183352,0.08106501251600934,0.09928144736313929,0.09548435890219552,0.1371157656018341,0.11999704463779824,0.03994229819162532,0.03423173554820373,0.02505427680902707,0.03833408281207085,0.11545953083412497,0.0,0.15922615799825773,0.0,0.17804156777604688,0.00785024154589372,30.548402411480158,88.04053467378418,10.352563235826317,32.1447233982353,6.14745033594768,14.807868289014447,0.6294237957577296,0.08676285035798681,0.11523129521842806,0.8259609250431601,0.1216933700107184,0.10653789992504324,0.8708267471184948,0.7661534771179846,0.8448607933442489,0.7511519182496875,0.03037774035595726,0.024367761108693924,0.05207129082444065,0.0473044979649377,0.10675150815179268,0.09175297453795053,2499
nfw_scale1,2000,0,False,clean_experiments/fire_sims_v2/results_nfw_scale1_LOSSunrho_large/checkpoints/IV_nfw_LOSSunrho_n2000_t0.pkl,0.1088224818077273,0.9772639100276723,0.10896841642763858,0.09285335361563646,1.0132113389615922,0.7607677065771696,1.0758010788361037,0.7680822557523008,0.03762378817827816,0.03342076177379176,0.05884982584507095,0.05361642812419481,0.09922177922508946,0.08691747519697383,0.037572740798355306,0.032758739559050204,0.028515263285699623,0.03158745542168617,0.09299023678186194,0.0,0.1764792894495567,0.0,0.20820111552152823,0.015901771336553946,22.803681999308896,65.72024057780592,5.604078228097494,17.400670775027436,20.810611158598956,50.1282275105882,0.2851428234329173,0.03930547953049843,0.10062531096232419,0.97296674906013,0.10140964735888058,0.08552404551512666,1.0095953710973595,0.7598854150316949,1.0703918670745336,0.7648536394281673,0.027093423834448203,0.024212213811557658,0.04868291484704006,0.04433649960000839,0.09297289250781524,0.08354921032830721,2499
nfw_scale1,2000,1,False,clean_experiments/fire_sims_v2/results_nfw_scale1_LOSSunrho_large/checkpoints/IV_nfw_LOSSunrho_n2000_t1.pkl,0.09042098029914165,0.8543559697249139,0.09497774326016883,0.08521312022364624,0.9351312395679999,0.8057012858903019,0.9925679034351125,0.8127711944804652,0.03172971173896217,0.028844936575173074,0.05710849734292432,0.04918627890943071,0.11888079313993083,0.10571371971928864,0.038675661126333714,0.0320118479081832,0.02421574166950344,0.03780915215611458,0.10787799961438403,0.0,0.16180268223206606,0.0,0.17362257139169443,0.09098228663446055,26.408494274104747,76.10931414691599,3.1963297802704917,9.924608460325544,2.594828651594703,6.250376791283518,0.1439712142558816,0.01984569538446357,0.08736836831192962,0.8513966193185585,0.09233216513991864,0.08403070150013595,0.9324948120361851,0.8043902505786324,0.9890164387418089,0.8105164290122964,0.03149779401699678,0.026421889034530313,0.0536587151300388,0.04677137598039679,0.11496877420003324,0.09920134264720849,2499
nfw_scale1,2000,2,False,clean_experiments/fire_sims_v2/results_nfw_scale1_LOSSunrho_large/checkpoints/IV_nfw_LOSSunrho_n2000_t2.pkl,0.07895232641208424,0.9105056524517444,0.0809201503249867,0.06991163582667159,0.924720302639493,0.7041858797256042,0.9569113698115526,0.7004715484414735,0.0321391440433758,0.024471760968098603,0.04152252933130006,0.03595430540003894,0.06696109542999504,0.057375234043956655,0.043370802476549904,0.032597023412354584,0.020597844955346053,0.0446736179292202,0.15292834558112167,0.0,0.15971617364655488,0.0,0.15126852612777866,0.0,41.75421122374484,120.33568994885124,5.082755221282579,15.781962106124123,-12.733113747774144,-30.671296388279224,0.15778397476831008,0.021749713760393904,0.07400339734339781,0.9120551519944994,0.07627843919427599,0.06452873899054547,0.9259263281687345,0.7062908514322952,0.9582596610075169,0.7022961662200848,0.029608096675703976,0.023404964407262863,0.03417866451448648,0.026170281895603643,0.062131807378606366,0.05291484519037237,2499
nfw_scale1,2000,3,False,clean_experiments/fire_sims_v2/results_nfw_scale1_LOSSunrho_large/checkpoints/IV_nfw_LOSSunrho_n2000_t3.pkl,0.09082922541611241,0.8066939827623162,0.0953124275850078,0.08423534355749646,0.8411753644484536,0.7949970929771155,0.8778737494013195,0.8157511689664318,0.030128338065197338,0.02618586624497511,0.05030361663473457,0.043366234881272794,0.1214002500695087,0.10102733011307907,0.03838763876929201,0.031080649694267524,0.028467728452017418,0.03759145364165306,0.10413695506228281,0.0,0.14350588121124241,0.0,0.19414346068034039,0.05112721417069243,25.46711482742915,73.39625738211824,0.19443378695997446,0.6037171817961613,20.609220336745683,49.64312090514216,0.14816164133330667,0.020423324320492275,0.08879851109291788,0.8039941167296023,0.09316770230290355,0.08222966767497011,0.8382171024754432,0.7946465334773076,0.8742043622330662,0.813017563049544,0.03046334465991711,0.025891373473346142,0.04642667079362429,0.03976537510799956,0.1187170686503681,0.09994760754659526,2499
nfw_scale1,2000,4,False,clean_experiments/fire_sims_v2/results_nfw_scale1_LOSSunrho_large/checkpoints/IV_nfw_LOSSunrho_n2000_t4.pkl,0.15331440563224888,0.9234046704625887,0.15987037368623563,0.14052342727782355,0.9390031422362698,0.8227422096216276,0.9720674640752162,0.8370690285549298,0.03273453289353925,0.029182972189882354,0.06292163052145082,0.059340925140240294,0.14048422871056737,0.12676760498541184,0.044706384433792955,0.03046634730821757,0.02677669022510264,0.0473000630736351,0.16871479860735253,0.0,0.19480481980824205,0.00564516129032258,0.26291124647894204,0.09158615136876007,46.119460563459484,132.9163441079844,-1.7858877426638315,-5.545183951116994,13.444798965662576,32.38559099723376,0.17929244516083578,0.024714546375038476,0.1517020961622008,0.9198173882604926,0.15843176112105567,0.13819250417080023,0.9356656055884458,0.8195344394952508,0.9676522766992832,0.833130206114465,0.03372159947439571,0.02834974516440087,0.059833516081114965,0.055599969141104905,0.1391612840841096,0.12694935824844295,2499
nfw_scale1,2000,5,False,clean_experiments/fire_sims_v2/results_nfw_scale1_LOSSunrho_large/checkpoints/IV_nfw_LOSSunrho_n2000_t5.pkl,0.11716019352864734,0.9788457897797115,0.12043092057610136,0.08168122733676594,1.0522559360249675,0.7604156363913381,1.1236445784569495,0.7582719750240283,0.03553868953706514,0.03240851994545382,0.048443074274685756,0.04284601482166921,0.08316641565390753,0.06504609643635532,0.040858013610251036,0.032043556775065055,0.018081577145671695,0.040810562670230865,0.1376720946444583,0.0,0.16149449150615158,0.0,0.19455921810337823,0.058574879227053143,33.54134949708906,96.6662119880364,3.298549392617902,10.242000500338529,-23.393785153109544,-56.35053077258321,0.06299506091333253,0.008683546888684045,0.1160932614445401,0.9786507896754352,0.1192688878395069,0.08068442559604473,1.0522071001351083,0.7607856131462369,1.1237439192690797,0.757466673628619,0.03287952881494194,0.027914943095305574,0.04712474807883245,0.04013772651634355,0.08196574275700078,0.06406195910310158,2499
d_SrSd47_rel,50,0,True,clean_experiments/fire_sims_v2/results_LOSSunrho/checkpoints/IV_bfe_LOSSunrho_n50_t0.pkl,0.12784903830522132,0.27928206874720907,0.13221646086145544,0.13161194866999226,0.3023243206734772,0.2660413174579561,0.3096850605923204,0.2684013833623429,0.04524554918283018,0.03988409741205014,0.08115172367091117,0.0746811570377654,0.12091587061992803,0.11401028778241976,0.0357056974489033,0.035804354924761285,0.03552794715049397,0.03569890558719635,0.0936118554875924,0.0,0.13947540198703304,0.0,0.16021746557289648,0.0,16.70139100607198,48.13343015993293,15.422203334940708,47.88596303159332,50.52124770715659,121.69467681090563,0.08504874619898836,0.011723534587239362,0.1287856263302805,0.27683917404502323,0.1328280583621299,0.13305005580188523,0.2998155272996619,0.261081272656386,0.30687708613425824,0.26460189485609087,0.043176702342950034,0.03760825071353771,0.08244442828020082,0.07437084186692156,0.11870021111624143,0.11350819052129102,107
d_SrSd47_rel,50,1,True,clean_experiments/fire_sims_v2/results_LOSSunrho/checkpoints/IV_bfe_LOSSunrho_n50_t1.pkl,0.09944004293233161,0.18043616800780282,0.10167895762616977,0.09653915171608698,0.18999472324177488,0.15204800326029688,0.19080446116707683,0.14885086782700693,0.03942380498386287,0.0341750116786905,0.07778425282041831,0.07023352461164953,0.09723370262241429,0.09210146163020363,0.03189019919100838,0.0315463054499722,0.030416776550723865,0.03191576525568962,0.08461764918395075,0.0,0.13387355926266284,0.0,0.1585551349069521,0.0,4.230721452150177,12.192944615760753,1.6955644017126765,5.264729850510093,28.86675208818201,69.5337155233049,0.12937047621067177,0.017833058336625757,0.09418203536198208,0.1813551592500044,0.09679070889068214,0.0927536295108037,0.1911011148705168,0.15274586683845184,0.19194127488609397,0.1506224805498504,0.03895709463991236,0.03466460461138107,0.07119624336177613,0.06395565277549044,0.09212841284219919,0.08772986969344931,41
d_SrSd47_rel,50,2,True,clean_experiments/fire_sims_v2/results_LOSSunrho/checkpoints/IV_bfe_LOSSunrho_n50_t2.pkl,0.1819841019753841,0.26823352354902286,0.18388876996794815,0.1721452350555504,0.2751234173135982,0.23089446440042255,0.27405978265973396,0.21751105379726443,0.048143514100955985,0.04718200525349607,0.10211830009672238,0.09836965714003931,0.17672010103202843,0.17303713442982588,0.04668666457796956,0.04360032597731701,0.03464193950720062,0.04688921198248863,0.18521899050035381,0.0,0.17741605070184105,0.0,0.18160649098808904,0.0,52.59185751741431,151.56980037622483,40.55401084585057,125.92026067685754,46.76749927408005,112.6527148023549,0.2198060618883131,0.030299141189022796,0.1819845515293845,0.2711920673479719,0.18418247148372763,0.16711628353817426,0.2778863374932088,0.2327404899846598,0.27680933871311697,0.21868431101326158,0.04455355414243549,0.042628705083645885,0.09813804658570265,0.09384042722581393,0.17657169646229087,0.1664508218326525,130
d_SrSd47_rel,50,3,True,clean_experiments/fire_sims_v2/results_LOSSunrho/checkpoints/IV_bfe_LOSSunrho_n50_t3.pkl,0.12634554816997462,0.15710964537963057,0.12779495861964302,0.12697165626552837,0.159324386344185,0.11695431916933899,0.16037632404381874,0.1185816350115925,0.1072709798062599,0.1071727904348827,0.1129286196272798,0.11290410840202042,0.09516438628002831,0.08961406600827354,0.01820524464393027,0.0185814928562288,0.019582159900850746,0.018182026222348213,0.22347696772683023,0.0,0.25336368481611937,0.0,0.2039908080183204,0.0,-40.497524895210795,-116.71391834878247,-40.09899490647818,-124.50743554556085,-17.036266447043435,-41.03665355524744,0.6712849052250857,0.09253319015291492,0.11329615813671377,0.16162768709625502,0.11485033026942003,0.1122134157159298,0.163684155579985,0.12547208948720406,0.16405403236247929,0.12692403806469232,0.04051701218198125,0.038023776959857564,0.09931609022182378,0.08308381894609454,0.10484069941892409,0.09772788700726018,0
d_SrSd47_rel,50,4,True,clean_experiments/fire_sims_v2/results_LOSSunrho/checkpoints/IV_bfe_LOSSunrho_n50_t4.pkl,0.19488354246896122,0.20062848923199839,0.19541308198002177,0.19884074574678176,0.20383225472955782,0.17398727236046352,0.2063892396569253,0.1707616662654195,0.14709190489951307,0.14563388261984417,0.16948406444841246,0.17179809698963233,0.17943600695541922,0.18665051189939197,0.032962624064289986,0.03275182624529354,0.03189744119797888,0.032978955656290054,0.08220227452657142,0.0,0.13435761840154092,0.0,0.13735623028188737,0.0,7.735861623143206,22.29476305471176,5.581791835623264,17.33147149507042,35.139883749761935,84.64432273897127,0.9407397291548085,0.12967615920559888,0.14774661709008732,0.2111638951721978,0.1500911903876107,0.15235482175867554,0.21606356610092786,0.18801520386541917,0.21827561614201313,0.1857056650876264,0.04046693639109114,0.03623878338698505,0.09695026960305408,0.09539125123869407,0.1419890622716942,0.14407092979290465,9
d_SrSd47_rel,50,5,True,clean_experiments/fire_sims_v2/results_LOSSunrho/checkpoints/IV_bfe_LOSSunrho_n50_t5.pkl,0.12600974867098527,0.15735221956061765,0.1274790942647334,0.12674908191937187,0.15955951286550438,0.11704718000063763,0.1606296605039946,0.11821838851834761,0.10597962331990637,0.1058897030978821,0.11263848685860157,0.11247142964465076,0.09510329178459181,0.08968335386032147,0.018042778321769322,0.018420101564790944,0.019424589714513284,0.01801949366927147,0.2275666959985397,0.0,0.2575954172222168,0.0,0.20606018681551222,0.0,-41.028533869757666,-118.24428689002298,-40.619270680080966,-126.1228925538686,-17.703844028953743,-42.644702480477626,0.660416643500778,0.091035055872017,0.11346027684479326,0.16125804930538368,0.11503203065884708,0.11215753355210237,0.16334458996974166,0.12498360586773523,0.16374390120300933,0.12643251059212438,0.04059810823467742,0.0381255619965631,0.09958013659739856,0.08326986123977692,0.10473868068775458,0.09737513351769524,0
d_SrSd47_rel,200,0,True,clean_experiments/fire_sims_v2/results_LOSSunrho/checkpoints/IV_bfe_LOSSunrho_n200_t0.pkl,0.12816800704702294,0.33187852972409004,0.12860133132402665,0.10924439563064317,0.3458523028946147,0.30812228745374587,0.3530535479441857,0.30825830457058495,0.038997516046341274,0.03585928670826603,0.07705123671285868,0.07363769363443431,0.1557339115818056,0.12359116376247611,0.037640079724012614,0.03089196053895628,0.03797260404904631,0.03972518816590309,0.115782765294675,0.0,0.1693915702535956,0.0,0.20637826768440654,0.0,23.02377422140618,66.35454664232549,-0.41384188501341107,-1.2849796346400955,60.87852517740552,146.6431013171411,0.03392231507739385,0.004676017600054739,0.12785668804369166,0.33132768042606336,0.12828647403701576,0.10912655314857823,0.3453118080039554,0.30774418243260776,0.35246562963354977,0.30798972578457734,0.0401466150307576,0.036955169476057356,0.07783476204433583,0.075507977797419,0.15409368708881258,0.12251971033289322,432
d_SrSd47_rel,200,1,True,clean_experiments/fire_sims_v2/results_LOSSunrho/checkpoints/IV_bfe_LOSSunrho_n200_t1.pkl,0.1078310049084053,0.27065567683495206,0.1099580970382283,0.10156974724107576,0.27552735175932996,0.21791553645903086,0.28076695805893515,0.21252240009078294,0.03884528602498759,0.03726604938056306,0.06238760759543433,0.05812544830852673,0.12356058715446239,0.11445576211235803,0.034354825711222184,0.03253484812747553,0.02974773537194747,0.03450068086385727,0.08277203302281255,0.0,0.14196870923829924,0.0,0.2176170625621666,0.0,12.286168167090077,35.40875231223676,4.882321268798346,15.159614401941619,26.032225438772446,62.70595848707215,0.1434376388737702,0.01977214474760354,0.10815619090976716,0.2689609560707736,0.1102312594949773,0.10277708092837902,0.27427121396832577,0.21632767183627344,0.27987744492505345,0.2127043464314204,0.035421569309240314,0.03238938875137659,0.06248291748216646,0.058734552681897305,0.1258864071115779,0.11612608593517351,117
d_SrSd47_rel,200,2,True,clean_experiments/fire_sims_v2/results_LOSSunrho/checkpoints/IV_bfe_LOSSunrho_n200_t2.pkl,0.07632036390509742,0.1748672217870808,0.0789672447430774,0.07385027011018191,0.18023723983701348,0.13494760719438223,0.17941319379911802,0.13379413928105954,0.05522250076768349,0.05041648459384375,0.05518269517455514,0.04934532922520379,0.08055136418959033,0.07096030313977876,0.03990797072457706,0.03470832439777974,0.02597075343988826,0.040305957198143005,0.1250851266918514,0.0,0.15163169749744076,0.0,0.15876396038771423,0.0,30.436205663048618,87.7171835018466,11.88893877501763,36.91517160686946,10.030286723519804,24.160775050821893,0.2887917468521879,0.03980846495737254,0.07440959036111888,0.17977925440689235,0.07767278521779516,0.07327592932064383,0.18540971002218892,0.14551184576929113,0.18460731312205825,0.14441245706837824,0.0331446726691841,0.028848046996160233,0.04430441261539621,0.03671128346104915,0.0824612597501316,0.07296886415597009,94
d_SrSd47_rel,200,3,True,clean_experiments/fire_sims_v2/results_LOSSunrho/checkpoints/IV_bfe_LOSSunrho_n200_t3.pkl,0.13136664384411137,0.17337509020997766,0.1362269574404127,0.12768038205916854,0.17929965786732682,0.1488802596834655,0.1821227281314908,0.1473195235595205,0.10832108673574922,0.10383570631526429,0.1111767937493558,0.10453641014533342,0.13605207857955548,0.12027133040128538,0.032944455302554715,0.03295309909184846,0.029364728937331944,0.03288882598280907,0.08316709523916847,0.0,0.13666558174648918,0.0,0.1317265249812384,0.0,7.6764783896859035,22.1236205002234,6.230633449155532,19.34612561706427,24.40954214176138,58.797268018047106,0.6804680781329454,0.09379904356072416,0.10054644922195544,0.1804985931706532,0.10430050092401828,0.09429570213398022,0.18627873656409114,0.15780212281752887,0.18960435258130595,0.15804476244816734,0.03477575495403587,0.031085529413097196,0.06841263706519446,0.06427943981468445,0.09371940428600917,0.07075303776270564,64
d_SrSd47_rel,200,4,True,clean_experiments/fire_sims_v2/results_LOSSunrho/checkpoints/IV_bfe_LOSSunrho_n200_t4.pkl,0.09201435547205258,0.26909283262230826,0.09490822225631342,0.08259020753328417,0.2750940919081843,0.2046984192741044,0.27743804938273803,0.20142436481479037,0.04048881989924179,0.03607856457576305,0.06000949848719595,0.05448219422690312,0.08810068035918353,0.08037784320371937,0.04130119538568139,0.02991633207706349,0.01943270338138182,0.04236990585923195,0.1500233963587701,0.0,0.1626781855782629,0.0,0.15138140143322762,0.0,34.98985585199997,100.8408091485349,-3.558967301867867,-11.050598474588824,-17.66946885789871,-42.56190018398428,0.18268727802435178,0.025182506718630232,0.09097248832458779,0.2715678607007406,0.09357828713643371,0.08326959064556544,0.27761000272756353,0.2065899868319273,0.2809671943297206,0.20746231466383735,0.029216090732627403,0.025493095037195067,0.05426553128216112,0.049815362998281994,0.08384770965529594,0.07840106678316545,168
d_SrSd47_rel,200,5,True,clean_experiments/fire_sims_v2/results_LOSSunrho/checkpoints/IV_bfe_LOSSunrho_n200_t5.pkl,0.1200091974913099,0.23347490757471362,0.1242785602663126,0.11063811716392838,0.2469964710144617,0.21478922719167953,0.25211192949249445,0.2135561708507832,0.045903513143571745,0.042814284890884374,0.07993316064053899,0.07563739184225327,0.13712022307186963,0.10953583134526115,0.039063564106247936,0.037288593754249366,0.03126138530988397,0.03917095810174942,0.12461888640005571,0.0,0.1383664252794198,0.0,0.16043084500284355,0.0,27.676326036701514,79.76320690215476,20.20693179422407,62.74255162281984,32.44510587582562,78.15319005066664,0.23215388026203426,0.03200122478520628,0.12293287139685792,0.23946407317915863,0.12713734450443948,0.1125857178273144,0.2532866056918951,0.22309044272745865,0.25881197473014755,0.22410491400858085,0.03621835597531655,0.03182388421190785,0.07555773408669397,0.0720128067517576,0.14328956876224017,0.11369312318140769,175
d_SrSd47_rel,500,0,True,clean_experiments/fire_sims_v2/results_LOSSunrho/checkpoints/IV_bfe_LOSSunrho_n500_t0.pkl,0.14668906909904839,0.305997752204963,0.15381162806551157,0.12646062337470454,0.3298014006975383,0.28058291589933393,0.3345733477408458,0.27766250139704896,0.02900827759548434,0.026184062846623942,0.06900646925921028,0.056024038060322856,0.1441948531223293,0.11316097559389751,0.050305981661631284,0.031630413252026326,0.028870236119142408,0.04956113174557686,0.21666104155690524,0.0,0.22457483199284364,0.0,0.2873126289216036,0.008454106280193236,64.42132363440614,185.6623367981618,1.9667020287177195,6.106612563456916,22.314524502244254,53.750827042717276,0.06942923155958731,0.009570464397556922,0.14607904500863822,0.3062885694747421,0.1530938883991634,0.12568800989760326,0.3303482889335946,0.2808883374478588,0.33523790582388757,0.27902061366212144,0.0279152648736766,0.025745070844641983,0.06773308197806935,0.05359833700549059,0.14248549678503264,0.11090313413188088,632
d_SrSd47_rel,500,1,True,clean_experiments/fire_sims_v2/results_LOSSunrho/checkpoints/IV_bfe_LOSSunrho_n500_t1.pkl,0.12521241075983058,0.28444453880464116,0.13333418360236954,0.11097068698581543,0.30340157666861856,0.23532292158313883,0.32071018708364774,0.24181142754571594,0.033277638399180576,0.02983824768223907,0.0834562980396697,0.0719339529742953,0.1750987690045946,0.12694134362673012,0.04351760160728104,0.035108135699052495,0.027790930838258916,0.04440130665898323,0.16615282450197044,0.0,0.20539291588303737,0.0,0.23875735391082645,0.07125603864734299,42.234013159537355,121.71847973915514,13.177807165694803,40.91710977148473,17.741832000554137,42.73620722623157,0.0288995695141813,0.003983657818577727,0.12506263582352561,0.28474072047986,0.13314455007077491,0.11071043716456679,0.30372611569610664,0.2359699522214695,0.3210871627002597,0.24294047653038991,0.031767500809705286,0.027843103382405414,0.08256492968087054,0.07183990065207752,0.17516387787753468,0.12750134840527808,520
d_SrSd47_rel,500,2,True,clean_experiments/fire_sims_v2/results_LOSSunrho/checkpoints/IV_bfe_LOSSunrho_n500_t2.pkl,0.2692875029379862,0.20341236013481434,0.2752837438193593,0.25539044916247633,0.2119131566840995,0.18608979235874165,0.21502159222116013,0.18799755524594827,0.31558048785975584,0.3124219501850928,0.3042204735610695,0.3025358714148152,0.3332222929914623,0.3177959681719328,0.039878711390093344,0.03874612288573816,0.03591861485774237,0.039963215589523315,0.130930344941014,0.0,0.15128192385378114,0.0,0.1701972485089228,0.0,30.340573725343212,87.44157213552815,24.90555642060869,77.33178769187293,52.176389516640675,125.6815527635526,2.1787472347986845,0.3003291606939448,0.11221876595090079,0.2222798551340461,0.1152936790294953,0.10492746434997949,0.23200513818081622,0.2109244682391449,0.24918325718236034,0.2221983348479171,0.033418751454666384,0.029579161355284746,0.07762215997222882,0.07749528382259681,0.13214257241119565,0.1188801220764454,34
d_SrSd47_rel,500,3,True,clean_experiments/fire_sims_v2/results_LOSSunrho/checkpoints/IV_bfe_LOSSunrho_n500_t3.pkl,0.10688907873710994,0.19799659269157777,0.11341217698658387,0.08981095198743703,0.20348897051146464,0.14053695706010516,0.2179311586409478,0.14176271976920424,0.03525624026592182,0.029130969013913308,0.06393977003235626,0.05786656225819364,0.09699882474629117,0.08456860672911393,0.045111317707488253,0.031697476235623176,0.021181077087571085,0.04483575001358986,0.1616258360508941,0.0,0.16533381410618503,0.0,0.22148896950706926,0.09581320450885668,47.442954562491714,136.73065549955336,2.182892415200851,6.777884017352378,-10.262134271432613,-24.71924527262225,0.00918780324909981,0.0012664916766621664,0.10695293294395922,0.19806233962826453,0.1134725221793814,0.08980295262164747,0.20354118200698462,0.1406456397013311,0.21798351935741136,0.141895637552892,0.03520219267854463,0.02911368453862944,0.06391942907938747,0.05787174813593605,0.09714871777321002,0.08458009620609798,819
d_SrSd47_rel,500,4,True,clean_experiments/fire_sims_v2/results_LOSSunrho/checkpoints/IV_bfe_LOSSunrho_n500_t4.pkl,0.07779209638994228,0.19896224085882777,0.08190060121313072,0.07451464088964255,0.20720880771050143,0.16447683220304415,0.20702875008569893,0.16241865678793505,0.0268167939954169,0.02343663327678029,0.0467301234369384,0.0410475773402313,0.101071835508039,0.08953832536031842,0.035665826989176676,0.034506694410676594,0.02498970450017626,0.03513026237487793,0.09138997868941244,0.0,0.15718896878588312,0.0,0.17452617654736274,0.00644122383252818,16.57107740228908,47.757866187788764,11.238945850448951,34.89694266248933,5.873876845917848,14.148889365014199,0.06448378959352699,0.008888760521492222,0.07821574182164143,0.19958685658491723,0.0824172398453388,0.07455630224817378,0.20779582916619507,0.1647191001048553,0.20777890647742708,0.1640110818001845,0.029669486886544524,0.027306000537103303,0.04944728473327892,0.04405282106261907,0.10424540961408615,0.09272216153379058,555
d_SrSd47_rel,500,5,True,clean_experiments/fire_sims_v2/results_LOSSunrho/checkpoints/IV_bfe_LOSSunrho_n500_t5.pkl,0.08003727530891334,0.17086062728603366,0.08220784909960155,0.07652055166454663,0.17501037687857157,0.1335240795166574,0.17542811739795755,0.13203451505830094,0.04185630256643784,0.036777669981584826,0.05679307543822715,0.05141582077568582,0.08201067906634632,0.07673763092506117,0.04463267756443402,0.02906658475949943,0.022745821453951022,0.04645111411809921,0.18565313129569846,0.0,0.17153337709244604,0.0,0.18834553956285707,0.0,45.87855519553607,132.2220545306744,-6.298290713148492,-19.556201516857783,-3.632782078000926,-8.750580418546287,0.06277471888270045,0.008653173866945502,0.07914905879197863,0.17033220135531257,0.08123448949976202,0.07503518371158734,0.1746787145742532,0.13287484200272948,0.17528671248606853,0.13140029933528447,0.03804837250686601,0.03359342330372964,0.05664063014366846,0.05185082662880193,0.07938415069868812,0.07312032929611717,339
d_SrSd47_rel,1000,0,True,clean_experiments/fire_sims_v2/results_LOSSunrho_large/checkpoints/IV_bfe_LOSSunrho_n1000_t0.pkl,0.11135031716154617,0.24711947594552316,0.11064637231706455,0.09387664327383739,0.2567389997868173,0.1860233044486651,0.2652444960799283,0.18019266860439215,0.04532131237948666,0.03926082808275918,0.0658096310027105,0.06123323775262225,0.12173459815035821,0.09970756892468213,0.03167502963042902,0.03593571417139817,0.028463815209298485,0.024294672533869743,0.10618214261934462,0.0,0.1896885174470394,0.0,0.22546327007845218,0.0,3.5274559002670207,10.166132399152696,15.845665053692729,49.200812263512894,20.592641101977637,49.60318514131138,0.11560806738982114,0.015935980683799766,0.11050316640940941,0.24743497253000815,0.10964949156587438,0.09202224033771131,0.25679377935709363,0.1864672426431287,0.2658029599698899,0.1806415599504339,0.04253179768355746,0.037807254701016854,0.06394022034839703,0.059273918117212915,0.11992128470294013,0.09938906982813123,569
d_SrSd47_rel,1000,1,True,clean_experiments/fire_sims_v2/results_LOSSunrho_large/checkpoints/IV_bfe_LOSSunrho_n1000_t1.pkl,0.05685861420941027,0.1874465462176197,0.05839628492693997,0.05062605963849219,0.1927346787046691,0.13138813365541963,0.19513875732973707,0.13713999020988094,0.028203771527858613,0.02471489832774812,0.04498824424604177,0.03659332214937297,0.05141414778975181,0.0437018540694859,0.04100936177560166,0.028097820469471207,0.024949514766433006,0.04300852492451668,0.15037862820516357,0.0,0.16061326215596072,0.0,0.18370088478495014,0.0,34.03601961095285,98.0918518864863,-9.42128815584052,-29.253112965930303,5.7036050077385125,13.73874161020533,0.03872070676705002,0.005337451347769119,0.056842063181597666,0.18785852095416766,0.058505540484426605,0.05094907565950898,0.19316233635725166,0.13186499964961185,0.19566057368348896,0.137709670651192,0.028991519109422267,0.024711913744649473,0.04484551084635843,0.03778337502687777,0.05165013811085002,0.0452231629352514,317
d_SrSd47_rel,1000,2,True,clean_experiments/fire_sims_v2/results_LOSSunrho_large/checkpoints/IV_bfe_LOSSunrho_n1000_t2.pkl,0.1499703297667704,0.3252384646844366,0.1566558909253266,0.1341281990989031,0.33486567857104815,0.2583970194499421,0.336474365304526,0.2547525704518774,0.034449265732840254,0.030977723733527925,0.0636789145574223,0.055262021129558796,0.1373244295031943,0.12044471215118416,0.032459198498175974,0.030856890932638697,0.027705327851126282,0.022500958293676376,0.14417950433711413,0.0,0.20623256041603236,0.06693548387096775,0.28723239423227576,0.1181561996779388,6.090452962029685,17.552693196850058,-0.5268954853301948,-1.6360112225256436,17.37915783939072,41.86260420109892,0.03282469007113592,0.004524715607964505,0.15019342929193233,0.32498357534896877,0.15685698814712834,0.13381101670761242,0.3345678407804107,0.2575543946685692,0.33602941051704227,0.2541103616363969,0.03504950734059185,0.03129087214540743,0.06431230815129486,0.05613654731513848,0.1375632479765084,0.12084701439722571,1047
d_SrSd47_rel,1000,3,True,clean_experiments/fire_sims_v2/results_LOSSunrho_large/checkpoints/IV_bfe_LOSSunrho_n1000_t3.pkl,0.12749058338692193,0.2514162020695547,0.1307789089890948,0.11856712674433012,0.26469204454679734,0.2282352189605177,0.27632357839552535,0.22520336992884743,0.039856980702417416,0.03597737245210041,0.08971409465067297,0.07968600316567415,0.14465259737894298,0.12932275175111974,0.03913842159543799,0.03081578900464785,0.027037627525051927,0.026931801810860634,0.16768200287330637,0.0,0.27378528664554735,0.21129032258064517,0.2619878348585032,0.3174315619967794,27.920992119144042,80.46833486350064,-0.6593954312162915,-2.0474237407366247,14.550311980397996,35.04853095109835,0.07728666772251948,0.010653571777031214,0.1277331772070174,0.2518164404721116,0.1309896166607189,0.11842597921995114,0.2652096497885712,0.2288899742000434,0.27687291748743637,0.22616922737206158,0.036378149171585106,0.031279466026966345,0.0889891317297336,0.07874950550202617,0.14479982795362886,0.1312757539684356,864
d_SrSd47_rel,1000,4,True,clean_experiments/fire_sims_v2/results_LOSSunrho_large/checkpoints/IV_bfe_LOSSunrho_n1000_t4.pkl,0.11245933235358213,0.20894159481653019,0.11700034529635873,0.09545752300069384,0.2190001293820384,0.16546607086942927,0.23345548794026683,0.17317995574857437,0.03603262164704924,0.032394845933171115,0.06432774120182623,0.060208747173016997,0.11662706020163055,0.09088110542713479,0.029888414085802905,0.032169979974777475,0.026852209373197825,0.019665462896227837,0.13064048115307703,0.0,0.19253096875412784,0.03870967741935484,0.2353082981033222,0.14935587761674718,-2.3119628521411557,-6.663079885707599,3.706098817656402,11.50744203791217,13.764750927674848,33.15628555406243,0.0717941835523745,0.009896460931588495,0.11345484230826472,0.20827534766056766,0.11806988732091572,0.09707011151212946,0.21835725507972262,0.16478475347045507,0.23285653706065979,0.17262037791834126,0.03109200824563241,0.027393263433930386,0.06592474223676412,0.06275072922658712,0.1172432326649061,0.09303900820981371,832
d_SrSd47_rel,1000,5,True,clean_experiments/fire_sims_v2/results_LOSSunrho_large/checkpoints/IV_bfe_LOSSunrho_n1000_t5.pkl,0.11647739873705795,0.25831878778500417,0.12092724129719845,0.11034648347397147,0.269257298253724,0.22059646270365674,0.2763551130241432,0.22121501222580092,0.06842723958949445,0.06586954391642193,0.07436390990409346,0.07188248071232975,0.10993221270450576,0.10255017085398246,0.03581662828649248,0.03373687478890681,0.026090899036874327,0.030092081055045128,0.08395834768941407,0.0,0.15387318476905176,0.012096774193548387,0.18968959444167852,0.031199677938808373,17.063960119044836,49.178354805495864,8.757284692138562,27.191381277848873,10.539307554029921,25.386895312498897,0.39808727517673187,0.05487429442351736,0.10733660872936174,0.2638228810524662,0.11237473251928645,0.10178613259585759,0.2749661152247754,0.22936132195364053,0.2839385857527495,0.23455710185195977,0.026177054718685748,0.02216902793097563,0.05099533714081524,0.04404208647353393,0.09386961441455144,0.08371263018152336,1078
d_SrSd47_rel,2000,0,True,clean_experiments/fire_sims_v2/results_LOSSunrho_large/checkpoints/IV_bfe_LOSSunrho_n2000_t0.pkl,0.11789613171207568,0.23026333396921236,0.11967635512497368,0.10656857061338582,0.23947297957549726,0.19404279712494246,0.24288140785405216,0.19217452627698067,0.07204500325556155,0.07271060324038053,0.08515625711256067,0.08585191196853298,0.11517730818797534,0.11096335604656524,0.03592457297429377,0.03353462532829512,0.026695900004303875,0.02929265983402729,0.09859792156638869,0.0,0.1746768811535128,0.020161290322580645,0.21907618593759626,0.07588566827697263,17.416769225663028,50.19515110030875,8.10529477593537,25.16695167163672,13.102515050815057,31.56110363230592,0.433659030728246,0.05977767895503395,0.1024408597147899,0.2314234301406956,0.10416605183900204,0.08760483143402613,0.24125288216508017,0.19891673026956114,0.2474603615653339,0.2009130166034703,0.02726117421556414,0.02405497554859754,0.055129086310186544,0.05169001342146997,0.08711385902111504,0.07940766284504046,847
d_SrSd47_rel,2000,1,True,clean_experiments/fire_sims_v2/results_LOSSunrho_large/checkpoints/IV_bfe_LOSSunrho_n2000_t1.pkl,0.11102430038582349,0.21086105461343552,0.1155786233161738,0.10340108955401281,0.22018384154596474,0.17116308883917436,0.22348134033711778,0.17344635963358795,0.033028046441249806,0.02927584278691943,0.06963091561445196,0.06260371789645058,0.11553600931361982,0.10143806682075529,0.040153256345116115,0.03210840083046627,0.024425518113787605,0.04676654189825058,0.17039243836922124,0.0,0.22410350447462893,0.11290322580645161,0.22237540971080688,0.1710950080515298,31.237903295524763,90.02767710014298,3.507586638598416,10.891061442919302,3.4835884777526878,8.391205545825372,0.15941715895871122,0.021974839846305896,0.10917201445247768,0.21027765341945165,0.11412060179470088,0.09962062552332179,0.21965051705428834,0.1698494793903479,0.22217068158401923,0.17148885001865694,0.023513690864877035,0.021246375787534924,0.06790713788019613,0.06030825269690125,0.11486709392182018,0.0982354021404746,781
d_SrSd47_rel,2000,2,True,clean_experiments/fire_sims_v2/results_LOSSunrho_large/checkpoints/IV_bfe_LOSSunrho_n2000_t2.pkl,0.08723334588889527,0.2437847099243509,0.09026764563588341,0.0759109947394904,0.25956884690942944,0.16223657981377704,0.2608403266820121,0.15850282708152302,0.028729674598596083,0.024669382623443994,0.04376082249043878,0.04005660011326602,0.07650490858036399,0.06819266033777982,0.03664412122456219,0.03071736705301945,0.02287755731851473,0.03389691933989525,0.10261695251360921,0.0,0.1833154339554229,0.0064516129032258064,0.18564525181922484,0.024758454106280192,19.76855865149565,56.97301122214101,-0.9766774640122197,-3.0325848985221904,-3.074656762797205,-7.4061781534359525,0.037558168572415965,0.005177201404731848,0.0871908989850624,0.24345432510310083,0.09006008954546615,0.07577326662314376,0.2592565654039518,0.16199329000519208,0.26084254359784254,0.15824933311592554,0.025902658039371758,0.022129276929652157,0.043491377578431495,0.039906601365892955,0.07635025918559396,0.06896615612941849,817
d_SrSd47_rel,2000,3,True,clean_experiments/fire_sims_v2/results_LOSSunrho_large/checkpoints/IV_bfe_LOSSunrho_n2000_t3.pkl,0.09698742930119701,0.27584585668993655,0.09932766929903897,0.08437089557665166,0.28854285309163397,0.23651020113472632,0.29670064576187083,0.23364851313333584,0.030736297122465832,0.027108274187569704,0.042395271176194,0.03739550625555736,0.097078191651493,0.084470294022517,0.03639706929686788,0.030909084739248364,0.02526051441091921,0.034491464495658875,0.0994154384983653,0.0,0.13704754448409087,0.0,0.20496153010672913,0.07367149758454106,18.961087976712825,54.64587970856093,-0.35863874192607614,-1.1135737977634128,7.021217149139556,16.91258214239811,0.047708003958539615,0.006576304290100686,0.09697105168578957,0.27563315382104936,0.0993317068197469,0.08400384406333886,0.28831015347501326,0.2356776677079908,0.29641126909605664,0.2329137629830213,0.031900829998542574,0.028022026877458743,0.04335838756632569,0.0382295414434448,0.09692686007559695,0.0848015180836455,709
d_SrSd47_rel,2000,4,True,clean_experiments/fire_sims_v2/results_LOSSunrho_large/checkpoints/IV_bfe_LOSSunrho_n2000_t4.pkl,0.10868341371912842,0.18983571399328708,0.11398457102443624,0.09811406005068987,0.1911631494697138,0.14128668301519418,0.19298007964200578,0.13894468614962485,0.05392218454332488,0.050673836240463475,0.0689594940438261,0.06458570660877189,0.09446938412112277,0.08810409000991855,0.039270478682437576,0.02823341071430566,0.022944190173548398,0.038291383534669876,0.13101215032015445,0.0,0.17234583232505618,0.00564516129032258,0.2235665378245443,0.07971014492753623,28.35261079196554,81.71226042852832,-8.984187003134277,-27.89591327241203,-2.792353357101612,-6.726170764903531,0.3051858011120814,0.04206830147149655,0.10364017905316286,0.18659739467083908,0.10954846022024967,0.09518657146497003,0.18823349968365344,0.13862312197799714,0.1892688688813792,0.13502799357574863,0.024311150421261855,0.020496373767358897,0.05704670039965126,0.053852410656423204,0.09099562300651501,0.08594786440669393,711
d_SrSd47_rel,2000,5,True,clean_experiments/fire_sims_v2/results_LOSSunrho_large/checkpoints/IV_bfe_LOSSunrho_n2000_t5.pkl,0.10748267801994285,0.24213933398626106,0.11205020844376412,0.092318163290835,0.2542047645446467,0.1984587425069786,0.2531085324101878,0.19094014467978623,0.03279662864345933,0.025432240889148944,0.05273999246219217,0.04269649526570103,0.08356537411140089,0.06889482510726003,0.03999740132182194,0.03070619432173675,0.020081004289931,0.042689722031354904,0.14865554533054642,0.0,0.1625809322452136,0.0,0.2136159413677476,0.04891304347826087,30.72850285488801,88.55958438116441,-1.012694905595181,-3.144419105261424,-14.922812507866714,-35.945803551429876,0.0535020484341526,0.0073749836809869915,0.10752215741215033,0.2420331575628235,0.11210486641446024,0.09248922993400165,0.2540899868124453,0.1984543981387227,0.2527152945718686,0.1909206142849354,0.03039625475701037,0.024893155205719074,0.0518186575791866,0.041236474994634204,0.08423940545052108,0.07062407274059296,1186
nfw_d_rel,50,0,True,clean_experiments/fire_sims_v2/results_nfw_LOSSunrho/checkpoints/IV_nfw_LOSSunrho_n50_t0.pkl,0.16228253889507005,0.7261862103538087,0.16479616802617425,0.16787412662002504,0.7491074257416687,0.7184161106868144,0.7457994310749164,0.7176603317768506,0.060334826783142684,0.05348603803475706,0.0995616821290983,0.08443326236142996,0.12524900869492347,0.1176949217923605,0.03360895086440742,0.03389312437189452,0.03471485511009626,0.033592309802770615,0.08337143084237092,0.0,0.14099174407856266,0.0,0.1365643595260221,0.0,9.848332237283937,28.382906056314827,9.260985182665623,28.755372008909156,47.07642079658404,113.39683943401417,0.22052602628249443,0.030398384597703013,0.1654923439091746,0.7312196551828355,0.16806832496702384,0.16979335334200074,0.753790702373988,0.7207910721529993,0.7496851760856083,0.720059078673334,0.045744550912061706,0.0397623929475337,0.09721814250167793,0.08473911958790217,0.12736445156442058,0.11873660916238093,94
nfw_d_rel,50,1,True,clean_experiments/fire_sims_v2/results_nfw_LOSSunrho/checkpoints/IV_nfw_LOSSunrho_n50_t1.pkl,0.4792438523040138,0.7887513467870331,0.476281410442123,0.49340474238599896,0.7979105149823142,0.8308744456632702,0.7941644689813326,0.8320532310356312,0.38706930338432566,0.38722943414005007,0.3958020201404524,0.38726082910920323,0.3803213829665397,0.37182544617571156,0.03493697792787733,0.03472795764351295,0.03398800481260129,0.03495234251022339,0.09274841817131865,0.0,0.12808684955591884,0.0,0.1516768642434823,0.0,14.18888897399062,40.892396102116415,11.95223030717637,37.11169190318144,43.996974263638485,105.97912376801357,2.8332966944090368,0.3905554552808963,0.25597080098410596,0.7693244037976931,0.2608229949768668,0.2597883737070378,0.7857822081107508,0.8410338738619472,0.7998597898229308,0.8476417721768621,0.060951717864632604,0.059272705430741555,0.14763470271904922,0.1392488926972755,0.2262030435211884,0.21876310536563853,16
nfw_d_rel,50,2,True,clean_experiments/fire_sims_v2/results_nfw_LOSSunrho/checkpoints/IV_nfw_LOSSunrho_n50_t2.pkl,0.30599510637484156,0.8895220947609684,0.3072881232479225,0.2870934089425742,0.9348853040566645,0.8185865448672116,0.9430380091273667,0.8173623492180364,0.06250885660210583,0.06100451806317367,0.1535884531278058,0.14442682329011297,0.26663258144653934,0.25464197571405817,0.043915307079791244,0.042933609878937844,0.040405857228971276,0.04398698732256889,0.16442072574385613,0.0,0.16032932053366344,0.0,0.16184497282020674,0.0,43.53388363312457,125.46470810029119,38.40472366457031,119.24672095806226,71.18748851486703,171.4751476054623,0.28916662521826353,0.03986014002240422,0.30261921409328674,0.8875289326597128,0.30361520279462834,0.290152242481196,0.9330688805060673,0.8179929564182638,0.9420619829525942,0.8168284576168257,0.05393467886995527,0.053618200426837945,0.15585451510153886,0.1513846652210267,0.2740565906220115,0.26153324686507307,96
nfw_d_rel,50,3,True,clean_experiments/fire_sims_v2/results_nfw_LOSSunrho/checkpoints/IV_nfw_LOSSunrho_n50_t3.pkl,0.19784335880071313,0.6904975482992688,0.1973712759487394,0.1838954700224829,0.7087807542421245,0.7445458085992249,0.7107805018051938,0.741607251287995,0.05737578697978883,0.0572722161701888,0.12249178901189625,0.11394173665450663,0.1486074359395927,0.14006529390814923,0.029069837862307123,0.02907006658592978,0.029009973482508562,0.02907242625951767,0.07570022393756695,0.0,0.13075699847249023,0.0,0.12704220963500293,0.0,-4.987417772554403,-14.373744375326517,-6.287066378034369,-19.52134994055212,22.90654976607629,55.176886897049116,0.22429134658035474,0.030917414738849583,0.18563898941874246,0.6878627013543954,0.18540920744253248,0.1742142886613384,0.7063369645738253,0.7426345410318651,0.7099447451396957,0.7410074535895579,0.05082104196547459,0.047796272159551643,0.11112082095231815,0.09951054799757901,0.14078183960168414,0.1359804639261486,21
nfw_d_rel,50,4,True,clean_experiments/fire_sims_v2/results_nfw_LOSSunrho/checkpoints/IV_nfw_LOSSunrho_n50_t4.pkl,0.211035931097967,0.7923372565856364,0.21519638055392254,0.21522084810008818,0.8216704361960407,0.8011870969135915,0.8108943619079101,0.7966922902049189,0.10860732781412738,0.10282520010126742,0.14112626505859352,0.1321276844368014,0.1943612455907453,0.1949812737782347,0.03778428068506467,0.03737434075221903,0.036137812418626535,0.0378144234418869,0.11750332589672974,0.0,0.14406039468075632,0.0,0.1557798649468068,0.0,23.49508423469662,67.71286270115824,20.48335368356722,63.600841977753745,53.10506378591072,127.91852671392898,0.7500225678682364,0.10338677415702975,0.19508186268630082,0.7986918780805585,0.1982127755882423,0.19201075560902983,0.8265503069867972,0.8043740083422812,0.8153338094712226,0.8004982292223355,0.046779595311868066,0.04213420279552364,0.09483585284429237,0.08672206255889109,0.14988438503610468,0.14180316434793694,28
nfw_d_rel,50,5,True,clean_experiments/fire_sims_v2/results_nfw_LOSSunrho/checkpoints/IV_nfw_LOSSunrho_n50_t5.pkl,0.18460957391926003,0.7141853548721868,0.1838948267060343,0.18546445914281212,0.7322837432049036,0.7552102576489372,0.732649188492043,0.7557640490433202,0.06774464107520779,0.06979166309848636,0.11549279291217361,0.11089011338374172,0.12116998690261598,0.10696520150631711,0.030010817376541057,0.030056875960711497,0.030099953525992297,0.030009819194674492,0.07679837965464684,0.0,0.1354413324428792,0.0,0.12285686892287426,0.0,-1.9118968875060978,-5.51008926587678,-3.105897144620495,-9.643814999525189,27.524468032676488,66.30044572620848,0.43144254384115144,0.05947214757633239,0.162087114843468,0.7099170255862421,0.16308495723720173,0.16503561799991728,0.7284834160625683,0.7541919979403623,0.7317024057356101,0.7540151245353657,0.0480372218805228,0.044842307176279045,0.09741400407654696,0.08227355970076146,0.1163941293412867,0.1071498290195786,23
nfw_d_rel,200,0,True,clean_experiments/fire_sims_v2/results_nfw_LOSSunrho/checkpoints/IV_nfw_LOSSunrho_n200_t0.pkl,0.11843298317484774,1.1634601219587841,0.12403182300556684,0.10804281214850912,1.2420005770340787,1.0546809536520243,1.3424412928042018,1.0809754413826833,0.05579464976440031,0.05229626913360947,0.08317340670411086,0.08141351222232238,0.16996620216744246,0.12932913646098082,0.04009589049834631,0.03257990782803721,0.041858487042737806,0.040340110659599304,0.11889584428177948,0.0,0.1876094919387427,0.0,0.26041363855048866,0.0,31.050407332902616,89.48731349696398,5.02757985344179,15.610642511427008,77.34184500212926,186.29965130809722,0.24019993733585843,0.033110332592335846,0.11680129322623627,1.1699537660695472,0.1221180245672229,0.103438574922829,1.2480174172882665,1.0659420117720568,1.3500162888683647,1.0896172095394365,0.036553227149023516,0.03292826112323875,0.07993146929400227,0.07385614605431959,0.17335098694469883,0.13875817309455213,1339
nfw_d_rel,200,1,True,clean_experiments/fire_sims_v2/results_nfw_LOSSunrho/checkpoints/IV_nfw_LOSSunrho_n200_t1.pkl,0.15101666209030243,0.9646616549660143,0.15146852346411505,0.10858796677171567,0.9994479151115471,0.7954930605578308,1.0559585348446971,0.8031198850851623,0.059760491633674265,0.059691956228514274,0.0767213024391186,0.06997077152676588,0.18839585047464003,0.1566272506749954,0.032857720192659284,0.03199888609614334,0.030691391726360574,0.03292447701096535,0.0846388685717959,0.0,0.15227475704184157,0.0,0.26833261064270947,0.0,7.392991195846698,21.306610046367556,3.1545448938230867,9.794866329175807,30.03021415653804,72.33624211985763,0.3337842746814989,0.04601045475437829,0.14358375977110416,0.9584087936544352,0.14401667045886624,0.10425103787388154,0.9937061451214191,0.7906309907834854,1.0489466131151377,0.7951433506405117,0.036781368040610225,0.03413388387534354,0.07493687217143588,0.07008828805791718,0.1850062471457001,0.15541972940787332,205
nfw_d_rel,200,2,True,clean_experiments/fire_sims_v2/results_nfw_LOSSunrho/checkpoints/IV_nfw_LOSSunrho_n200_t2.pkl,0.13891639879616935,0.7838532666393153,0.141020219653414,0.12279705369683161,0.8348341244481365,0.758870273758538,0.8293802883726533,0.7454126618659201,0.039971771863931735,0.03748917119322524,0.06281887146500205,0.0584810275921281,0.12267764172934151,0.08649784467351071,0.03979088439648264,0.03799549666285396,0.033319406807909596,0.039919257164001465,0.12404461319826958,0.0,0.15352123441652893,0.0,0.16538228766692964,0.0,30.0535177915691,86.61427656863272,22.485768863806175,69.81834392688057,41.16432520979893,99.1558894503684,0.1055146694527958,0.014544657412077102,0.13298997942970525,0.7813543687929634,0.13498156638605263,0.11787226662014161,0.8323566527732871,0.7572766009472336,0.8272115471271777,0.744278614884652,0.03959735065897269,0.034737787244468146,0.05883332143834488,0.05343106965786127,0.11625365390688948,0.07975684758898838,189
nfw_d_rel,200,3,True,clean_experiments/fire_sims_v2/results_nfw_LOSSunrho/checkpoints/IV_nfw_LOSSunrho_n200_t3.pkl,0.11417050765258008,0.8653374109373795,0.11749963325378193,0.08942681644389638,0.9190593318605809,0.8457612063914919,0.9130019664495074,0.8464925208395304,0.03404842858326146,0.02835550483797253,0.05871800861177118,0.05024280289232623,0.09741772992992706,0.06775723364906336,0.03214941898159172,0.03279161485124104,0.03374134706449245,0.032101187855005264,0.07560119794128123,0.0,0.1456610473790788,0.0,0.14182503649987757,0.0,5.077961873112955,14.634692588504931,5.710058036082306,17.729738227779674,42.95195942377985,103.46191073447278,0.1484865719918911,0.02046811434955933,0.11951310014634894,0.8683085458405456,0.12280316864855798,0.09463217751562314,0.9218448654366769,0.8460250691618552,0.9154204994078082,0.8474294389540274,0.03419524875198028,0.03114883674425324,0.062300128032532334,0.056799657071532436,0.10042084498385079,0.06869326189364469,91
nfw_d_rel,200,4,True,clean_experiments/fire_sims_v2/results_nfw_LOSSunrho/checkpoints/IV_nfw_LOSSunrho_n200_t4.pkl,0.13813698037096636,0.9679947363227959,0.1398717052345243,0.12838297104098434,1.0087256470679744,0.850027541067425,1.0428715911388116,0.8422405790698021,0.03390230484334859,0.030654144004086867,0.06225108918920193,0.056620400388872734,0.11328928529699275,0.09675475162254049,0.035593605757257,0.031312024406531684,0.02461622360665312,0.03593583032488823,0.09498785627790116,0.0,0.1515056030549109,0.0,0.1517816262645268,0.0,16.335027728780823,47.07757072797024,0.9403145364284796,2.919677957264908,4.29155040724814,10.337409773705845,0.11737980688944052,0.01618020591029244,0.136185954228645,0.9677655678865481,0.1377481946475768,0.1268094231698914,1.0083843754640471,0.8490344542357864,1.0422942104255184,0.8418615089271522,0.031190433348187184,0.027554839869178428,0.05674482780857018,0.05178095098900618,0.11102550656422917,0.09549482526130576,260
nfw_d_rel,200,5,True,clean_experiments/fire_sims_v2/results_nfw_LOSSunrho/checkpoints/IV_nfw_LOSSunrho_n200_t5.pkl,0.14068148386089446,0.9807258812175759,0.14458897776525564,0.12103579583684226,1.0322570906494437,0.792683333737779,1.0528143442610793,0.8084730140492682,0.03358248344100781,0.03267817833589169,0.07247176810608844,0.06948149319959201,0.16862023386936711,0.13748134284107816,0.03742247996253931,0.03617614527371126,0.03300824340870509,0.037510886788368225,0.11324631759328849,0.0,0.14163691744887794,0.0,0.17392125803611336,0.0,22.31256574038253,64.30484289381388,16.62074081298351,51.60742358551471,39.846019288810446,95.98037775432864,0.15942832846378296,0.021976379505441193,0.14063402397705632,0.9813602437911819,0.1442059009046317,0.11934204023522443,1.032576279337408,0.7939243329284975,1.0524367606720955,0.8079463358799144,0.03341194997602355,0.029298038265280033,0.06855219709202004,0.06445299244530486,0.17147793679275009,0.13998888395704917,345
nfw_d_rel,500,0,False,clean_experiments/fire_sims_v2/results_nfw_LOSSunrho/checkpoints/IV_nfw_LOSSunrho_n500_t0.pkl,0.16896817972627687,0.8616249350547371,0.1740940696003178,0.138966560646409,0.8868675994057429,0.7471978000565374,0.871117627905869,0.7406326533391567,0.059210232700505516,0.053187548312694066,0.07822445935877448,0.06338890772653574,0.17750308714907498,0.14202189534101223,0.05670666301406119,0.034412432359964044,0.01969520978040206,0.059250690042972565,0.28133512672776667,0.0,0.22300199062668744,0.0,0.26441219595394994,0.007246376811594203,85.34147001396212,245.9542253198927,10.93507405588722,33.95342031326964,-16.55730804139373,-39.88294712425701,0.24812737971170032,0.03420308997013521,0.16534134534710962,0.863373417947831,0.17043638799133726,0.14025508991676383,0.8885164711458331,0.7479549805812513,0.8738196189829684,0.740719361758401,0.035269222178856835,0.02942391531821899,0.06630484531375208,0.053577704756954475,0.17157243333288885,0.14144775543297272,1499
nfw_d_rel,500,1,False,clean_experiments/fire_sims_v2/results_nfw_LOSSunrho/checkpoints/IV_nfw_LOSSunrho_n500_t1.pkl,0.16536342526886633,0.8748420030398921,0.17032768187886788,0.15282169091333314,0.950278340037032,0.8446067141279401,1.029302220768564,0.8607657684230541,0.058509547707386096,0.05828863401801057,0.08176503944634199,0.07374232459974558,0.17079679194881667,0.15033128481706953,0.0424892448386261,0.034120479240537155,0.027563722975252714,0.04326267167925835,0.15487555902213815,0.0,0.16511177308256494,0.0,0.20614083688297657,0.011674718196457327,38.87290627948601,112.03176542822116,9.993907195443207,31.031095888738506,16.77922048563314,40.41748584623341,0.4409484502919243,0.06078248815205299,0.16485474819412466,0.8665007305691301,0.17051771574162722,0.15663017751618485,0.942793869755874,0.8410647182777581,1.018312274646437,0.8555591166278822,0.03531433280468718,0.030007863016205512,0.07825860812482058,0.06745881689733887,0.18447394875794892,0.161142436019978,1499
nfw_d_rel,500,2,True,clean_experiments/fire_sims_v2/results_nfw_LOSSunrho/checkpoints/IV_nfw_LOSSunrho_n500_t2.pkl,0.12269153764261546,0.7403421540764697,0.12756594966919893,0.12015537613500844,0.7886306981105449,0.68697674212885,0.7888636282459207,0.6813251096238422,0.06983426120254962,0.06653752437810298,0.084685135261261,0.07981833721800463,0.13658572483093687,0.13105277339766935,0.037720601832691214,0.03681580214996242,0.03444277892329595,0.03778631240129471,0.11385021816108125,0.0,0.14326656096013224,0.0,0.15117235859943223,0.0,23.286954687296316,67.11303308035787,18.6827974033173,58.01011219681468,45.92371566180343,110.6202239464373,0.4760198587770586,0.06561690240005001,0.11708347763676027,0.7447481502403517,0.12140698390654257,0.11183843780587052,0.7927789406517965,0.6898187884549984,0.7920551553907973,0.6847168005636511,0.03213526464455589,0.028228604305350853,0.06644877744323292,0.06457274368447474,0.12123976488834823,0.10881468166387126,66
nfw_d_rel,500,3,False,clean_experiments/fire_sims_v2/results_nfw_LOSSunrho/checkpoints/IV_nfw_LOSSunrho_n500_t3.pkl,0.1562939885123435,0.9875286669648773,0.16010369893089293,0.11096081289759602,1.0630560084123506,0.7516605608086175,1.0826645722904567,0.7528646600453808,0.04744072763163578,0.04239661564908288,0.05773524780893201,0.054361517387440605,0.11261730511048407,0.0761687958274582,0.0481262283667902,0.03656572079485773,0.021668889834921608,0.048897478729486465,0.19795351436534486,0.0,0.18307356170252062,0.0,0.20593916938891865,0.0,57.296963665746965,165.12992229083085,17.876612203784248,55.5069060191349,-8.195418086913753,-19.74097633530812,0.12213229984206543,0.01683531275190714,0.15612473368692864,0.9881700222787777,0.16019003434137247,0.1110410241442471,1.0640396843211295,0.7530988453974727,1.084152306060104,0.7540101320482986,0.03812612668278682,0.03240111692502126,0.05546889139266595,0.050845957303985154,0.11745300458873684,0.08034113433975343,1499
nfw_d_rel,500,4,False,clean_experiments/fire_sims_v2/results_nfw_LOSSunrho/checkpoints/IV_nfw_LOSSunrho_n500_t4.pkl,0.11646853453751592,0.9106817486898369,0.12098990945379293,0.09711972718695665,1.0095842978330354,0.7555512007262744,1.0635584967700016,0.759032939401062,0.04244525019741299,0.03974820075344808,0.06215564512289264,0.05904013258782791,0.13396540496651696,0.104653227564174,0.03740419318388426,0.03186089592742236,0.01811009369930497,0.0372912622988224,0.10430239212678408,0.0,0.15267421743516213,0.0,0.17242713537264612,0.0,22.252796777484704,64.13258866658646,2.7097071262999832,8.413644435777025,-23.272969075135595,-56.05951116737028,0.30867722894842076,0.042549576937949724,0.11246501323184763,0.9100821874224354,0.118398954882426,0.09022214042354093,1.009547370477192,0.7564084631400669,1.0614524726250978,0.7599500365607091,0.030869678163465843,0.028102686706670335,0.0527447092561199,0.04770954617852087,0.13998733362771917,0.1119362768561776,1499
nfw_d_rel,500,5,True,clean_experiments/fire_sims_v2/results_nfw_LOSSunrho/checkpoints/IV_nfw_LOSSunrho_n500_t5.pkl,0.12295824774208669,0.8745774367364695,0.12462841330678882,0.10942622900713132,0.9704274074266155,0.7125256672921618,1.0310479922916367,0.712425139897922,0.03662509156705192,0.032815325300015484,0.06511383472060502,0.06036707608451071,0.16897454839024317,0.12786738783320403,0.04601537966154386,0.02907533289331982,0.01931242581531001,0.04778400808572769,0.18434056282439565,0.0,0.18757309966919097,0.0,0.22081898397908828,0.0,50.39781317420041,145.24656178349395,-6.2700894263849145,-19.46863648181869,-18.17904880181216,-43.78936722801538,0.04320649348129027,0.005955794098787827,0.12266934015705339,0.8735009097672294,0.124290501768869,0.10873745442186464,0.9693383252217971,0.7111819028223691,1.0297183599073738,0.7111963070493484,0.03707700631499618,0.03287805207107031,0.06500049166347635,0.06048096956206806,0.16925272013193915,0.12919698825725406,669
nfw_d_rel,1000,0,False,clean_experiments/fire_sims_v2/results_nfw_LOSSunrho_large/checkpoints/IV_nfw_LOSSunrho_n1000_t0.pkl,0.10195680109171672,0.9262041869668767,0.10507088054699809,0.09020272275449526,0.946267807871449,0.8056356126714759,0.9540477893626224,0.8117827329710654,0.03695334958560455,0.03520929363515174,0.05947449481571308,0.05658483688041285,0.11942635781361143,0.0994469717459556,0.0390577573594896,0.034575981771636885,0.02692022083512884,0.03858353570103645,0.11073880484752024,0.0,0.16328300254212763,0.0,0.20219494271969787,0.0,27.657347120944802,79.70850964276153,11.462306943871958,35.59047917151186,14.052895076980182,33.85036202121387,0.20732369104452653,0.02857851022315889,0.10291984600198142,0.9231937505796969,0.10658952710426736,0.08868659482355282,0.9434318457441504,0.803471831827392,0.9497645041978783,0.8065280992446414,0.03513931040982019,0.02872971232184674,0.05468953191060019,0.05071854985946514,0.12493378121919947,0.09616338035710814,2499
nfw_d_rel,1000,1,True,clean_experiments/fire_sims_v2/results_nfw_LOSSunrho_large/checkpoints/IV_nfw_LOSSunrho_n1000_t1.pkl,0.0834958315520918,0.832138539449342,0.08514914482335645,0.07416686289347545,0.8620498448743511,0.7403214237742882,0.8676966499695903,0.7316976092768881,0.03411497449159153,0.02925626600482998,0.048080536311818245,0.04359281342250912,0.07364323479126769,0.06439604906182309,0.03993976514044551,0.02812996850285988,0.025446175739411245,0.04164772108197212,0.1340150955160122,0.0,0.156759301363978,0.0,0.17787832610627222,0.0,30.54012332390327,88.0166743328386,-9.317652806051274,-28.93132505917054,7.807808468283672,18.80730922674024,0.09196402599778478,0.012676770531622888,0.08356635023190974,0.8324089373800966,0.08534234821331044,0.07323661903264103,0.8623517285124118,0.740106311590639,0.8679506736211288,0.7314336341036243,0.029880310221047677,0.025133478579146964,0.0458019755532558,0.03957164165196371,0.07223105499684107,0.06370502926896943,937
nfw_d_rel,1000,2,False,clean_experiments/fire_sims_v2/results_nfw_LOSSunrho_large/checkpoints/IV_nfw_LOSSunrho_n1000_t2.pkl,0.12444817531791724,0.822660345340771,0.13451171121674685,0.10747509463813769,0.8641472176908926,0.7670370352515201,0.9049130210380616,0.7806732690440343,0.038595675952930585,0.03404732179293456,0.05263233203901816,0.04786260594482733,0.145880442276002,0.11880669999031268,0.03593841483911196,0.03292700110987008,0.026323543123084325,0.0323004387319088,0.08059557722902513,0.0,0.15108351290884753,0.0,0.2177275391039099,0.10628019323671498,17.46201032144928,50.32553599600964,6.1465016001424795,19.084896107627632,11.52495071488261,27.76109490879779,0.1005912458085252,0.013865988649033947,0.12404919479896942,0.8217835725783608,0.1342074811722601,0.10925483431420191,0.8631925249351489,0.7665646483501793,0.903460605917715,0.780702498709082,0.03874489682944661,0.03368236054573603,0.05312166734043805,0.04693329119021135,0.14755713698480852,0.12456461789569459,2499
nfw_d_rel,1000,3,False,clean_experiments/fire_sims_v2/results_nfw_LOSSunrho_large/checkpoints/IV_nfw_LOSSunrho_n1000_t3.pkl,0.13127421853190224,0.8879821151319358,0.13824203244970684,0.11922989900635955,0.9075009397220883,0.8228685207110389,0.9236838100917901,0.8323045015696366,0.035696790780041995,0.030850580328136396,0.07370288680047818,0.0638588388541381,0.17334944786029835,0.1412448761268612,0.04027906642245137,0.030073167881449817,0.034874950583839784,0.04078942909836769,0.16034726965961923,0.0,0.1665764946824565,0.013709677419354839,0.2421397392011046,0.02999194847020934,31.64910408634019,91.2127583032133,-3.0533770142585115,-9.48073992093182,47.75469726322218,115.03065964119558,0.1125869762388376,0.015519538723363438,0.12924996836754632,0.8867315161089977,0.13605016167069942,0.11677025301147437,0.9059589086193147,0.822325049779767,0.921791082671126,0.8298397373697379,0.03457071149695614,0.031951229576457754,0.0719209538212477,0.0621379449334937,0.17283495966927115,0.13849933189088537,2499
nfw_d_rel,1000,4,True,clean_experiments/fire_sims_v2/results_nfw_LOSSunrho_large/checkpoints/IV_nfw_LOSSunrho_n1000_t4.pkl,0.16306425944656475,0.8642544689269858,0.16810959015724616,0.14836499624537441,0.9059372411653075,0.794448793055836,0.8929380873729784,0.8004804926637943,0.0265655678947054,0.022605444555721135,0.06282210495432418,0.05808200027577147,0.14857769812101407,0.12919805265542145,0.03246603964588217,0.03222653002952544,0.029405878962692953,0.026735952123999596,0.08845812102879541,0.0,0.16975175728680875,0.0,0.25937753629112875,0.12761674718196458,6.1128127396123375,17.61713410433345,3.8883987622144796,12.073483621995797,24.583882447275883,59.217215824120316,0.08231416300746511,0.011346586283351402,0.16320879530123272,0.862987239116915,0.1681812977050604,0.14783896797748367,0.9048358601913526,0.7931544200388428,0.8918061893658837,0.7996355781613022,0.024257869568614334,0.02013961342395408,0.0634528465299676,0.05813567586112213,0.14938865279250363,0.12912106157039943,2110
nfw_d_rel,1000,5,False,clean_experiments/fire_sims_v2/results_nfw_LOSSunrho_large/checkpoints/IV_nfw_LOSSunrho_n1000_t5.pkl,0.11130922303925542,0.7447121904936453,0.11641339902218575,0.09504350351703097,0.789524454926962,0.7214920295006898,0.7930453379398501,0.7173511766098739,0.04399050867706228,0.03957863646344498,0.05449458878145575,0.048429941071874816,0.10802431063132115,0.08695239720631551,0.04484748521890313,0.03340245623589815,0.022548661192180252,0.045762091875076294,0.1700586522639631,0.0,0.17039155706306375,0.0,0.20491486736274966,0.006239935587761675,46.580637884473056,134.24545773476444,7.679222364093448,23.84399623400356,-4.468090925829847,-10.762657413616836,0.13095356766079183,0.018051279394544966,0.10878444449266497,0.7436167730075893,0.11370876624971799,0.09237480860702585,0.7888430490365841,0.7208212327740414,0.7926262965365332,0.7166298181525524,0.03751406104083432,0.03326492545808679,0.05179182964695496,0.04668362877841718,0.10626746974830031,0.08362225613155974,2499
nfw_d_rel,2000,0,False,clean_experiments/fire_sims_v2/results_nfw_LOSSunrho_large/checkpoints/IV_nfw_LOSSunrho_n2000_t0.pkl,0.09766575877360328,0.9000347593679592,0.09943619084903715,0.0854850564775629,0.9162566289289987,0.7671856604102583,0.9555877791476468,0.7961378631248104,0.03136837043272428,0.025070975756140666,0.04709167498876901,0.04389145387306151,0.09640950083828224,0.0811211294491356,0.045047250017318984,0.03298974836479643,0.027581467905355383,0.04519820958375931,0.16664470333188058,0.0,0.15883963414299154,0.0,0.19525472359220652,0.0,47.233554127953234,136.12716318040145,6.348779407745414,19.712968984545327,16.854400428009654,40.59857794520935,0.07669492576638588,0.010572003175499787,0.09734608337745154,0.900842254338056,0.09893312664785087,0.0853326824243349,0.9169920140372378,0.7683161175098947,0.9565644353909839,0.7966511771336899,0.031077797550331267,0.02509823268223895,0.044938222699706584,0.041680303773835664,0.09599324775408291,0.08166620323268756,2499
nfw_d_rel,2000,1,False,clean_experiments/fire_sims_v2/results_nfw_LOSSunrho_large/checkpoints/IV_nfw_LOSSunrho_n2000_t1.pkl,0.08840287631164817,0.9242744585942839,0.09365647010344351,0.0849617408762484,0.9976180446467224,0.8330800393824304,1.023763013891938,0.8313235144061495,0.03602040946089813,0.035479835452564126,0.056862494766749254,0.05066702025109346,0.10248026151639573,0.09383007381920437,0.038369472677971785,0.034312221231672005,0.027109165773246457,0.03940631449222565,0.1308168379151103,0.0,0.17640798341829628,0.0016129032258064516,0.1982965081998511,0.05837359098228664,25.407740322022914,73.22513998188418,10.612024269053927,32.950350271091224,14.853398064471818,35.77859928316018,0.18416139599382492,0.025385706339708183,0.08546761034401584,0.9213037457217246,0.09047155671447685,0.0820009690475107,0.9952895082445461,0.832165193529262,1.0214635449709748,0.8297274528101894,0.021338781114125613,0.018408536908214205,0.04772726622727906,0.038772220975215474,0.09705431549424091,0.08934096356360452,2499
nfw_d_rel,2000,2,False,clean_experiments/fire_sims_v2/results_nfw_LOSSunrho_large/checkpoints/IV_nfw_LOSSunrho_n2000_t2.pkl,0.10855275488391938,0.7837646535550267,0.11027400285162509,0.08613803296550115,0.8192999730742625,0.7045412968918887,0.8133013286571525,0.692131747819583,0.045403433639330075,0.045762187214457975,0.055473831012435124,0.052373960512130495,0.09626391745447402,0.08072687727419442,0.03862574077687346,0.03199842182159439,0.023748874440757923,0.03689581900835037,0.11562247536483282,0.0,0.15243162388772255,0.0,0.18782097308717313,0.03542673107890499,26.245333360363794,75.63908418561962,3.153048215793139,9.790219141789171,0.6168523422210037,1.4858628761855237,0.31311401240267867,0.04316116484026147,0.1090026807155269,0.7787258809107341,0.1111951244946992,0.08752188764859564,0.8149104715840272,0.7035420103959165,0.8080158082473723,0.6899072117133607,0.027845476103130606,0.024636989905569586,0.04576817834955946,0.04154465580035955,0.09731786407626858,0.08618158053645873,2499
nfw_d_rel,2000,3,False,clean_experiments/fire_sims_v2/results_nfw_LOSSunrho_large/checkpoints/IV_nfw_LOSSunrho_n2000_t3.pkl,0.10291139843975133,0.7960426933836511,0.10618431465279746,0.09168002900770686,0.8331904272635994,0.7605196987541317,0.8679587053891207,0.7840272114945102,0.041531500590186204,0.03965066483234649,0.051275290772793594,0.04549240516279754,0.1107733567634539,0.09204345786140077,0.0365461713998273,0.03130094005402927,0.026550784172551908,0.03498990461230278,0.09377514910849169,0.0,0.14141371269278616,0.0,0.2262356850627671,0.05173107890499195,19.44841700430556,56.05036258702387,0.9045820007897878,2.808728383883079,12.48770283087895,30.080154966148537,0.29074956572548716,0.04007834027361731,0.10014821638285493,0.790942819651364,0.10347243315906027,0.09408652035832527,0.8280785520677619,0.7578205199832035,0.8613888443396291,0.7819142488329377,0.02890678885125248,0.025153897400662834,0.04276070515883982,0.038046280672275806,0.10512842685642332,0.09338355946771357,2499
nfw_d_rel,2000,4,True,clean_experiments/fire_sims_v2/results_nfw_LOSSunrho_large/checkpoints/IV_nfw_LOSSunrho_n2000_t4.pkl,0.14318469036802067,0.8203656478273481,0.15219543254306056,0.13956327048535488,0.8336186168252293,0.745394123419632,0.860461474643738,0.7426442045586474,0.04881225943665858,0.0492935590964671,0.07887551744621951,0.07522327820810275,0.15327393437274311,0.13928180843819732,0.040043315431634675,0.02883264002803072,0.02684214087580098,0.038799285888671875,0.12007337696946219,0.0,0.22092051943552005,0.0064516129032258064,0.2614149366500472,0.06763285024154589,30.878569675165632,88.99207714841538,-7.052456412306101,-21.897887072756063,13.722093726449863,33.05353365159908,0.33952285765040463,0.04680148906028449,0.13672986591363423,0.8127921117805821,0.14531262922057256,0.13031692991350086,0.8267674536074392,0.7417322328713891,0.8520853221443898,0.7370755913869342,0.03184605311226315,0.025544610533473386,0.06654367538615256,0.063129124926734,0.14373892010900322,0.13047702915487425,2330
nfw_d_rel,2000,5,False,clean_experiments/fire_sims_v2/results_nfw_LOSSunrho_large/checkpoints/IV_nfw_LOSSunrho_n2000_t5.pkl,0.07273942640228394,0.798768078053967,0.07401759148476883,0.06497710032863618,0.8524306243044586,0.7162725222143583,0.8390146141444436,0.7090519967507007,0.034074731152638094,0.02824405779043144,0.04011495498197594,0.03315057260649436,0.06787978446416662,0.057756804199576905,0.0432535295241628,0.03207007767334545,0.02075016959022084,0.04426736757159233,0.1557863832684293,0.0,0.16031261817737963,0.0,0.1728261719322448,0.0,41.370913384778135,119.23102508856208,3.3840445934217644,10.507463219001881,-12.087759992862043,-29.116779819568123,0.1236943056594287,0.017050627263216715,0.07210573232583664,0.798027337941653,0.07355070607285832,0.06261799201917032,0.851764573161579,0.7172682419534654,0.8390738853469588,0.7102085470755175,0.03331437702164305,0.027366059861136875,0.03889093306058493,0.03284207123680251,0.06797977264733693,0.05603943696495324,2499
